file,totalPages,testedPage,section,records,warnings,lowConfidence,classifications,applications,firstTitle,warningBreakdown,error
20050925_39-2005_1_bd1538aad057cb65.pdf,128,25,applicationPublication,1,0,0,1,"[""112/CHE/2009 A""]",METHOD AND APPARATUS FOR CHECKOUT TRANSITION IN AN E-COMMERCE APPLICATION,{},""""""
20070105_1-2007_1_7c2ba9f1672f64b7.pdf,399,25,applicationPublication,1,1,0,1,"[""00813/DELNP/2003 A""]","'DIMETHYL TEREPHTHALATE COMPOSITION AND METHOD FOR PRODUCING SAME""","{""Missing or malformed page/claim counts"":1}",""""""
20070112_2-2007_1_8ff1b28306df67d5.pdf,593,25,applicationPublication,1,1,0,1,"[""IN/PCT/2001/00721/MUM A""]",SKIN LIGHTENING COMPOSITION,"{""Missing or malformed page/claim counts"":1}",""""""
20070119_3-2007_1_a5b2af9a4bc9875d.pdf,355,25,applicationPublication,1,1,0,1,"[""IN/PCT/2000/00673/MUM A""]",RADIAL TYRE REINFORCED TYRE BEAD,"{""Missing or malformed page/claim counts"":1}",""""""
20070126_4-2007_1_8afc49230a29bd50.pdf,319,25,applicationPublication,1,1,0,1,"[""2031/MUM/2006 A""]",A DEVICE FOR CONTROLLING OVERSPEEDING OF AUTOMOBILES,"{""Missing or malformed page/claim counts"":1}",""""""
20070202_5-2007_1_aac267466cc27ab1.pdf,342,25,applicationPublication,1,1,0,1,"[""44/MUM/2007 A""]",A NEW CONCEPT IN MICRO-BEAD AGITATOR MILLING THE MULTI-ROTOR MILL,"{""Missing or malformed page/claim counts"":1}",""""""
20070209_6-2007_1_f8c403b8dd5238ce.pdf,412,25,applicationPublication,1,1,0,1,"[""131/MAS/2002 A""]",A RAIN GUARD FOR USE ON A LATEX BEARING TREE,"{""Missing or malformed page/claim counts"":1}",""""""
20070216_7-2007_1_957e99ff9922c13e.pdf,167,25,applicationPublication,1,1,0,1,"[""450/MUMNP/2006 A""]",METHOD AND APPARATUS FOR FEEDBACK REPORTING IN A WIRELESS COMMUNICATIONS SYSTEM,"{""Missing or malformed page/claim counts"":1}",""""""
20070223_8-2007_1_5c7cf3e4125c4a7d.pdf,573,25,applicationPublication,1,1,0,1,"[""IN/PCT/2000/596/CHE A""]",IMMERSION SENSOR FOR MONITORING OF ALUMINIUM ELECTROLYSIS CELLS,"{""Missing or malformed page/claim counts"":1}",""""""
20070302_9-2007_1_4065d7a4e2d3d2c5.pdf,860,25,applicationPublication,1,1,0,1,"[""172/MUM/2006 A""]",DEVICE TO SAVE WASTAGE OF WATER FROM TAPS LEFT INADVERTENTLY OPEN DURING WATER OUTAGES,"{""Missing or malformed page/claim counts"":1}",""""""
20070309_10-2007_1_d31a57f0247498c6.pdf,884,25,applicationPublication,1,1,0,1,"[""00022/DEL/2000 A""]","'METHODS AND APPARATUS FOR WATER INJECTION IN A TURBINE ENGINE""","{""Missing or malformed page/claim counts"":1}",""""""
20070316_11-2007_1_48e416a156ee3314.pdf,1121,25,frontMatter,0,0,0,0,[],"""""",{},""""""
20070323_12-2007_1_b55ea705cc181346.pdf,303,25,applicationPublication,1,0,0,2,"[""1195/MUMNP/2005 A""]","PHARMACEUTICAL COMBINATIONS COMPRISING LAMIVUDINE,ZIDOVUDINE AND EFAVIRENZ FOR TREATING VIRAL INFECTIONS",{},""""""
20070330_13-2007_1_af085fb6c295bfae.pdf,631,25,applicationPublication,1,0,0,2,"[""251/KOL/2007 A""]",PRATIK AERO ELECTRICAL SUPER GENERATOR,{},""""""
20070406_14-2007_1_9369446a491afd12.pdf,693,25,applicationPublication,1,0,0,1,"[""682/DEL/2007 A""]",A PROCESS FOR MAKING TYRO-BELT FOR RIMS OF VEHICLES,{},""""""
20070413_15-2007_1_079724309de07c3e.pdf,1020,25,applicationPublication,1,0,0,1,"[""1005/MUMNP/2006 A""]",METHOD AND APPARATUS FOR PERFORMING POSITION DETERMINATION WITH A SHORT CIRCUIT CALL FLOW,{},""""""
20070420_16-2007_1_d8b084191e89d5ff.pdf,979,25,applicationPublication,1,0,0,1,"[""508/MUMNP/2006 A""]",RED BLEACHING COMPOSITIONS,{},""""""
20070427_17-2007_1_f0d05f1cf44236a3.pdf,1757,25,applicationPublication,1,1,0,1,"[""1292/KOL/2006 A""]",ORGANO-REFINING PROCESS TO PRODUCE LOW ASH(<4%)CLEAN COAL WITH MAXIMUM POSSIBLE YIELD,"{""Missing or malformed page/claim counts"":1}",""""""
20070504_18-2007_1_0616a80935443750.pdf,606,25,applicationPublication,1,1,0,1,"[""922/KOL/2006 A""]",CLEANING MACHINE OF COMPONENTS IN MANUFACTURING FLOORS.,"{""Missing or malformed page/claim counts"":1}",""""""
20070511_19-2007_1_2001cd3e3640abf0.pdf,759,25,applicationPublication,1,0,0,1,"[""793/CHE/2007 A""]",COMPATIBLE DRAFTER MACHINE,{},""""""
20070518_20-2007_1_69769deb6f6a0cae.pdf,946,25,frontMatter,0,0,0,0,[],"""""",{},""""""
20070525_21-2007_1_b4f7ccb72599320e.pdf,968,25,applicationPublication,1,0,0,1,"[""913/MUM/2007 A""]",DUST SEPERATOR,{},""""""
20070601_22-2007_1_60cf4297214fb49a.pdf,856,25,applicationPublication,1,0,0,1,"[""2092/MUM/2006 A""]","A PROCESS FOR PREPARING 2-[(2,6-DICHLOROPHENYL) AMINO] BENZENEACETIC ACID CARBOXYMETHYL ESTER",{},""""""
20070608_23-2007_1_205f153792718669.pdf,997,25,applicationPublication,1,1,0,1,"[""933/MUM/2007 A""]",DESIGN AND DEVELOPMENT OF LOW ENERGY ULTRASONIC DYEING MACHINE,"{""Missing or malformed page/claim counts"":1}",""""""
20070608_23-2007_2_804e09fa13387658.pdf,1316,25,applicationPublication,1,1,0,1,"[""2520/CHENP/2006 A""]","BLOCK CIPHERING SYSTEM, USING PERMUTATIONS TO HIDE THE CORE CIPHERING FUNCTION OF EACH ENCRYPTION ROUND","{""Missing or malformed page/claim counts"":1}",""""""
20070615_24-2007_1_256ae7d70e0e2bd4.pdf,1911,25,applicationPublication,1,1,0,1,"[""1032/CHENP/2005 A""]",ARRANGEMENT FOR THE PRODUCTION OF A THREE-DIMENSIONAL PRODUCT,"{""Missing or malformed page/claim counts"":1}",""""""
20070622_25-2007_1_f535815ce418e105.pdf,1253,25,applicationPublication,1,1,0,1,"[""2951/CHENP/2005 A""]",PYRIMIDINE COMPOUNDS AND PESTS CONTROLLING COMPOSITION CONTAINING THE SAME,"{""Missing or malformed page/claim counts"":1}",""""""
20070622_25-2007_2_02dbf12f0e51a9f4.pdf,878,25,applicationPublication,1,1,0,1,"[""2123/DELNP/2006 A""]","""PLUG-IN CONNECTION FOR PIPE AND HOSE LINES WITH REINFORCED MATERIAL CROSS-SECTION""","{""Missing or malformed page/claim counts"":1}",""""""
20070629_26-2007_1_860a916229056227.pdf,1025,25,applicationPublication,1,0,0,1,"[""IN/PCT/2001/1214/CHEA""]",PROCESS FOR PRODUCING CHEESE,{},""""""
20070629_26-2007_2_e8abf329e3204774.pdf,904,25,applicationPublication,1,1,0,1,"[""1091/MUM/2005 A""]",YARN SENSOR,"{""Missing or malformed page/claim counts"":1}",""""""
20070706_27-2007_1_f2dfb8038a9feb8d.pdf,1342,25,applicationPublication,1,1,0,1,"[""1153/CHE/2007 A""]",A CARDING MACHINE FOR PROCESSING FIBER MATERIAL,"{""Missing or malformed page/claim counts"":1}",""""""
20070706_27-2007_2_d0098c74b518a0a8.pdf,578,25,applicationPublication,1,1,0,1,"[""02238/KOLNP/2005 A""]",METHOD FOR FORMING LEAD-ACID BATTERIES AND PLANT FOR IMPLEMENTING SAID METHOD,"{""Missing or malformed page/claim counts"":1}",""""""
20070713_28-2007_1_c86f83c0212f0fb5.pdf,990,25,applicationPublication,1,1,0,1,"[""1235/MUMNP/2006 A""]",IMAGING CATHETER,"{""Missing or malformed page/claim counts"":1}",""""""
20070713_28-2007_2_5616e5366270e349.pdf,578,25,applicationPublication,1,1,0,1,"[""00727/KOLNP/2005 A""]",A SUBSCRIBER DEVICE WITH ADAPTABLE USER INTERFACE AND METHOD THEREOF,"{""Missing or malformed page/claim counts"":1}",""""""
20070720_29-2007_1_faf8ef660da08048.pdf,833,25,applicationPublication,1,1,0,1,"[""1166/MUM/2005 A""]",PROCESS FOR THE PREPARATION OF LAMOTRIGINE,"{""Missing or malformed page/claim counts"":1}",""""""
20070720_29-2007_2_393d020a37d8ba74.pdf,497,25,applicationPublication,1,1,0,4,"[""01180/KOL/2005 A""]",SENSOR HOUSE,"{""Missing or malformed page/claim counts"":1}",""""""
20070727_30-2007_1_74088dfa97c22f91.pdf,1215,25,applicationPublication,1,1,0,1,"[""1004/MAS/2002 A""]",SQUARE COIR BRUSH MAT,"{""Missing or malformed page/claim counts"":1}",""""""
20070727_30-2007_2_8a378cde07c93c81.pdf,532,25,applicationPublication,1,1,0,1,"[""00177/KOLNP/2006 A""]","""METHOD AND DEVICE FOR COLLECTING FRESH WATER""","{""Missing or malformed page/claim counts"":1}",""""""
20070803_31-2007_1_aee5c63bc9a161db.pdf,822,25,applicationPublication,1,1,0,1,"[""695/MUM/2007 A""]",INJECTABLE FORMULATIONS AND PROCESS FOR PREPARATION THEREOF,"{""Missing or malformed page/claim counts"":1}",""""""
20070803_31-2007_2_8b9d302ad5251409.pdf,1493,25,applicationPublication,1,1,0,1,"[""1009/DELNP/2007 A""]",COMINATION THERAPIES EMPLOYING PLATELET AGGREGATION DRUGS,"{""Missing or malformed page/claim counts"":1}",""""""
20070803_31-2007_3_a84c12c8530aedaa.pdf,1464,25,applicationPublication,1,1,0,1,"[""2595/DELNP/2007 A""]","""INTERLEUKIN-9 AND INTERLEUKIN-4 CHIMERIC ANTAGONISTS MUTEINS AND METHODS OF USING SAME""","{""Missing or malformed page/claim counts"":1}",""""""
20070810_32-2007_1_b373ae5ad3852573.pdf,800,25,applicationPublication,1,1,0,1,"[""958/MUM/2007 A""]",COMPOSITION CONTAINING FENTANYL BASE AROMATIC OILS AND ALKYL SALICYLATE FOR THE DELIVERY OF FENTANYL BASE IN VAPOUR FORM,"{""Missing or malformed page/claim counts"":1}",""""""
20070810_32-2007_2_7ef41488262f2153.pdf,797,25,applicationPublication,1,1,0,1,"[""452/DEL/2006 A""]","""METHOD AND METHOD FOR PERFORMING STREAMING CHECKS ON DATA FORMAT FOR UDTS""","{""Missing or malformed page/claim counts"":1}",""""""
20070810_32-2007_3_1c938daee674d647.pdf,1006,25,applicationPublication,1,1,0,1,"[""1229/CHENP/2006 A""]",FASTENING ELEMENT AND ARTICLE EQUIPPED WITH SAME,"{""Missing or malformed page/claim counts"":1}",""""""
20070817_33-2007_1_b154d0d464fc17e7.pdf,1670,25,frontMatter,0,0,0,0,[],"""""",{},""""""
20070817_33-2007_2_fbee4053f1d599ee.pdf,1500,25,applicationPublication,1,1,0,1,"[""3518/DELNP/2005 A""]","""CUSTOM PROSTHETIC LINER MANUFACTURING SYSTEM AND METHOD""","{""Missing or malformed page/claim counts"":1}",""""""
20070817_33-2007_3_1a9aee4c175d7e37.pdf,700,25,applicationPublication,1,1,0,1,"[""4858/DELNP/2005 A""]","""THERMOELECTRIC, HIGH-EFFICIENCY, WATER GENERATING DEVICE""","{""Missing or malformed page/claim counts"":1}",""""""
20070824_34-2007_1_f55bda31c0759370.pdf,1600,25,applicationPublication,1,1,0,1,"[""1000/CHENP/2007 A""]",SEALING OF FLAT-PANEL DEVICE,"{""Missing or malformed page/claim counts"":1}",""""""
20070824_34-2007_2_2735a74b37b6984c.pdf,1000,25,applicationPublication,1,1,0,1,"[""1790/DEL/2005 A""]",METHOD FOR DESIGNING AND/OR PROVIDING AND/OR MANAGING SUBSCRIBER SERVICES IN A TELECOMMUNICATIONS NETWORK,"{""Missing or malformed page/claim counts"":1}",""""""
20070824_34-2007_3_b238066954e5744f.pdf,725,25,applicationPublication,1,1,0,1,"[""3887/DELNP/2005 A""]","""THERAPEUTIC COMPOSITIONS""","{""Missing or malformed page/claim counts"":1}",""""""
20070831_35-2007_1_b655a808f5d56c3c.pdf,2262,25,applicationPublication,1,1,0,3,"[""425/CHE/2007 A""]",SYSTEM AND METHOD FOR MEASURING THE TEMPERATURE OF THE PRODUCTS,"{""Missing or malformed page/claim counts"":1}",""""""
20070831_35-2007_2_d87448201e2275ee.pdf,900,25,applicationPublication,1,1,0,1,"[""3927/DELNP/2007 A""]",NOVEL AMINOPYRIDINE DERIVATIVES HAVING SELECTIVE AURORA-A INHIBITORY EFFECT,"{""Missing or malformed page/claim counts"":1}",""""""
20070831_35-2007_3_12465a8135980bf1.pdf,846,25,applicationPublication,1,1,0,1,"[""4221/DELNP/2005 A""]","""NUCLEIC ACID MISMATCH DETECTION""","{""Missing or malformed page/claim counts"":1}",""""""
20070907_36-2007_1_341e1c5de0a4b50b.pdf,1892,25,applicationPublication,1,1,0,1,"[""1069/CHENP/2005 A""]","""NOVEL POLYMERS FOR USE IN OPTICAL DEVICES""","{""Missing or malformed page/claim counts"":1}",""""""
20070914_37-2007_1_c6270f230ea90817.pdf,731,25,applicationPublication,1,1,0,1,"[""1292/CHE/2006 A""]",INTEGRATED POWDER CONDITIONING SYSTEM,"{""Missing or malformed page/claim counts"":1}",""""""
20070921_38-2007_1_d1bfe824dde4d699.pdf,638,25,applicationPublication,1,1,0,2,"[""1395/MUM/2007 A""]",AN IMPROVED MEDIA FOR ARSENIC REMOVAL FROM WATER,"{""Missing or malformed page/claim counts"":1}",""""""
20070928_39-2007_1_3897b89583b5c2cd.pdf,790,25,applicationPublication,1,1,0,1,"[""1066/CHE/2005 A""]",DATA AND SYSTEM SECURITY WITH FAILWORDS,"{""Missing or malformed page/claim counts"":1}",""""""
20071005_40-2007_1_461637c597ba70d4.pdf,674,25,applicationPublication,1,1,0,1,"[""1037/CHE/2005 A""]",A DRIVERLESS USB FM RADIO,"{""Missing or malformed page/claim counts"":1}",""""""
20071012_41-2007_1_92d6d143948d14b8.pdf,677,25,applicationPublication,1,1,0,1,"[""1522/DEL/1998 A""]","""SURFACTANT COMPOSITIONS""","{""Missing or malformed page/claim counts"":1}",""""""
20071019_42-2007_1_590d49f163dc6181.pdf,173,25,applicationPublication,1,1,0,1,"[""7243/DELNP/2007 A""]","""AN OXINDOLE OXAZOLIDINONE AS ANTIBACTERIAL AGENT""","{""Missing or malformed page/claim counts"":1}",""""""
20071026_43-2007_1_37fe00d69c64b1f3.pdf,495,25,applicationPublication,1,1,0,1,"[""1588/CHENP/2005 A""]",COMPOSITION AND METHODS FOR STABLIZING TRANSTHYRETIN AND INHIBITING TRANSTHYRETIN MISFOLDING,"{""Missing or malformed page/claim counts"":1}",""""""
20071102_44-2007_1_b4e092dc7e728546.pdf,463,25,applicationPublication,1,1,0,1,"[""1056/DEL/2006 A""]",A SOLAR POULTRY HOUSE FOR COMMERCIAL POULTRY PRODUCTION IN COLD ARID ZONES,"{""Missing or malformed page/claim counts"":1}",""""""
20071109_45-2007_1_b5ce9f3c9b0e6394.pdf,698,25,applicationPublication,1,1,0,1,"[""3271/CHENP/2007 A""]","2,3,4.9-TETRAHYDRO-1H-CARBAZOLE DERIVATIVES AS CRTH2 RECEPTOR ANTAGONISTS","{""Missing or malformed page/claim counts"":1}",""""""
20071116_46-2007_1_92132b274759d181.pdf,687,25,applicationPublication,1,1,0,2,"[""1931/MUM/2007 A""]",A METHOD OF MANUFACTURING POLYPROPYLENE FILM FOIL CAPACITORS WITH POLYDIMETHYLSILOXANE POLYMER FLUID IMPREGNATION,"{""Missing or malformed page/claim counts"":1}",""""""
20071123_47-2007_1_a079cfeb15e52ac5.pdf,836,25,applicationPublication,1,1,0,1,"[""1986/MUM/2007 A""]",FLOUR BASED INSECTICIDES,"{""Missing or malformed page/claim counts"":1}",""""""
20071130_48-2007_1_7034cc787ee0f3c7.pdf,507,25,applicationPublication,1,1,0,1,"[""1923/MUM/2007 A""]",MANUALLY OPERATED HYDRAULIC DEVICE TO LIFT IMPLEMENT ATTACHMENTS IN VEHICLES ALONG WITH SIMPLE SELF LEVELING MECHANISM,"{""Missing or malformed page/claim counts"":1}",""""""
20071207_49-2007_1_8d2bfa8725d06f91.pdf,834,25,applicationPublication,1,1,0,1,"[""1379/MUMNP/2007 A""]",HAIR AND/OR SCALP CARE COMPOSITIONS INCORPORATING TERPENOID COMPOUNDS,"{""Missing or malformed page/claim counts"":1}",""""""
20071214_50-2007_1_f9e3957fd58e784c.pdf,578,25,applicationPublication,1,1,0,2,"[""2178/MUM/2007 A""]",NOVEL TWIN CYLINDER TURBOCHARGED INTER COOLED INTERNAL COMBUSTION ENGINE,"{""Missing or malformed page/claim counts"":1}",""""""
20071221_51-2007_1_9e71ce0cbaf3100c.pdf,688,25,applicationPublication,1,1,0,1,"[""1017/CHE/2006 A""]",ELECTRONIC CONTROL UNIT HAVING CURVE DATA IN POLAR COORDINATE SYSTEM,"{""Missing or malformed page/claim counts"":1}",""""""
20071228_52-2007_1_a6f0d1f3103b26f6.pdf,344,25,applicationPublication,1,1,0,2,"[""1415/KOL/2007 A""]",THE NEWLY DEVELOPED METHOD WITH NEWLY DEVELOPED PROTOCOL FOR THE LONG TIME CONTROL OF HELOPELTIS AND THE GROWTH OF HEAVY FLUSH IN THE TEA GARDEN,"{""Missing or malformed page/claim counts"":1}",""""""
20080104_1-2008_1_53084e9f685e16e8.pdf,341,25,applicationPublication,1,1,0,1,"[""1150/DEL/2007 A""]","""SYSTEMS AND METHODS FOR REFINING IDENTIFICATION OF CLINICAL CANDIDATES""","{""Missing or malformed page/claim counts"":1}",""""""
20080111_2-2008_1_db40fea1b46b02ff.pdf,591,25,applicationPublication,1,1,0,1,"[""2970/CHE/2007 A""]",RFID BASED ANTI-THEFT DEVICE FOR VEHICLE ENTERTAINMENT AND NAVIGATION SYSTEMS,"{""Missing or malformed page/claim counts"":1}",""""""
20080118_3-2008_1_78c3884b1d25b406.pdf,630,25,frontMatter,0,0,0,0,[],"""""",{},""""""
20080125_4-2008_1_159e04ba4b296c20.pdf,937,25,applicationPublication,1,1,0,2,"[""2344/MUM/2007 A""]",THE DESIGN AND MANUFACTURING OF PLASTIC FILM CAPACITORS BY INTERNAL SERIES CONSTRUCTION AND PLASTIC FILM CAPACITORS MANUFACTURED THEREOF FOR HIGH CURRENT HANDLING CAPACITY,"{""Missing or malformed page/claim counts"":1}",""""""
20080201_5-2008_1_fbd42a23d95c14d9.pdf,268,25,applicationPublication,1,1,0,1,"[""2900/CHE/2007 A""]",A handheld device with a virtual keypad,"{""Missing or malformed page/claim counts"":1}",""""""
20080208_6-2008_1_dec4756aa53553df.pdf,254,25,applicationPublication,1,1,0,2,"[""10124/DELNP/2007 A""]","""NOVEL QUINUCLIDINE DERIVATIVES AND MEDICINAL COMPOSITIONS CONTAINING THE SAME""","{""Missing or malformed page/claim counts"":1}",""""""
20080215_7-2008_1_e618a5553df937ad.pdf,477,25,applicationPublication,1,1,0,1,"[""1089/DEL/2003 A""]",HIGH VOLTAGE BREAKDOWN PROTECTION DEVICE,"{""Missing or malformed page/claim counts"":1}",""""""
20080222_8-2008_1_0565e0817436340a.pdf,199,25,applicationPublication,1,1,0,1,"[""1741/DEL/2007 A""]","""USER INTERFACE MANAGER AND METHOD FOR REACTING TO A CHANGE IN SYSTEM STATUS""","{""Missing or malformed page/claim counts"":1}",""""""
20080229_9-2008_1_d6b3eb1f75053afa.pdf,201,25,applicationPublication,1,1,0,1,"[""1485/CHE/2006 A""]",SNEPOO. A WORD FORMING GAME IN INDIAN LANGUAGES,"{""Missing or malformed page/claim counts"":1}",""""""
20080307_10-2008_1_3f69b467d6ee9081.pdf,198,25,applicationPublication,1,1,0,1,"[""2784/CHE/2007 A""]",ENERGY FEEDBACK RECHARGING ENGINE,"{""Missing or malformed page/claim counts"":1}",""""""
20080314_11-2008_1_d1e599995e3e9fe1.pdf,144,25,applicationPublication,1,0,0,1,"[""IN/PCT/2000/00014/DEL A""]",REDUNDANT COMMUNICATIONS IN A PROTECTIVE RELAY,{},""""""
20080321_12-2008_1_184bbd2124b01023.pdf,253,25,applicationPublication,1,0,0,1,"[""389/MUMNP/2008 A""]",AUTO JIG TRIMMER AND METHOD OF MANUFACTURING PATTERN FRAME BY USING THE SAME,{},""""""
20080328_13-2008_1_190bcba5a3d0067f.pdf,612,25,applicationPublication,1,0,0,1,"[""9217/DELNP/2007 A""]","""MOBILE TERMINAL FOR SECURE ELECTRONIC TRANSACTIONS AND SECURE ELECTRONIC TRANSACTION SYSTEM""",{},""""""
20080404_14-2008_1_b8af2f18f527b0f6.pdf,475,25,applicationPublication,1,1,0,1,"[""335/MUM/2008 A""]",A STEERING COLUMN SUPPORT STRUCTURE FOR VEHICLE,"{""Missing or malformed page/claim counts"":1}",""""""
20080411_15-2008_1_540561ca38ef3fd2.pdf,123,25,applicationPublication,1,0,0,2,"[""2201/DEL/2006 A""]",A DEGRADABLE POLYMERIC COMPOSITION A PROCESS THEREFORE AND THE PRODUCTS THEREOF,{},""""""
20080418_16-2008_1_9989b3786334667b.pdf,135,25,applicationPublication,1,1,0,2,"[""293/MUM/2007 A""]",ROTARY ADJUSTABLE HEAD RESTRAINT FOR AUTOMOBILE SEAT,"{""Missing or malformed page/claim counts"":1}",""""""
20080425_17-2008_1_10a13b491c0921ab.pdf,284,25,applicationPublication,1,0,0,1,"[""2170/DEL/2006 A""]",SYSTEM AND METHOD FOR MONITORING CLOCK SIGNAL IN AN INTEGRATED CIRCUIT,{},""""""
20080502_18-2008_1_a73c11724f48a7fc.pdf,153,25,applicationPublication,1,0,0,2,"[""1963/DEL/2007 A""]","""MIXED POLYMER SUPERABSORBENT FIBERS AND METHODS FOR THEIR PREPARATION""",{},""""""
20080509_19-2008_1_d0a88af6d88369b2.pdf,541,25,applicationPublication,1,1,0,1,"[""903/CHE/2008 A""]",AN IMPROVED ELECTRICALLY-OPERATED VEHICLE HAVING A WIND OPERATED BATTERY CHARGING SYSTEM,"{""Missing or malformed page/claim counts"":1}",""""""
20080516_20-2008_1_1484dbc94dc7bb8f.pdf,264,25,applicationPublication,1,1,0,1,"[""1995/CHE/2007 A""]",PROCESS FOR THE PREPARATION OF HOLISTIC INSTANT SOUP/DRINK IN READY TO USE DRY POWDER FORM FROM INDIAN HERBS,"{""Missing or malformed page/claim counts"":1}",""""""
20080523_21-2008_1_0d6080b1f20065c2.pdf,254,25,applicationPublication,1,1,0,1,"[""394/DEL/2008 A""]",CULVERT OVER STEEP STREAMS,"{""Missing or malformed page/claim counts"":1}",""""""
20080530_22-2008_1_aecbd69dac2293fd.pdf,203,25,applicationPublication,1,0,0,1,"[""4460/CHENP/2007 A""]",METHODS AND APPARATUS FOR EFFICIENT DIGITAL BROADCAST SIGNALLING IN A WIRELESS COMMUNICATIONS SYSTEM,{},""""""
20080606_23-2008_1_ab8bb11f7d538e0d.pdf,344,25,applicationPublication,1,1,0,2,"[""577/DEL/2008 A""]",A MODEM BASED CUSTOMIZABLE INTERACTIVE VOICE RESPONSE SYSTEM,"{""Missing or malformed page/claim counts"":1}",""""""
20080613_24-2008_1_a3a8812220fd8405.pdf,322,25,applicationPublication,1,1,0,1,"[""741/MUM/2007 A""]",AN ELEVATED SUSPENDED TRANSPORTATION METHOD AND APPARATUS AND DEVICES THEREFOR,"{""Missing or malformed page/claim counts"":1}",""""""
20080620_25-2008_1_8b42acfc185e217f.pdf,655,25,applicationPublication,1,0,0,1,"[""10022/DELNP/2007 A""]","""DICYCLOALKYL UREA GLUCOKINASE ACTIVATORS""",{},""""""
20080620_25-2008_2_5691b481b66b5541.pdf,480,25,applicationPublication,1,0,0,1,"[""9448/DELNP/2007 A""]","""PROTECTIVE PACKAGING FOR AN ARTICLE""",{},""""""
20080627_26-2008_1_de2e70e914daf377.pdf,500,25,applicationPublication,1,1,0,1,"[""418/MUM/2008 A""]",A METHOD OF ORGANIZING MASS WEDDINGS AT A SINGLE VENUE,"{""Missing or malformed page/claim counts"":1}",""""""
20080627_26-2008_2_0c375f3fcc97006e.pdf,450,25,applicationPublication,1,0,0,1,"[""856/DELNP/2005 A""]","""A TISSUE CUTTING DIE APPARATUS""",{},""""""
20080627_26-2008_3_ed4302e477bf05e5.pdf,451,25,applicationPublication,1,0,0,1,"[""9474/DELNP/2007 A""]","""METHODS AND INTERMEDIATES FOR THE PREPARATION OF OPTIONALLY RADIO- LABELED IMATINIB""",{},""""""
20080704_27-2008_1_bc9c7c109e20840f.pdf,525,25,applicationPublication,1,1,0,1,"[""600/CHE/2008 A""]",RE-USABLE ADVERTISING SHOP FRONT DISPLAY SYSTEMS,"{""Missing or malformed page/claim counts"":1}",""""""
20080704_27-2008_2_2772eba67e108404.pdf,607,25,applicationPublication,1,0,0,1,"[""789/DELNP/2008 A""]","""REINFORCING CASING, PARTICULARLY FOR SAUSAGE PRODUCTS""",{},""""""
20080704_27-2008_3_164dd39de7fac0fa.pdf,416,25,applicationPublication,1,0,0,1,"[""1178/MUM/2006 A""]",DOPAMINERGIC NEURONS DERIVED FROM CORNEAL LIMBUS METHODS OF ISOLATION AND USES THEREOF,{},""""""
20080711_28-2008_1_003ba571d59c95d2.pdf,573,25,applicationPublication,1,0,0,2,"[""10/DEL/2007 A""]","""PHARMACEUTICAL COMPOSITION COMPRISING ATOVAQUONE PARTICLES""",{},""""""
20080711_28-2008_2_e80028835937a95c.pdf,374,25,applicationPublication,1,0,0,1,"[""7561/DELNP/2007 A""]","""METHOD AND DEVICE FOR ELIMINATING PARASITE REFLECTIONS DURING INSPECTION OF TRANSLUCENT OR TRANSPARENT HOLLOW OBJECTS""",{},""""""
20080718_29-2008_1_315d3c1f35c8f84b.pdf,443,25,applicationPublication,1,1,0,1,"[""863/CHE/2007 A""]",ENTERAL TUBE FEED FOMULA FOR CRITICALLY ILL PATIENTS,"{""Missing or malformed page/claim counts"":1}",""""""
20080725_30-2008_1_b50cab2becb9bc65.pdf,500,25,applicationPublication,1,1,0,1,"[""3291/DELNP/2008 A""]","""FIRE PROOF COMPOSITION""","{""Missing or malformed page/claim counts"":1}",""""""
20080725_30-2008_2_8663d95731442758.pdf,500,25,applicationPublication,1,0,0,1,"[""2890/DELNP/2008 A""]","""MULTI-LAYER, MICROPOUROUS POLYETHYLENE MEMBRANE, ITS PRODUCTION METHOD, AND BATTERY SEPARATOR""",{},""""""
20080725_30-2008_2_b50cab2becb9bc65.pdf,500,25,applicationPublication,1,1,0,1,"[""3291/DELNP/2008 A""]","""FIRE PROOF COMPOSITION""","{""Missing or malformed page/claim counts"":1}",""""""
20080725_30-2008_3_6eb6570830608510.pdf,311,25,applicationPublication,1,0,0,1,"[""IN/PCT/2002/00211/DEL A""]","""AN IMPROVED INVITRO METHOD OF PRODUCING AN IMMUNOGENIC COMPLEX""",{},""""""
20080725_30-2008_3_8663d95731442758.pdf,500,25,applicationPublication,1,0,0,1,"[""2890/DELNP/2008 A""]","""MULTI-LAYER, MICROPOUROUS POLYETHYLENE MEMBRANE, ITS PRODUCTION METHOD, AND BATTERY SEPARATOR""",{},""""""
20080801_31-2008_1_8ffd4dc7d515b207.pdf,532,25,applicationPublication,1,1,0,1,"[""693/MUM/2007 A""]",A COIL TYPE GLASS HEAT EXCHANGER,"{""Missing or malformed page/claim counts"":1}",""""""
20080801_31-2008_2_5036c6a835b167b3.pdf,350,25,applicationPublication,1,0,0,1,"[""2823/DEL/2006 A""]","""METHOD AND SYSTEM FOR MANAGING COMMUNICATION NETWORK SERVICES""",{},""""""
20080801_31-2008_3_c426b3cd3fa1adda.pdf,339,25,applicationPublication,1,0,0,1,"[""430/DEL/1999 A""]","""A PROCESS FOR CATALYTIC REFORMING OF HYDROCARBONS""",{},""""""
20080808_32-2008_1_397de5f00ddbdb12.pdf,500,25,applicationPublication,1,0,0,1,"[""10044/DELNP/2007 A""]","""CONTROL DEVICE FOR OPENING AND CLOSING OPEN TOP BODIES IN INDUSTRIAL VEHICLES""",{},""""""
20080808_32-2008_2_70ebe84f3991ada1.pdf,571,25,applicationPublication,1,0,0,1,"[""4907/DELNP/2008 A""]","""PALLADIUM COMPLEX AND CATALYST-IMPARTING TREATMENT SOLUTION USING THE SAME""",{},""""""
20080815_33-2008_1_b154d0d464fc17e7.pdf,1670,25,frontMatter,0,0,0,0,[],"""""",{},""""""
20080815_33-2008_1_d4c42e5beb9ddec6.pdf,500,25,applicationPublication,1,0,0,1,"[""144/DELNP/2008 A""]","""DIAGNOSTIC METHOD""",{},""""""
20080815_33-2008_2_4e8a0ddeaf84f25b.pdf,500,25,applicationPublication,1,0,0,1,"[""388/DELNP/2008 A""]",WIRELESS COMMUNICATION DEVICES INCLUDING A COVER MOVABLE BETWEEN OPEN AND CLOSED POSITIONS AND IMPROVED USER INTSERFACE INCLUDING SOFTKEYS,{},""""""
20080815_33-2008_2_fbee4053f1d599ee.pdf,1500,25,applicationPublication,1,1,0,1,"[""3518/DELNP/2005 A""]","""CUSTOM PROSTHETIC LINER MANUFACTURING SYSTEM AND METHOD""","{""Missing or malformed page/claim counts"":1}",""""""
20080815_33-2008_3_1a9aee4c175d7e37.pdf,700,25,applicationPublication,1,1,0,1,"[""4858/DELNP/2005 A""]","""THERMOELECTRIC, HIGH-EFFICIENCY, WATER GENERATING DEVICE""","{""Missing or malformed page/claim counts"":1}",""""""
20080815_33-2008_3_6f15327b815275f5.pdf,446,25,applicationPublication,1,0,0,1,"[""4694/DELNP/2008 A""]","""INHIBITORS OF CCR9 ACTIVITY""",{},""""""
20080822_34-2008_1_7139c051afd9e991.pdf,193,25,applicationPublication,1,0,0,1,"[""2045/MUMNP/2007 A""]",POTENTIAL SEPARATION FOR FILL LEVEL RADAR,{},""""""
20080822_34-2008_1_f55bda31c0759370.pdf,1600,25,applicationPublication,1,1,0,1,"[""1000/CHENP/2007 A""]",SEALING OF FLAT-PANEL DEVICE,"{""Missing or malformed page/claim counts"":1}",""""""
20080822_34-2008_2_2735a74b37b6984c.pdf,1000,25,applicationPublication,1,1,0,1,"[""1790/DEL/2005 A""]",METHOD FOR DESIGNING AND/OR PROVIDING AND/OR MANAGING SUBSCRIBER SERVICES IN A TELECOMMUNICATIONS NETWORK,"{""Missing or malformed page/claim counts"":1}",""""""
20080822_34-2008_3_b238066954e5744f.pdf,725,25,applicationPublication,1,1,0,1,"[""3887/DELNP/2005 A""]","""THERAPEUTIC COMPOSITIONS""","{""Missing or malformed page/claim counts"":1}",""""""
20080831_35-2008_1_25c0de3d56741fb2.pdf,277,25,applicationPublication,1,0,0,1,"[""1311/DEL/2007 A""]","""METHOD AND APPARATUS FOR PRODUCING SINGLE CRYSTALLINE DIAMONDS""",{},""""""
20080831_35-2008_1_b655a808f5d56c3c.pdf,2262,25,applicationPublication,1,1,0,3,"[""425/CHE/2007 A""]",SYSTEM AND METHOD FOR MEASURING THE TEMPERATURE OF THE PRODUCTS,"{""Missing or malformed page/claim counts"":1}",""""""
20080831_35-2008_2_d87448201e2275ee.pdf,900,25,applicationPublication,1,1,0,1,"[""3927/DELNP/2007 A""]",NOVEL AMINOPYRIDINE DERIVATIVES HAVING SELECTIVE AURORA-A INHIBITORY EFFECT,"{""Missing or malformed page/claim counts"":1}",""""""
20080831_35-2008_3_12465a8135980bf1.pdf,846,25,applicationPublication,1,1,0,1,"[""4221/DELNP/2005 A""]","""NUCLEIC ACID MISMATCH DETECTION""","{""Missing or malformed page/claim counts"":1}",""""""
20080905_36-2008_1_7a7e46bd739a193a.pdf,500,25,applicationPublication,1,1,0,1,"[""1310/MUM/2008 A""]",PROCESS FOR PRODUCTION OF TRI CHOLINE CITRATE AND COMPOSITION THEREOF,"{""Missing or malformed page/claim counts"":1}",""""""
20080905_36-2008_2_b774e6c43bb58d0b.pdf,254,25,applicationPublication,1,0,0,1,"[""1056/MUMNP/2008 A""]",VOCAL ALERT UNIT HAVING AUTOMATIC SITUATION AWARENESS OF MOVING MOBILE NODES,{},""""""
20080912_37-2008_1_489df7a2dcdf5ec0.pdf,600,25,applicationPublication,1,0,0,1,"[""1788/CHE/2008 A""]",VEHICLE LIFT SPRING GENERATE POWER,{},""""""
20080912_37-2008_2_0f2faf15e0b440d0.pdf,414,25,applicationPublication,1,0,0,1,"[""1056/CHENP/2008 A""]","INFORMATION OUTPUT DEVICE, MEDIUM, AND INFORMATION INPUT/OUTPUT DEVICE",{},""""""
20080919_38-2008_1_bee27f66db1b5a91.pdf,600,25,applicationPublication,1,0,0,1,"[""1064/DEL/1997 A""]","""AN IMPROVED PROCESS FOR THE PREPARATION OF LOVASTATIN""",{},""""""
20080919_38-2008_2_cbf5b4851f666c51.pdf,620,25,applicationPublication,1,0,0,1,"[""1378/MAS/1995 A""]",MIXING OF FLUIDS,{},""""""
20080926_39-2008_1_d7af36d548d24105.pdf,500,25,applicationPublication,1,1,0,1,"[""1523/MUM/2008 A""]",A NOVEL PROCESS FOR IMPROVING THE PERFORMANCE OF SILICAGEL SUPPORTED INDUSTRIAL ETHYNYLATION CATALYST,"{""Missing or malformed page/claim counts"":1}",""""""
20080926_39-2008_2_313a08bc86f8a0cc.pdf,500,25,applicationPublication,1,0,0,1,"[""5739/DELNP/2008 A""]",STABILIZED PHARMACEUTICAL COMPOSITIONS COMPRISING AN HMG-COA REDUCTASE INHIBITOR,{},""""""
20080926_39-2008_3_d70302e057c0aa32.pdf,425,25,applicationPublication,1,0,0,1,"[""7555/DELNP/2008 A""]","""COMPOSITIONS THAT INCLUDE HEMAGGLUTINN, METHODS OF MAKING AND METHODS OF USE THEREOF""",{},""""""
20080926_39-2009_1_d7af36d548d24105.pdf,500,25,applicationPublication,1,1,0,1,"[""1523/MUM/2008 A""]",A NOVEL PROCESS FOR IMPROVING THE PERFORMANCE OF SILICAGEL SUPPORTED INDUSTRIAL ETHYNYLATION CATALYST,"{""Missing or malformed page/claim counts"":1}",""""""
20080926_39-2009_2_313a08bc86f8a0cc.pdf,500,25,applicationPublication,1,0,0,1,"[""5739/DELNP/2008 A""]",STABILIZED PHARMACEUTICAL COMPOSITIONS COMPRISING AN HMG-COA REDUCTASE INHIBITOR,{},""""""
20080926_39-2009_3_d70302e057c0aa32.pdf,425,25,applicationPublication,1,0,0,1,"[""7555/DELNP/2008 A""]","""COMPOSITIONS THAT INCLUDE HEMAGGLUTINN, METHODS OF MAKING AND METHODS OF USE THEREOF""",{},""""""
20081003_40-2008_1_5fccff0923e92b80.pdf,471,25,applicationPublication,1,0,0,1,"[""7035/DELNP/2008 A""]","""LIQUID COOLING LOOPS FOR SERVER APPLICATIONS""",{},""""""
20081010_41-2008_1_42aaac1677e4a712.pdf,265,25,applicationPublication,1,0,0,1,"[""5231/DELNP/2008 A""]",METHOD AND APPARATUS FOR CONSTRAINED PREDICTION FOR REDUCED RESOLUTION UPDATE MODE AND COMPLEXITY SCALABILTY IN VIDEO ENCODER AND DECODERS,{},""""""
20081017_42-2008_1_7c2b42748a1ddd04.pdf,291,25,applicationPublication,1,0,0,1,"[""5255/DELNP/2008 A""]","""METHOD FOR APPLYING A LABEL AND LEBELLING UNIT FOR THIS PURPOSE""",{},""""""
20081024_43-2008_1_d22f1043b3574fb3.pdf,450,25,applicationPublication,1,0,0,1,"[""3180/DELNP/2004 A""]","""VIDIO PROCESSING APPARATUS WHICH CAN RESPOND TO NON-NATIVE REMOTE COMMANDS AND METHOD OF OPERATION THEREOF""",{},""""""
20081024_43-2008_2_25563fa4549122d3.pdf,550,25,applicationPublication,1,0,0,1,"[""6250/DELNP/2008 A""]",METHOD FOR PREDICTING BIOLOGICAL SYSTEMS RESPONSES,{},""""""
20081024_43-2008_3_d6a89c83a3e990f8.pdf,500,25,applicationPublication,1,0,0,1,"[""6819/DELNP/2008 A""]",METHOD AND APPARATUS FOR GENERATING COLOR TONING CURVES,{},""""""
20081031_44-2008_1_bc36d72454c7626b.pdf,305,25,applicationPublication,1,1,0,1,"[""2145/MUM/2008 A""]",REMOTE OPERATED POWER SAVER,"{""Missing or malformed page/claim counts"":1}",""""""
20081107_45-2008_1_b9ce8df2ea0df575.pdf,284,25,applicationPublication,1,0,0,1,"[""127/DELNP/2005 A""]",ADAPTIVE WEIGHTING OF REFERENCE PICTURES IN VIDEO ENCODING `,{},""""""
20081114_46-2008_1_5cfe970e3c64a47b.pdf,381,25,applicationPublication,1,0,0,1,"[""1056/DEL/2008 A""]","""ROCKER ARM OF A VALVE OF AN INTERNAL COMBUSTION ENGINE""",{},""""""
20081121_47-2008_1_8408cf66c40d40ab.pdf,427,25,applicationPublication,1,1,0,1,"[""1957/CHE/2007 A""]",FLY GUARD,"{""Missing or malformed page/claim counts"":1}",""""""
20081128_48-2008_1_3d982a9b8537c743.pdf,800,25,applicationPublication,1,0,0,1,"[""667/DELNP/2005 A""]","""METHOD FOR THE CONVEYANCE OF MAILPIECES""",{},""""""
20081128_48-2008_2_2ed30d4d6bee9161.pdf,800,25,applicationPublication,1,0,0,1,"[""1824/CHE/2006 A""]",AN INTEGRATED WATER RESOURCE AND STORAGE CONTAINER FOR WASHING MACHINE,{},""""""
20081128_48-2008_3_2786f25590b06b69.pdf,719,25,applicationPublication,1,0,0,1,"[""617/CHENP/2008 A""]",MIXTURES OF REACTIVE DYES AND THEIR USE,{},""""""
20081205_49-2008_1_e08453bab9c998ed.pdf,389,25,applicationPublication,1,0,0,1,"[""1272/DEL/2008 A""]","""UTILITY OUTLETS HAVING DYNAMICALLY CHANGING EMERGENCY EVACUATION ROUTING""",{},""""""
20081212_50-2008_1_1df25324b0bb91d4.pdf,291,25,applicationPublication,1,0,0,1,"[""53/DELNP/2005 A""]","""A VOICE OVER INTERNET PROTOCOL [VOIP] TRANSMITTER DEVICE""",{},""""""
20081219_51-2008_1_f418e0e39ea84814.pdf,342,25,applicationPublication,1,0,0,2,"[""1048/DEL/2008 A""]","""METHODS AND SYSTEMS FOR REDUCING CARBON DIOXIDE IN COMBUSTION FLUE GASES""",{},""""""
20081226_52-2008_1_d2e43c12a7c93527.pdf,600,25,applicationPublication,1,1,0,1,"[""2410/CHE/2008 A""]",DIESEL ENGINE OF HIGHER CYCLE EFFICIENCY 95% CROSSING EURO STANDARDS,"{""Missing or malformed page/claim counts"":1}",""""""
20081226_52-2008_2_72a0b9c64c24b4a3.pdf,365,25,applicationPublication,1,0,0,1,"[""1235/KOLNP/2008 A""]",UNIVERSAL KEYBOARD WITH TOUCH SCREEN,{},""""""
20090102_1-2009_1_2363b0234b6aeec7.pdf,500,25,applicationPublication,1,0,0,1,"[""2591/DELNP/2007 A""]","""PROCESS FOR THE PRODUCTION OF AN AQUEOUS STREAM COMPRISING MELAMINE AND ALDEHYDE""",{},""""""
20090102_1-2009_2_615127ae4e01d472.pdf,342,25,applicationPublication,1,0,0,2,"[""1481/KOLNP/2008 A""]",PERMANENT CASTING MOULD AND CASTING MOULD INSERT,{},""""""
20090109_2-2009_1_7e96efe7c5453e72.pdf,400,25,applicationPublication,1,0,0,1,"[""1061/DELNP/2005 A""]","""DISPOSABLE TOOTHBRUSH""",{},""""""
20090109_2-2009_2_f8e0b00d0e81cb09.pdf,347,25,applicationPublication,1,1,0,2,"[""00922/CAL/1998 A""]","""YARN FEEDER, PARTICULARLY FOR YARNS WITH HIGH ELONGATION COEFFICIENT, IN CIRCULAR KNITTING MACHINES""","{""Missing applicants"":1}",""""""
20090116_3-2009_1_e62354134b5db2b6.pdf,550,25,applicationPublication,1,1,0,1,"[""2166/MUM/2008 A""]","AIRALAM (JUST MIRROR VIEW OPPOSITE OF MALARIA), THE MOST EFFECTIVE AND THE SAFEST ANTIMALARIAL NOVEL SYNERGISTIC COMPOSITION.","{""Missing or malformed page/claim counts"":1}",""""""
20090116_3-2009_2_59bff950421370b4.pdf,337,25,applicationPublication,1,0,0,1,"[""2014/KOLNP/2008 A""]",SOL-CEL PROCESS FOR THE MANUFACTURE OF MOULDS FOR PHOTOCATALYTIC PROCESSES,{},""""""
20090123_4-2009_1_851458f9d60e2eff.pdf,500,25,applicationPublication,1,0,0,1,"[""2435/CHE/2007 A""]",METHOD OF POWER GENERATION FROM MANUALLY OPERATED EQUIPMENTS,{},""""""
20090123_4-2009_2_1900912c9214efa0.pdf,247,25,applicationPublication,1,0,0,1,"[""2597/KOLNP/2008 A""]",METHODS AND SYSTEMS FOR RELEASING SILICONE HYDROGEL OPHTHALMIC LENSES USING SURFACANTS,{},""""""
20090130_5-2009_1_ed672c7a13109c09.pdf,496,25,applicationPublication,1,0,0,1,"[""118/DELNP/2005 A""]","""MULTI-COMPONENT PHARMACEUTICAL CAPSULE FOR RETAINING DRUG SUBSTANCE""",{},""""""
20090206_6-2009_1_42a4315ea29ad621.pdf,720,25,applicationPublication,1,0,0,1,"[""1240/DEL/2007 A""]","""METHOD AND SYSTEM FOR OPTIMIZING SCANNING FOR REDUCING BATTERY CONSUMPTION OF A MOBILE COMMUNICATION DEVICE""",{},""""""
20090213_7-2009_1_4e10ed69f1427b24.pdf,400,25,applicationPublication,1,0,0,2,"[""3693/DELNP/2008 A""]",HAIR CONDITIONING COMPOSITION CONTAINING A NON-GUAR GALACTOMANNAN POLYMER DERIVATIVE,{},""""""
20090213_7-2009_2_d1787640033c3c6f.pdf,236,25,applicationPublication,1,0,0,1,"[""3314/KOLNP/2008 A""]",METHOD AND APPARATUS FOR ENCODING AND DECODING DATA,{},""""""
20090220_8-2009_1_aa43fd9cdd939db5.pdf,400,25,applicationPublication,1,1,0,1,"[""1973/CHE/2008 A""]",ORAL FAST DISSOLVING FILMS FOR ERECTILE DYS FUNCTION BIOACTIVE AGENTS,"{""Missing or malformed page/claim counts"":1}",""""""
20090220_8-2009_2_b6d88381125d3593.pdf,225,25,applicationPublication,1,0,0,1,"[""3582/KOLNP/2008 A""]",RE-DIRECTION OF STREAMING MULTIMEDIA IN WIRELESS COMMUNICATION DEVICES,{},""""""
20090227_9-2009_1_d4ac2fb21e383742.pdf,500,25,applicationPublication,1,0,0,1,"[""15/MUM/2008 A""]",A WRAP AROUND TYPE DAMPER MOUNTING BRACKET FOR VEHICLES AND METHOD OF MOUNTING THEREOF,{},""""""
20090227_9-2009_2_2573f91df2319c3b.pdf,377,25,applicationPublication,1,0,0,1,"[""3782/KOLNP/2008 A""]",METHODS AND APPARATUSES FOR ENCODING AND DECODING OBJECT-BASED AUDIO SIGNALS,{},""""""
20090306_10-2009_1_3abaff16411a38f3.pdf,500,25,applicationPublication,1,1,0,1,"[""589/DEL/2008 A""]","""A FPGA BASED SINGLE PHASE HIGH FREQUENCY INVERTER""","{""Missing or malformed page/claim counts"":1}",""""""
20090306_10-2009_2_1d6e18eff78102e2.pdf,650,25,applicationPublication,1,0,0,1,"[""2331/CHENP/2008 A""]",APPARATUS AND METHOD FOR HIGH PRESSURE EXTRUSION WITH MOLTEN ALUMINUM,{},""""""
20090306_10-2009_3_db8b47e07e2a6584.pdf,600,25,applicationPublication,1,0,0,1,"[""2994/CHENP/2008 A""]",JOINTING DEVICE FOR WIPER ARM,{},""""""
20090313_11-2009_1_ae0c1c0d39e7be2c.pdf,500,25,applicationPublication,1,0,0,1,"[""10736/DELNP/2008 A""]","""CYLINDER HEAD GASKET""",{},""""""
20090313_11-2009_2_efc9a6f378e2e425.pdf,650,25,applicationPublication,1,0,0,1,"[""3693/CHENP/2008 A""]","COMPOUNDS, SCREENS AND METHODS OF TREATMENT",{},""""""
20090313_11-2009_3_95bb449efa3f1323.pdf,627,25,applicationPublication,1,0,0,1,"[""4374/CHENP/2008 A""]",CONTROL OF POWER FLOW IN A TRANSMISSION LINE,{},""""""
20090320_12-2009_1_1af15e0ed11813ed.pdf,800,25,applicationPublication,1,1,0,1,"[""525/MUM/2008 A""]",DIFFERENETIAL SLIDER FOR BIMETALLIC THERMAL OVERLOAD RELAY,"{""Missing or malformed page/claim counts"":1}",""""""
20090320_12-2009_2_8c3534a16dacb931.pdf,800,25,applicationPublication,1,0,0,1,"[""3924/DELNP/2005 A""]","""ORIENTED THERMOPLASTIC ELASTOMER FILM AND PROCESS FOR PRODUCING THE SAME""",{},""""""
20090320_12-2009_3_76ee03069ba17c59.pdf,770,25,applicationPublication,1,0,0,1,"[""2682/MUMNP/2008 A""]",METHOD OF VALIDATING A CONTROL/COMMAND SYSTEM AND CONTROL/COMMAND SYSTEM THAT CAN BE VALIDATED BY THE METHOD,{},""""""
20090327_13-2009_1_614de15f194b556e.pdf,800,25,applicationPublication,1,0,0,1,"[""10064/DELNP/2008 A""]","""GLUCAGON-LIKE PEPTIDES AND USES THEREOF""",{},""""""
20090327_13-2009_2_c6b8596b5f04e1d2.pdf,800,25,applicationPublication,1,0,0,1,"[""9235/DELNP/2008 A""]",A POSITIVE ELECTRODE MATERIAL FOR SECONDARY BATTERY AND THE PREPARATION METHOD OF THE SAME,{},""""""
20090327_13-2009_3_7ed65181aad9f24a.pdf,1012,25,applicationPublication,1,0,0,1,"[""6181/CHENP/2008 A""]",MULTI INPUT MULTI OUTPUT (MIMO) ORTHOGONAL FREQUENCY DIVISION MULTIPLE ACCESS (OFDMA) COMMUNICATION SYSTEM,{},""""""
20090403_14-2009_1_7074d39b83bdf120.pdf,500,25,applicationPublication,1,1,0,1,"[""584/CHE/2009 A""]",LAPTOP STAND,"{""Missing or malformed page/claim counts"":1}",""""""
20090403_14-2009_2_ee01f7fdb4f2bbf0.pdf,500,25,applicationPublication,1,0,0,1,"[""342/DELNP/2005 A""]","""DELIVERY DEVICE AND CONTAINER PROVIDED WITH THE SAME""",{},""""""
20090403_14-2009_3_859c373bdc3ef2e6.pdf,339,25,applicationPublication,1,0,0,1,"[""1119/KOL/2007 A""]",COMMUNICATION FAILURE DETECTION CIRCUIT FOR BACK-TO-BACK SCR CIRCUIT AND CONTROLLING METHOD THEREOF HAVING RELATIVELY BETTER EFFICIENCY,{},""""""
20090410_15-2009_1_d06a96b464f1cae9.pdf,301,25,applicationPublication,1,0,0,1,"[""20/MUMNP/2009 A""]",METHODS FOR THE PREPARATION OF BIOLOGICALLY ACTIVE COMPOUNDS IN NANOPARTICULATE FORM,{},""""""
20090417_16-2009_1_fabeaefc4bbf1fc5.pdf,564,25,applicationPublication,1,0,0,1,"[""1954/DEL/2008 A""]","""IMAGE PROCESSING APPARATUS, IMAGE PROCESSING METHOD AND COMPUTER PROGRAM""",{},""""""
20090424_17-2009_1_6b8af181f1e90285.pdf,300,25,applicationPublication,1,0,0,1,"[""1277/DEL/1998 A""]","""DEVICE FOR THE CONNECTION OF A LONGITUDINAL ROD WITH BONE ANCHORING ELEMENT""",{},""""""
20090424_17-2009_2_a3abb263d42e4590.pdf,239,25,applicationPublication,1,0,0,1,"[""1156/KOL/2008 A""]",RUBBER COMPOSITION AND RUN FLAT TIRE USING THE SAME,{},""""""
20090501_18-2009_1_3960a44eeaf83af9.pdf,300,25,applicationPublication,1,0,0,1,"[""1329/DELNP/2005 A""]","""A GRANULAR DETERGENT COMPOSITION""",{},""""""
20090501_18-2009_2_9ae912973f914f95.pdf,255,25,applicationPublication,1,0,0,4,"[""1392/KOL/2007 A""]",THERAPEUTIC COMBINATIONS AND COMPOSITIONS FOR THE TREATMENT OF GASTROINTESTINAL DISORDERS,{},""""""
20090508_19-2009_1_c7c9d5a8d0e41260.pdf,350,25,applicationPublication,1,1,0,2,"[""555/MUM/2009 A""]",A UNIQUE BLEND OF ESTHETIC SKIN TREATMENT WITH BLISSFULNESS OF HOT AND COLD STONE,"{""Missing or malformed page/claim counts"":1}",""""""
20090508_19-2009_2_7c71f81aa39a32e7.pdf,297,25,applicationPublication,1,0,0,1,"[""235/KOLNP/2009 A""]",KNITTING MACHINE WITH LATCH NEEDLES AND WITHOUT SINKER,{},""""""
20090515_20-2009_1_6c147d58bb893d7a.pdf,500,25,applicationPublication,1,0,0,1,"[""10067/DELNP/2008 A""]",COMPOUNDS AND METHODS FOR MODULATING EXPRESSION OF PCSK9,{},""""""
20090515_20-2009_2_9cea4112a9d50677.pdf,500,25,applicationPublication,1,0,0,1,"[""IN/PCT/2003/00003/DEL A""]","AN AIR FILTER ELEMENT,AIR FILTER ASSEMBLY AND METHOD OF FILTERING THEREOF",{},""""""
20090515_20-2009_3_43eda573afd39709.pdf,302,25,applicationPublication,1,0,0,2,"[""5316/KOLNP/2008 A""]","METHOD, SYSTEM AND APPARATUS FOR THE DEAGGLOMERATION AND/OR DISAGGREGATION OF CLUSTERED MATERIALS",{},""""""
20090522_21-2009_1_7be44a77c0cea881.pdf,500,25,applicationPublication,1,1,0,1,"[""383/CHE/2009 A""]",METHOD OF MANUFACTURING SUSPENSION CEILING TILE WITH TEGULAR EDGE,"{""Missing or malformed page/claim counts"":1}",""""""
20090522_21-2009_2_37774299975d8fcd.pdf,500,25,applicationPublication,1,0,0,1,"[""775/DELNP/2009 A""]","""CONTAINER LIFTING DEVICE""",{},""""""
20090522_21-2009_3_21da544ae9903dc3.pdf,400,25,applicationPublication,1,0,0,1,"[""523/MUMNP/2009 A""]",ANTIPERSPIRANT OR DEODORANT EMULSION COMPRISING A NONIONIC EMULSIFIER AND FUMED SILICA,{},""""""
20090529_22-2009_1_7f83cb08b7c8434d.pdf,600,25,applicationPublication,1,0,0,1,"[""1208/DEL/1998 A""]","""A MEDICAL IMAGING SYSTEM""",{},""""""
20090529_22-2009_2_fecaab4310333dab.pdf,575,25,applicationPublication,1,0,0,1,"[""1047/CHENP/2009 A""]",IMMUNOSUPPRESSANT COMPOUNDS AND COMPOSITIONS,{},""""""
20090529_22-2009_3_3599ad2ef1728b93.pdf,293,25,applicationPublication,1,0,0,1,"[""1364/KOLNP/2009 A""]",METHOD FOR GENERATING FINEST PARTICLES AND JET MILL THEREFOR AS WELL AS CLASSIFIER AND OPERATING METHOD THEREOF,{},""""""
20090605_23-2009_1_7eded64a9b0f8033.pdf,600,25,applicationPublication,1,0,0,1,"[""348/DELNP/2009 A""]","""INSERTION DEVICE""",{},""""""
20090605_23-2009_2_ad8c32ebcf62f76d.pdf,337,25,applicationPublication,1,0,0,1,"[""547/CHENP/2009 A""]",DISPLAY APPARATUS AND DISPLAY METHOD,{},""""""
20090605_23-2009_3_eac1e794a1363793.pdf,300,25,applicationPublication,1,0,0,1,"[""1754/KOL/2008 A""]",INTAKE AIR TEMPERATURE SENSOR DIAGNOSTIC,{},""""""
20090612_24-2009_1_1aaece6d86e74052.pdf,600,25,applicationPublication,1,1,0,1,"[""1078/MUM/2009 A""]",DISINFECTANT AND DEODORIZER SPRAY ON MOBILE PHONE,"{""Missing or malformed page/claim counts"":1}",""""""
20090612_24-2009_2_53f9eaa2e5fc3bc5.pdf,621,25,applicationPublication,1,0,0,1,"[""821/DELNP/2009 A""]","""USE OF POLYPROPYLENE COMPOSITION""",{},""""""
20090612_24-2009_3_2223031def91b213.pdf,291,25,applicationPublication,1,0,0,1,"[""1658/KOLNP/2009 A""]",PREPARATION FOR PRODUCING REFRACTORY MATERIALS,{},""""""
20090619_25-2009_1_78b00fe4504f1e9f.pdf,500,25,applicationPublication,1,0,0,1,"[""1025/DEL/2005 A""]","""VIDEO PLAYBACK CONTROL APPARATUS""",{},""""""
20090619_25-2009_2_dbae386af021eed8.pdf,500,25,applicationPublication,1,0,0,1,"[""2533/DELNP/2009 A""]","""DUAL-CIRCUIT CHILLER WITH&NBSP;TWO-PASS HEAT EXCHANGER IN A SERIES COUNTERFLOW ARRANGEMENT""",{},""""""
20090619_25-2009_3_768521d2240f8ae1.pdf,329,25,applicationPublication,1,0,0,1,"[""1083/MUM/2007 A""]",SURFACTANT FREE WHITENING COMPOSITION,{},""""""
20090626_26-2009_1_5c0274ef323c6e5f.pdf,500,25,applicationPublication,1,1,0,1,"[""2654/MUM/2008 A""]",ANSHUL'S METHOD OF USING WASTE GLASS AS FINE AGGREGATE IN CONCRETE,"{""Missing or malformed page/claim counts"":1}",""""""
20090626_26-2009_2_6bb85bad19b23b49.pdf,358,25,frontMatter,0,0,0,0,[],"""""",{},""""""
20090703_27-2009_1_90e8cb229b6230a4.pdf,480,25,applicationPublication,1,0,0,1,"[""1093/MUMNP/2009 A""]",SUBMARINE SELF-CONTAINED DYNAMIC STRUCTURE,{},""""""
20090710_28-2009_1_c5767a363009034d.pdf,400,25,applicationPublication,1,0,0,3,"[""2234/DEL/2008 A""]","""SPLICER NOZZLE""",{},""""""
20090717_29-2009_1_13c91777ad74f9a7.pdf,563,25,applicationPublication,1,1,0,1,"[""1150/CHE/2009 A""]",A PROCESS FOR PREPARATION NON-ANTIBIOTIC GROWTH PROMOTER FORMULA AND PRODUCT THEREOF,"{""Missing or malformed page/claim counts"":1}",""""""
20090724_30-2009_1_7e755555d89f669b.pdf,118,25,applicationPublication,1,0,0,1,"[""3848/CHENP/2009 A""]","INTEGRATED MOISTURE, LENGTH, AND STRENGTH TESTER",{},""""""
20090731_31-2009_1_b1bb26b634babcac.pdf,851,25,applicationPublication,1,0,0,1,"[""1105/DEL/2005 A""]","""PROCESS FOR PREPARATION OF HIGHLY PURE PIOGLITAZONE OR SALT THEREOF""",{},""""""
20090731_31-2009_2_4b17b122528e995b.pdf,300,25,applicationPublication,1,0,0,2,"[""336/MUMNP/2005 A""]",USE OF Cu-PHTHALOCYANINE SULFONAMIDES AS A DAY FOR WRITE-ONCE OPTICAL DATA STORAGE MEANS,{},""""""
20090807_32-2009_1_796a3b5c737526ca.pdf,226,25,applicationPublication,1,0,0,1,"[""190/DEL/2009 A""]",AUTOMATIC ANALYZER,{},""""""
20090814_33-2009_1_c4df57a25f9b7146.pdf,724,25,applicationPublication,1,0,0,1,"[""797/KOL/2009 A""]",A DIETARY SUPPLEMENT COMPOSITION FROM HERBAL SOURCE AND PROCESS FOR ITS PREPARATION,{},""""""
20090821_34-2009_1_a1686bd58d3932a7.pdf,645,25,applicationPublication,1,1,0,1,"[""759/KOL/2009 A""]",A NOVEL SYSTEM FOR RENDERING ELASTIC RAIL CLIPS TAMPER PROOF,"{""Missing or malformed page/claim counts"":1}",""""""
20090821_34-2009_2_fbadd26ff0e95225.pdf,651,25,applicationPublication,1,0,0,1,"[""2844/CHENP/2009 A""]","AN IPTV SYSTEM, AN APPLICATION SERVER AND A RELATED LOCATION AGENT",{},""""""
20090828_35-2009_1_5821567767d7e53f.pdf,204,25,applicationPublication,1,0,0,3,"[""2642/KOLNP/2009 A""]","3-AMINO-1, 2-BENZISOTHIAZOLE COMPOUNDS FOR COMBATING ANIMAL PEST II",{},""""""
20090904_36-2009_1_8c576275520c6493.pdf,221,25,applicationPublication,1,0,0,1,"[""1813/MUM/2008 A""]","DEVELOPING CARTRIDGE, IMAGE FORMING APPARATUS HAVING THE SAME, AND PRINTING METHOD FOR AN IMAGE FORMING APPARATUS",{},""""""
20090911_37-2009_1_f5a18ded933fd600.pdf,800,25,applicationPublication,1,1,0,3,"[""963/KOL/2009 A""]",MULTIPLE HOLE PIT DIGGER,"{""Missing or malformed page/claim counts"":1}",""""""
20090911_37-2009_2_24dd56ee5d07474b.pdf,620,25,applicationPublication,1,0,0,1,"[""281/CHE/2008 A""]",REFINER PLATES WITH HIGH-STRENGTH HIGH PERFORMANCE BARS,{},""""""
20090918_38-2009_1_6285c345d0419119.pdf,293,25,applicationPublication,1,0,0,1,"[""3584/DELNP/2005 A""]","""AN INTERNAL COMBUSTION ENGINE""",{},""""""
20091002_41-2009_1_53c1db6e0ab08ac4.pdf,803,25,applicationPublication,1,0,0,1,"[""140/DELNP/2005 A""]",METHOD OF TRANSMITTING OR RECEIVING DATA PACKET IN PACKET DATA COMMUNICATION SYSTEM USING HYBRID AUTOMATIC REPEAT REQUEST,{},""""""
20091002_41-2009_2_580b33375cc631fc.pdf,642,25,applicationPublication,1,0,0,1,"[""3463/DEL/2005 A""]","""A PROCESS FOR PREPARING AN INDIGENOUS DRUG FORMULATION FOR THE TREATMENT OF DIARRHOEA IN ANIMALS""",{},""""""
20091009_42-2009_1_ff791ff1366112b6.pdf,855,25,applicationPublication,1,0,0,1,"[""1617/DELNP/2005 A""]","""METHOD AND APPARATUS FOR CONSTRUCTING DIGITAL CERTIFICATES""",{},""""""
20091016_43-2009_1_fe604cd5bf8f9c15.pdf,350,25,applicationPublication,1,1,0,1,"[""1399/CHE/2009 A""]",GOVERNER ASSISTED AUTOMATIC TRANSMISSION SYSTEM,"{""Missing or malformed page/claim counts"":1}",""""""
20091023_44-2009_1_4bfb0a7fd2e8cee4.pdf,176,25,applicationPublication,1,0,0,1,"[""1701/DEL/2008 A""]","""METHOD AND DEVICE FOR ACCURATELY MONITORING WATER VOLUME IN WATER TANK OF SOLAR WATER HEATER""",{},""""""
20091030_45-2009_1_dee993fd19640864.pdf,712,25,applicationPublication,1,0,0,3,"[""1339/KOL/2008 A""]",AUTO MOBILE THEFT PROTECTOR WITH STOPPED THE ENGINE FUNCTION BY THE USING THE COMMUNICATION NET WORK,{},""""""
20091030_45-2009_2_234feb1f5dbf39a6.pdf,193,25,applicationPublication,1,0,0,3,"[""692/MUM/2008 A""]",ENTERIC COATED COMPOSITION OF PANTOPRAZOLE,{},""""""
20091106_46-2009_1_f530ee3d27dd72f6.pdf,427,25,applicationPublication,1,1,0,1,"[""2159/CHE/2009 A""]","""AN APPARATUS AND METHOD FOR GENERATION OF HYDROELECTRIC POWER USING COLLAPSIBLE BLADDER""","{""Missing or malformed page/claim counts"":1}",""""""
20091113_47-2009_1_ec373be210cb13a8.pdf,427,25,applicationPublication,1,0,0,1,"[""2312/DEL/2006 A""]",'FLEXIBLE ON CHIP TESTING CIRCUIT FOR I/O'S CHARACTERIZATION',{},""""""
20091120_48-2009_1_293bf497c2e2bc3b.pdf,273,25,applicationPublication,1,0,0,1,"[""127/DELNP/2004 A""]","""MIGRATION SUPPORT MECHANISM IN OPEN SERVICE AND OPEN MOBILE ARCHITECTURE""",{},""""""
20091127_49-2009_1_2e22382d03573fe7.pdf,343,25,applicationPublication,1,1,0,1,"[""2633/CHE/2009 A""]","""THE ART, METHOD, MANNER, PROCESS AND SYSTEM OF MULTIFUNCTIONAL NANOBIOMATERIAL FOR MOLECULAR IMAGING AND DRUG-DELIVERY""","{""Missing or malformed page/claim counts"":1}",""""""
20091204_50-2009_1_f99da0df24ad7d44.pdf,510,25,applicationPublication,1,0,0,3,"[""1028/KOL/2009 A""]",IMPROVEMENTS IN OR RELATING TO AN ILLUMINATING DEVICE EQUIPPED WITH A CLAMPING ARRANGEMENT,{},""""""
20091211_51-2009_1_4e49db4dfa54aab5.pdf,371,25,applicationPublication,1,0,0,1,"[""522/DELNP/2004 A""]",TREATMENT OF SUBSTRATES,{},""""""
20091218_52-2009_1_f51fb1af23f5142c.pdf,382,25,applicationPublication,1,0,0,1,"[""177/DELNP/2003 A""]","""DEVICE FOR PASSING HEAVILY FLOWING BULK MATERIAL INTO A DELIVERY PIPE""",{},""""""
20091225_53-2009_1_7220436e56a9571d.pdf,279,25,applicationPublication,1,0,0,1,"[""1588/CHE/2009 A""]",STOP SMOKING FORMULA ENIGMA 2X,{},""""""
20100101_1-2010_1_2cb97bb75f27233c.pdf,380,25,applicationPublication,1,0,0,1,"[""1277/DEL/2008 A""]","""ELECTRICAL POWER CONVERTER WITH TRAPEZOIDAL OUTPUT WAVEFORM""",{},""""""
20100108_2-2010_1_864e55206cf28b9a.pdf,268,25,applicationPublication,1,0,0,1,"[""2143/DELNP/2004 A""]","""PRODUCTION OF OLEFINS""",{},""""""
20100115_3-2010_1_c619895b8fa7a3f6.pdf,207,25,applicationPublication,1,0,0,1,"[""5850/DELNP/2005 A""]","""GRID LANDSCAPE COMPONENT""",{},""""""
20100122_4-2010_1_c512a74e55bf85f8.pdf,266,25,applicationPublication,1,0,0,1,"[""1967/DELNP/2003 A""]","""HIGH DENSITY LIPOPROTEIN-REACTIVE PEPTIDE""",{},""""""
20100129_5-2010_1_3e09aade34b9bc91.pdf,213,25,applicationPublication,1,0,0,1,"[""2869/DEL/2005 A""]","""A METHOD FOR IMPROVING POSITIONAL ACCURACY OF GEO-SPATIAL DATABASE""",{},""""""
20100205_6-2010_1_2ebee2695b0a79fb.pdf,246,25,applicationPublication,1,0,0,1,"[""4920/DELNP/2009 A""]","""METHOD AND APPARATUS FOR PRODUCING CARBON MONOXIDE BY CRYOGENIC DISTILLATION USING A DISTILLATION COLUMN SYSTEM SUPPLIED WITH A MIXTURE OF WHICH THE MAIN COMPONENTS ARE AT LEAST HYDROGEN AND CARBON MONOXIDE""",{},""""""
20100212_7-2010_1_9abdfb5bfe6e9191.pdf,320,25,applicationPublication,1,0,0,1,"[""1406/DEL/2009 A""]","""INTERNAL COMBUSTION ENGINE WITH AN ENGINE BRAKING MEANS""",{},""""""
20100219_8-2010_1_ca7477866db65cb1.pdf,340,25,applicationPublication,1,0,0,1,"[""1754/DEL/2005 A""]","""A PROCESS FOR THE MANUFACTURE OF DIVALPROEX SODIUM""",{},""""""
20100226_9-2010_1_a125041a4a4b30c8.pdf,537,25,applicationPublication,1,0,0,1,"[""59/MUM/2009 A""]",GLOVE BOX WITH ARTICLE HOLDER BAG,{},""""""
20100305_10-2010_1_982d5c0a173d8e89.pdf,790,25,applicationPublication,1,0,0,1,"[""131/CHE/2009 A""]",AN AUTHORING SYSTEM AND METHOD FOR GENERATION AND MAINTENANCE OF WEBSITE CONTAINING USER UP DATEABLE VARIABLE CONTENT WEB,{},""""""
20100312_11-2010_1_cb52da179ae12166.pdf,387,25,applicationPublication,1,0,0,1,"[""2083/DEL/2008 A""]","""CONNECTOR AND HIGH FREQUENCY VIBRATION DEVICE HAVING THE SAME""",{},""""""
20100319_12-2010_1_e66984b951294d3f.pdf,800,25,applicationPublication,1,0,0,1,"[""31/MUM/2010 A""]",A METHOD FOR DETECTION OF SIDEROPHORE USING DYE PAPER STRIP,{},""""""
20100319_12-2010_2_528278ea78a4ad59.pdf,834,25,applicationPublication,1,0,0,1,"[""2040/CHE/2007 A""]",HEAT EXCHANGE MODULE WITH MOUNTING FRAME FOR MOTOR VEHICLES,{},""""""
20100319_12-2010_3_e3a5e9b72697bea3.pdf,854,25,applicationPublication,1,0,0,1,"[""7397/CHENP/2009 A""]",PARTHENOCARPIC GENETIC ELEMENTS DERIVED FROM S. HABROCHAITES,{},""""""
20100326_13-2010_1_2139072978897469.pdf,600,25,applicationPublication,1,0,0,1,"[""1011/DELNP/2003 A""]","""NEURAL CORTEX""",{},""""""
20100326_13-2010_2_83d748a505ef60d4.pdf,480,25,applicationPublication,1,0,0,2,"[""1395/MAS/1995 A""]",LITHIUM SECONDARY BATTERY,{},""""""
20100402_14-2010_1_97b6d49cfee0d588.pdf,828,25,applicationPublication,1,0,0,1,"[""505/MUM/2009 A""]","CONTINUOUS COUNTERCURRENT ""FLUIDIZED MOVING BED (FMB) AND/OR EXPANDED MOVING BED (EMB)""",{},""""""
20100409_15-2010_1_5cecf36d3ab98941.pdf,600,25,applicationPublication,1,0,0,2,"[""131/MUM/2010 A""]",SINGLE LEVER DIVERTER USED IN TAP WATER INSTALLATION IN BATH ROOM.,{},""""""
20100409_15-2010_2_b6b77a2582271d5c.pdf,476,25,applicationPublication,1,0,0,1,"[""5841/CHENP/2009 A""]",SUNSCREEN COMPOSITIONS COMPRISING A RANDOM TERPOLYMER,{},""""""
20100416_16-2010_1_cd34c9bab26ea3ab.pdf,600,25,applicationPublication,1,0,0,1,"[""1645/DEL/2008 A""]","""A NOVEL DEALKYLATION PROCESS""",{},""""""
20100416_16-2010_2_c529e904faa94fa1.pdf,367,25,applicationPublication,1,0,0,1,"[""IN/PCT/2001/14371/CHE A""]",A CYLINDRICAL BATTERY AND METHOD FOR MANUFACTURING THE SAME,{},""""""
20100423_17-2010_1_d2c0153b145d50a8.pdf,500,25,applicationPublication,1,0,0,1,"[""98/MUM/2010 A""]",FLUE DUCT STIFFENER STRUCTURE,{},""""""
20100423_17-2010_2_1bd04bc5684e7f3c.pdf,377,25,applicationPublication,1,0,0,1,"[""5430/DELNP/2009 A""]","""METHOD AND ARRANGEMENT FOR PROCESSING MOBILE STATION HISTORY INFORMATION IN A WIRELESS COMMUNICATION SYSTEM""",{},""""""
20100430_18-2010_1_d8d34794088bdb15.pdf,668,25,applicationPublication,1,0,0,1,"[""1013/DEL/2009 A""]","""SYSTEM AND METHOD FOR TRIP EVENT DATA ACQUISITION AND WIND TURBINE INCORPORATING SAME""",{},""""""
20100507_19-2010_1_12fb9b3fd51e7f3a.pdf,453,25,applicationPublication,1,0,0,4,"[""1289/KOL/2009 A""]",HIGH DIMENSIONAL CORED WIRES CONTAINIG DE-SULPHURISING AGENT (S) FOR REMOVING SULPHUR FROM HOT METAL AND PROCESS FOR PREPARING THE SAME,{},""""""
20100514_20-2010_1_2e209229be5c5ed9.pdf,375,25,applicationPublication,1,0,0,2,"[""1974/DEL/2009 A""]","""ARRANGEMENT FOR COOLING OF AN ELECTRICAL MACHINE""",{},""""""
20100521_21-2010_1_a2bafe15e2ca1d73.pdf,525,25,applicationPublication,1,0,0,1,"[""343/MUM/2010 A""]","""COMPOSITION AND METHOD OF PREPARATION OF BIO FUNGICIDE BASED ON TRICHODERMA VIRIDE FOR CONTROLLING SOIL BORNE DISEASES""",{},""""""
20100528_22-2010_1_c9ed5618c6a8d3ad.pdf,368,25,applicationPublication,1,0,0,1,"[""31/KOL/2010 A""]",SCREEN PANEL WITH WEAR PROTECTIVE APERTURES,{},""""""
20100604_23-2010_1_7dc2b509ef2c7165.pdf,494,25,applicationPublication,1,0,0,2,"[""743/MUM/2010 A""]",'SURFACE AERATOR BLADES WITH CUPS AND WEIR',{},""""""
20100611_24-2010_1_8ab3150f67b28aaf.pdf,599,25,applicationPublication,1,0,0,1,"[""1168/MUM/2010 A""]",A DEVICE FOR INDICATING THE LEVEL OF OPENING OF A SECONDARY AIR BAFFLE,{},""""""
20100611_24-2010_2_580d102c9edb48ca.pdf,496,25,applicationPublication,1,0,0,1,"[""140/CHENP/2010 A""]",AIR DISTRIBUTING AND/OR AIR MIXING DEVICE,{},""""""
20100618_25-2010_1_d311369ffb00775c.pdf,638,25,applicationPublication,1,0,0,1,"[""1273/CHE/2010 A""]",A NOVEL ASSEMBLY OF HONEYCOMB SHEETS AND PLANETARY MOVEMENT OF PARABOLAS FOR CONCENTRATED SOLAR POWER,{},""""""
20100618_25-2010_2_f78916499adba1ba.pdf,596,25,applicationPublication,1,0,0,1,"[""2908/CHENP/2009 A""]",ANALYSIS OF PROTEOLYTIC PROCESSING,{},""""""
20100625_26-2010_1_0714152f752d1f81.pdf,710,25,applicationPublication,1,0,0,2,"[""42/CHE/2010 A""]",SYSTEM AND METHOD TO TRIGGER SEQUENCE OF ACTIONS DURING AN EMERGENCY,{},""""""
20100625_26-2010_2_4ab0898015776581.pdf,576,25,applicationPublication,1,0,0,1,"[""2278/CHE/2008 A""]",OPENING AND/OR CLOSING CONTROL DEVICE OF ELECTRICAL CONTACTS IN AN ELECTRICAL APPARATUS COMPRISING ONE SUCH DEVICE',{},""""""
20100702_27-2010_1_437bd621c7d3532c.pdf,626,25,applicationPublication,1,0,0,1,"[""2840/MUM/2009 A""]",CLOSING MECHANISM OF THROTTLE VALVE IN EXHAUST BRAKE ASSEMBLY OF COMMERCIAL VEHICLES,{},""""""
20100702_27-2010_2_c66d21f87ac6a4d6.pdf,448,25,applicationPublication,1,0,0,1,"[""149/CHENP/2010 A""]",SAFETY PLUG FOR SEALING BUS BAR END CONNECTIONS,{},""""""
20100709_28-2010_1_d660f2209da79e90.pdf,579,25,applicationPublication,1,0,0,3,"[""1412/MUM/2010 A""]",A COMPOSITE OF YTTRIA STABLIZED ZIRCONIA AND HYDROXYAPATITE FOR GAS SENSORS AND A METHOD OF FABRICATING THE COMPOSITE,{},""""""
20100716_29-2010_1_57f9708435d415a8.pdf,536,25,applicationPublication,1,0,0,1,"[""1661/MUM/2010 A""]",INFLATABLE BALLOON BASED SOLAR CONCENTRATOR AND POWER GENERATION SYSTEM.,{},""""""
20100716_29-2010_2_c2382c33beb744c1.pdf,343,25,applicationPublication,1,0,0,1,"[""171/CHENP/2010 A""]",PHOSPHATIDIC ACID PHOSPHATASE HOMOLOGS AND USE THEREOF,{},""""""
20100723_30-2010_1_179b9b00c3a3ffe5.pdf,427,25,applicationPublication,1,0,0,1,"[""1083/DELNP/2010 A""]",PRODUCTION OF ITACONIC ACID,{},""""""
20100723_30-2010_2_f4789577e24c4aaf.pdf,315,25,applicationPublication,1,0,0,2,"[""3085/CHE/2009 A""]",HYDROCRACKING PROCESS INCLUDING SWITCHABLE REACTORS WITH FEEDSTOCKS CONTAINING 200 PPM BY WEIGHT-2% BY WEIGHT OF ASPHALTENES,{},""""""
20100730_31-2010_1_d7c668d0b8456d42.pdf,553,25,applicationPublication,1,0,0,3,"[""1017/CHE/2010 A""]",PHARMACEUTICAL COMPOSITION COMPRISING TAMARIND SEED POLYOSE FOR MODIFIED RELEASE OF DRUG,{},""""""
20100730_31-2010_2_1f845a8c25ff29fb.pdf,557,25,applicationPublication,1,0,0,3,"[""1930/MUM/2008 A""]",PROCESS FOR THE PREPARATION OF ESCITALOPRAM,{},""""""
20100806_32-2010_1_6399197040d1c792.pdf,647,25,applicationPublication,1,0,0,1,"[""1771/MUM/2010 A""]",NAVA-VAANI,{},""""""
20100806_32-2010_2_bf8252ef0f6b7145.pdf,546,25,applicationPublication,1,0,0,1,"[""2282/MUM/2008 A""]",PACKAGED BIOLOGICAL WASTEWATER TREATMENT SYSTEM,{},""""""
20100813_33-2010_1_cd8c5798b5657757.pdf,708,25,applicationPublication,1,0,0,1,"[""68/KOL/2010 A""]",AN AUTOMATIC DEVICE FOR CONTROLLED FEEDING OF PULVERIZED FUEL FOR COMBUSTION IN A BURNER (S),{},""""""
20100813_33-2010_2_50a35d5f25545c65.pdf,523,25,applicationPublication,1,0,0,1,"[""1089/CHENP/2010 A""]","DATA CACHE PROCESSING METHOD, SYSTEM AND DATA CACHE APPARATUS",{},""""""
20100820_34-2010_1_4c82ba2030949463.pdf,809,25,applicationPublication,1,0,0,1,"[""1008/DELNP/2009 A""]",Z-MOTION MICROSCOPE SLIDE MOUNT,{},""""""
20100820_34-2010_2_a45183a867582b5e.pdf,803,25,applicationPublication,1,0,0,1,"[""2861/DEL/2008 A""]",&quot;METHOD AND SYSTEM FOR MODIFYING A MANUFACTURING PROCESS&quot;,{},""""""
20100827_35-2010_1_006d9449774cfc20.pdf,687,25,applicationPublication,1,0,0,1,"[""1002/DELNP/2010 A""]",PHASE ANALYSIS MEASUREMENT APPARATUS AND METHOD,{},""""""
20100903_36-2010_1_f7d6d6595df79d41.pdf,513,25,applicationPublication,1,0,0,1,"[""782/CHE/2010 A""]",AN IMPROVED PROCESS FOR PRODUCTION OF HIGH GRADE SYNTHETIC RUTILE FROM TITANIFERROUS ORES,{},""""""
20100910_37-2010_1_5f0f967f60bce85e.pdf,523,25,applicationPublication,1,0,0,1,"[""1798/DEL/2009 A""]",FLYBACK CONVERTER WITH FORWARD CONVERTER RESET CLAMP,{},""""""
20100917_38-2010_1_e9f72a0e041d221c.pdf,462,25,applicationPublication,1,0,0,1,"[""387/DEL/2010 A""]",METHOD FOR MONITORING PLASMA DISCHARGEMENT,{},""""""
20100924_39-2010_1_c563a263d59564bc.pdf,418,25,applicationPublication,1,0,0,1,"[""2523/CHE/2010 A""]",A 3D DISPLAY/VIDEO BACKDROP COMPRISING OF LED DISPLAY FOR THEATRE STAGE OR TV/FILM PRODUCTION STUDIO,{},""""""
20101001_40-2010_1_c06b720e7dbbfd2b.pdf,617,25,applicationPublication,1,0,0,1,"[""2214/MUM/2010 A""]","DESIGN OF SERIES RESONANT, PARALLEL LOADED TRANSFORMER LESS DC POWER SUPPLY",{},""""""
20101008_41-2010_1_27c53ae5b280379d.pdf,332,25,applicationPublication,1,0,0,1,"[""1355/DELNP/2004 A""]",FORMATION OF SHEET MATERIAL USING HYDROENTANGLEMENT,{},""""""
20101015_42-2010_1_4dbc94b417fb75cb.pdf,695,25,applicationPublication,1,0,0,3,"[""2509/MUM/2010 A""]",MULTIPURPOSE HERBAL COMPOSITIONS OF ANNONA SQUAMOSA AND NIGELLA SATIVA,{},""""""
20101022_43-2010_1_e6a968c168abcfb7.pdf,647,25,applicationPublication,1,0,0,1,"[""1879/DEL/2009 A""]",THERAPEUTIC AGENT FOR INFECTIONS,{},""""""
20101029_44-2010_1_21905b4336fddcca.pdf,361,25,applicationPublication,1,0,0,1,"[""431/DEL/2010 A""]","INFORMATION PROCESSING APPARATUS, INFORMATION PROCESSING METHOD, AND INFORMATION PROCESSING PROGRAM",{},""""""
20101105_45-2010_1_5d1236d496e47139.pdf,559,25,applicationPublication,1,0,0,1,"[""3125/DELNP/2010 A""]",NEW CUCUMBER PLANTS WITH A COMPACT GROWING HABIT,{},""""""
20101112_46-2010_1_7079aa218ff33da2.pdf,687,25,applicationPublication,1,0,0,1,"[""1054/DEL/1998 A""]",PYRAZOLOPYRIMIDINONE ISOMERIC COMPOUND,{},""""""
20101119_47-2010_1_4bd3fcacd3f54003.pdf,537,25,applicationPublication,1,0,0,1,"[""1085/DEL/2010 A""]",â€œCOOLING MECHANISM FOR AXIAL GAP TYPE ROTATING MACHINESâ€,{},""""""
20101119_47-2010_2_580a44293f11ac1d.pdf,301,25,applicationPublication,1,0,0,1,"[""3173/CHENP/2010 A""]",CLOSED-CIRCUIT GRINDING PLAT HAVING SIFTER AND FINE MATERIAL SETTLING DEVICE,{},""""""
20101126_48-2010_1_2c29f3dd7d841e31.pdf,397,25,applicationPublication,1,0,0,1,"[""508/MUM/2010 A""]",PROCESS FOR ISOLATION OF POLYPHENOLS FROM PLANTS,{},""""""
20101126_48-2010_2_72f4a6671fdddb20.pdf,478,25,applicationPublication,1,0,0,2,"[""1348/CHE/2010 A""]","HIGH-FREQUENCY CIRCUIT, LOW NOISE BLOCK DOWN CONVERTER AND ANTENNA APPARATUS",{},""""""
20101203_49-2010_1_c7dabc9c7e5d812a.pdf,522,25,applicationPublication,1,0,0,1,"[""817/MUM/2010 A""]",FLOATING ROADS - 2050,{},""""""
20101210_50-2010_1_363ac136c8e74e09.pdf,690,25,applicationPublication,1,0,0,1,"[""544/MUM/2010 A""]","PROCESS FOR THE PREPARATION OF METHYL-METHYL-3, 4-DIHYDRO-2H-PYRAN-5- CARBOXYLATE",{},""""""
20101217_51-2010_1_44f19572430f9687.pdf,256,25,applicationPublication,1,0,0,1,"[""3374/CHE/2010 A""]",HERBAL BODY CLEANSER,{},""""""
20101224_52-2010_1_67b78328c366af75.pdf,250,25,applicationPublication,1,0,0,1,"[""1351/DEL/2010 A""]",METHOD FOR THE INSTALLATION OF SLAB TRACKS IN TWIN TUBE TUNNELS,{},""""""
20101231_53-2010_1_e872532539c4fe89.pdf,256,25,applicationPublication,1,0,0,1,"[""2790/CHE/2009 A""]",DC OPERATED MOSQUITO REPPELOR APPARATUS,{},""""""
20110107_1-2011_1_41221769e80ff420.pdf,364,25,applicationPublication,1,0,0,2,"[""3090/MUM/2010 A""]",COMPRESSED AIR OPERATED ENGINE,{},""""""
20110114_2-2011_1_33b0f713fd370342.pdf,469,25,applicationPublication,1,0,0,1,"[""2168/CHE/2009 A""]",INHIBITION OF HISTONE ACETYLTRANSFERASES BY CTK7A AND METHODS THEREOF,{},""""""
20110121_3-2011_1_88bf6878a00b2c97.pdf,350,25,applicationPublication,1,0,0,1,"[""1000/DEL/2009 A""]",LOCKING SYSTEM FOR HINGES,{},""""""
20110128_4-2011_1_9de48f0b864a7553.pdf,277,25,applicationPublication,1,0,0,1,"[""1530/DEL/2009 A""]",A NATURAL ENERGY DRINK AND A METHOD TO PRODUCE THERE OF,{},""""""
20110204_5-2011_1_5c2c61967910a556.pdf,416,25,applicationPublication,1,0,0,1,"[""3152/MUM/2010 A""]",A PROCESS OF PREPARATION OF RAHAT TEL- AYURVEDIC MEDICATED OIL USEFUL IN RHEUMATOLOGICAL DISORDER.,{},""""""
20110211_6-2011_1_ee3346b6099a77e0.pdf,283,25,applicationPublication,1,0,0,1,"[""1480/DEL/2010 A""]",THREE-DIMENSIONAL APERTURED FILM FOR TRANSMITTING DYNAMICALLY-DEPOSITED AND STATICALLY-RETAINED FLUIDS,{},""""""
20110218_7-2011_1_961e4790600ed4ff.pdf,250,25,applicationPublication,1,0,0,1,"[""1663/DEL/2009 A""]",CHILLED POT-AN AIR WATER COOLER,{},""""""
20110225_8-2011_1_b17d1c07a3c7839d.pdf,425,25,applicationPublication,1,0,0,1,"[""1721/DEL/2009 A""]","A PROCESS FOR PRODUCING 4-(4-HALO-1-OXYBUTY1)-α,α-DIMETHYLBENZENE ACETIC ACID OR ALAKYL ESTERS THEREOF",{},""""""
20110304_9-2011_1_4271d1861449f88d.pdf,415,25,applicationPublication,1,0,0,1,"[""849/KOL/2010 A""]",LED BASED BULB TO RETROFIT INTO THE CONVENTIONAL LIGHTING FIXTURE OF INCANDESCENT OR CFL BULB,{},""""""
20110311_10-2011_1_f8f3d4122e02969b.pdf,290,25,applicationPublication,1,0,0,2,"[""148/CHE/2010 A""]",SYSTEM FOR HUMAN SAFETY AND EASY CLEARING OF SEWERAGE BLOCK,{},""""""
20110318_11-2011_1_d34d52a6188999d6.pdf,339,25,applicationPublication,1,0,0,2,"[""2826/MUM/2010 A""]",GREEN TEA EXTRACT LOADED ETHOSOMAL CREAMS FOR IMPROVING SKIN VISCOELASTICITY EFFECTS,{},""""""
20110325_12-2011_1_f13591c70eebc3e0.pdf,436,25,applicationPublication,1,0,0,2,"[""104/CHE/2011 A""]","PROCESS FOR MANUFACTURE OF CLEANING AGENTS, PARTICULARLY SHAMPOOS, FROM THE PEDUNCLE FIBERS OF THE BANANA PLANT AND PRODUCTS OBTAINED THEREBY.",{},""""""
20110401_13-2011_1_8c58f182d2818e8a.pdf,327,25,applicationPublication,1,0,0,1,"[""1439/DEL/2008 A""]",A NOVEL PROCESS FOR EXTRACTION OF FUROSTANOLIC SAPONINS FROM FENUGREEK SEEDS,{},""""""
20110408_14-2011_1_ee6cbcf7beeb7caf.pdf,292,25,applicationPublication,1,0,0,1,"[""1035/CHE/2011 A""]",NOVEL ANTIMICROBIAL AND ANTITUMOR COMPOUND FROM MARINE SPONGE SPIRASTRELLA INCONSTANS VAR. GLOBOSA DENDY,{},""""""
20110415_15-2011_1_e780a0dc422fdfc7.pdf,253,25,applicationPublication,1,0,0,1,"[""1230/DEL/2004 A""]",MULTI FUEL BURNER,{},""""""
20110422_16-2011_1_e6260e7876ef981c.pdf,199,25,applicationPublication,1,0,0,1,"[""2124/DEL/2009 A""]",FRACTIONATION OF CRUDE OIL TANK BOTTOM SLUDGE AND PIPELINE SCRAPPING USING SHORT PATH DISTILLATION AND RECOVERY OF MICROCRYSTALLINE WAX THEROF,{},""""""
20110429_17-2011_1_5de0effdad29157f.pdf,454,25,applicationPublication,1,0,0,1,"[""518/KOL/2011 A""]",NITRATE REDUCING MICROBIAL CONSORTIUM AS BIOFERTILIZER FOR PLANT GROWTH PROMOTION,{},""""""
20110506_18-2011_1_4439f22dda1ce7fb.pdf,153,25,applicationPublication,1,0,0,1,"[""2985/MUM/2009 A""]",NEW RESEARCH IN SPRE PUMP,{},""""""
20110513_19-2011_1_ab09378e479074d0.pdf,299,25,applicationPublication,1,0,0,2,"[""410/MUM/2011 A""]",AN IMPROVED QUICK COOLING UNIT FOR LIQUIDS,{},""""""
20110520_20-2011_1_8e037983b299135c.pdf,244,25,applicationPublication,1,0,0,1,"[""1561/CHE/2011 A""]",HEART VALVE IMPLANT-HOLLOW OCCLUDER BALL WITHIN SQUARE STRUT,{},""""""
20110527_21-2011_1_27cb1e0c55ec28a1.pdf,314,25,applicationPublication,1,0,0,1,"[""1548/CHE/2011 A""]",AN AUTOMATED WIRELESS MOBILE TELE-ALERT SYSTEM FOR CONTINUOUS CARDIAC SURVEILLANCE,{},""""""
20110603_22-2011_1_a5b2a66847b2e79f.pdf,335,25,applicationPublication,1,0,0,2,"[""172/CHE/2011 A""]",SYSTEM AND METHOD FOR MANAGEMENT OF EMISSION FACTORS,{},""""""
20110610_23-2011_1_35c689de137fa4c1.pdf,381,25,applicationPublication,1,0,0,2,"[""2918/MUM/2010 A""]",A DESIGNING SYSTEM AND METHOD FOR CASTING/MOULDING PROCESSES IN RELATION TO PREDICTED SHRINKAGE AND CALCULATED THICKNESS FOR A COMPONENT`,{},""""""
20110617_24-2011_1_91ec8cbdd495da7c.pdf,215,25,applicationPublication,1,0,0,1,"[""6199/DELNP/2010 A""]",SYNCHRONOUS FLAT BELT DRIVE,{},""""""
20110624_25-2011_1_8c618efe6492189c.pdf,306,25,applicationPublication,1,0,0,1,"[""658/KOL/2011 A""]","DEVELOPMENT OF RUBBER COMPOUNDS AND PROCESSING SYSTEM IN RETREADING OF PNEUMATIC USED TYRES FOR CARS, BUSES, TRUCKS, EARTH MOVERS AND TUBELESS DUMPER TYRE TO AUGMENT SERVICE LIFE",{},""""""
20110701_26-2011_1_4dd5fac4f1c37652.pdf,392,25,applicationPublication,1,0,0,1,"[""3104/CHE/2010 A""]",A METHOD OF CONSTRUCTION OF HORSE-SHOE OR U SHAPED RAMPS OR FLYOVERS FOR CONTINUOUS FLOW OF TRAFFIC AT AN ARTERIAL ROAD INTERSECTION,{},""""""
20110708_27-2011_1_14978f2a4e83e16b.pdf,322,25,applicationPublication,1,0,0,1,"[""1364/MUM/2011 A""]",PROLIPOSOMAL FORMULATIONS FOR CANCER THERAPY,{},""""""
20110715_28-2011_1_507c626ee4a8267a.pdf,242,25,applicationPublication,1,0,0,1,"[""2240/CHE/2011 A""]",A SYSTEM AND A METHOD TO INEGRATE MOLECULAR VIEWER/EDITOR APPLICATION WITH A PHARMACEUTICAL PLM,{},""""""
20110722_29-2011_1_949e09f69f3dcf26.pdf,287,25,applicationPublication,1,0,0,1,"[""102/DEL/2010 A""]",CONDUCTIVE DEVICE FOR ELECTRO-COATING BARREL,{},""""""
20110729_30-2011_1_0df84c094867f971.pdf,461,25,applicationPublication,1,0,0,1,"[""704/KOL/2010 A""]","ARSENIC REMOVA,L FROM GROUNDWATER BY OXIDATION-COAGULATION AT CONTROLLED PH FOR DOMESTIC AND COMMUNITY APPLICATIONS",{},""""""
20110805_31-2011_1_572e25f6e8391cbe.pdf,287,25,applicationPublication,1,0,0,1,"[""297/MUMNP/2011 A""]",WORD INPUT METHOD,{},""""""
20110812_32-2011_1_b737a8df51bd1b70.pdf,27,25,frontMatter,0,0,0,0,[],"""""",{},""""""
20110812_32-2011_2_ed7d5bac637d5717.pdf,371,25,applicationPublication,1,0,0,1,"[""6510/DELNP/2010 A""]","ORAL PREPARATION, INJECTION PREPARATION, EXTERNAL SKIN PREPARATION AND COSMETIC METHOD FOR PREVENTING OR IMPROVING WRINKLES",{},""""""
20110819_33-2011_1_c34ebbddeb9a096d.pdf,508,25,applicationPublication,1,0,0,1,"[""1167/MUM/2011 A""]",AN IMPROVED JAGGERY PLANT WITH LIFTING MECHANISM,{},""""""
20110826_34-2011_1_ea0c5a3e8a2d8b04.pdf,464,25,applicationPublication,1,0,0,1,"[""3755/CHE/2010 A""]",A METHOD AND SYSTEM FOR LOOP AVOIDANCE IN A COMMUNICATION NETWORK,{},""""""
20110902_35-2011_1_59dd38304f1cdd3b.pdf,456,25,applicationPublication,1,0,0,1,"[""34/DELNP/2010 A""]","INK OR TONER COMPOSITIONS, METHODS OF USE, AND PRODUCTS DERIVED THEREFROM",{},""""""
20110909_36-2011_1_6cbca352400fb152.pdf,658,25,applicationPublication,1,0,0,1,"[""800/CHE/2010 A""]",HYDRAULIC WEIGHT POWER ELECTRICITY,{},""""""
20110916_37-2011_1_8b53489355cf0bf5.pdf,302,25,applicationPublication,1,0,0,1,"[""531/DEL/2010 A""]",A PROCESS FOR THE MANUFACTURE OF PINE NEEDLE-ISOCYANATE PREPOLYMER COMPOSITE BOARDS/PANELS AND PRODUCTS THEREOF,{},""""""
20110923_38-2011_1_0ba69dcd45b8611a.pdf,292,25,applicationPublication,1,0,0,2,"[""1022/MUM/2011 A""]",SELF ENERGIZED DRUM BRAKE,{},""""""
20110930_39-2011_1_132850f2c2e97a8b.pdf,229,25,applicationPublication,1,0,0,1,"[""3341/MUM/2010 A""]",A DIGITAL ELECTRONIC BALLAST FOR HIGH INTENSITY DISCHARGE LAMPS,{},""""""
20111007_40-2011_1_030cfb33431ecf26.pdf,256,25,applicationPublication,1,0,0,1,"[""1010/MUM/2011 A""]",AN AUTO TEST BENCH SYSTEM FOR KIOSK TYPE PANEL TESTING,{},""""""
20111014_41-2011_1_21dbb7ae40f56c81.pdf,428,25,applicationPublication,1,0,0,1,"[""164/DEL/2010 A""]",METHOD AND ARRANGEMENT TO INSTALL A WING-TURBINE,{},""""""
20111014_41-2011_2_737c1071157845bc.pdf,269,25,applicationPublication,1,0,0,3,"[""1566/MUMNP/2010 A""]",METHOD AND DEVICE FOR MONITORING BREASTFEEDING,{},""""""
20111021_42-2011_1_0c7c77f364dd4407.pdf,245,25,applicationPublication,1,0,0,1,"[""10225/DELNP/2008 A""]","AUTOMATED SYSTEM FOR STORING, RETREIVING AND MANAGING SAMPLES",{},""""""
20111028_43-2011_1_8451e061b9ab962b.pdf,154,25,applicationPublication,1,0,0,1,"[""2784/DELNP/2010 A""]",HETEROCYCLIC COMPOUND AND PHARMACEUTICAL COMPOSITION THEREOF,{},""""""
20111104_44-2011_1_7d6cea312687c69e.pdf,348,25,applicationPublication,1,0,0,1,"[""776/KOL/2010 A""]",IMPROVED METHOD AND APPARATUS FOR DIVIDING VISCOUS FLOWABLE PASTE MATERIAL,{},""""""
20111111_45-2011_1_5c74580efa872a7f.pdf,673,25,applicationPublication,1,0,0,1,"[""751/MUM/2011 A""]",HERBAL COMPOSITION FOR THYROID TREATMENT,{},""""""
20111118_46-2011_1_c1c91cb266119b6d.pdf,540,25,applicationPublication,1,0,0,1,"[""1923/MUM/2011 A""]",MULTITHERAPEUTIC FUNCTIONAL FOOD SNACK COMPOSITION AND METHOD THEREOF FROM GANODERMA LUCIDUM,{},""""""
20111125_47-2011_1_b43e9e0bdf47c021.pdf,679,25,applicationPublication,1,0,0,1,"[""3958/CHE/2011 A""]","PROTON EXCHANGE MEMBRANE FUEL CELL STACK WORKING UNDER HIGH PURE OXYGEN, COMPRESSED AIR AND SELF BREATHING CATHODE",{},""""""
20111125_47-2011_2_4e7c7631c0bc567f.pdf,705,25,applicationPublication,1,0,0,1,"[""1838/KOLNP/2010 A""]",SERVICE DISCOVERY ASSOCIATED WITH REAL TIME COMPOSITION OF SERVICES,{},""""""
20111125_47-2011_3_784d87e43c5f1e5c.pdf,607,25,applicationPublication,1,0,0,1,"[""3534/KOLNP/2010 A""]",SUBSTITUTED PYRIDAZINYLMETHYL SULFONAMIDES,{},""""""
20111202_48-2011_1_b694249277950956.pdf,770,25,applicationPublication,1,0,0,1,"[""839/KOL/2011 A""]",A NOVEL DEVICE COMPRISING AN IMMERSION TYPE SENSOR FOR MEASURING TEMPERATURE OF MOLTEN METALS,{},""""""
20111202_48-2011_2_578f9f441f7d3c80.pdf,467,25,applicationPublication,1,0,0,1,"[""1736/CHENP/2011 A""]",INCREASING CELL WALL DEPOSITION AND BIOMASS IN PLANTS,{},""""""
20111202_48-2011_3_fc68d1f87f665e1e.pdf,418,25,applicationPublication,1,0,0,1,"[""546/CHENP/2011 A""]",SYSTEM AND METHOD FOR PROCESSING POWER CONTROL COMMANDS IN A WIRELESS COMMUNICATION SYSTEM,{},""""""
20111209_49-2011_1_db669a0c5efbfeb1.pdf,384,25,applicationPublication,1,0,0,1,"[""2456/MUM/2011 A""]","A METHOD OF RECEIVING, HOLDING AND PUMPING SYSTEM TO RECOVER THE HEXANE AND REUSE WITH HYDRAULIC SEAL THROUGH COTTON OIL MISCELLA SOAP STOCK, IN THE SINGLE STEP EXTRACTION WITH MISCELLA REFINING PROCESS.",{},""""""
20111216_50-2011_1_aae2d1209800f56a.pdf,436,25,applicationPublication,1,0,0,1,"[""1080/KOL/2009 A""]",COLLISION DETECTOR,{},""""""
20111223_51-2011_1_a06e4cc0a83fd814.pdf,433,25,applicationPublication,1,0,0,1,"[""1154/DEL/2006 A""]",HYDRO ELECTRIC HYDRO ENERGY PROPULSION SYSTEM,{},""""""
20111230_52-2011_1_bb8e1af8d3823e06.pdf,471,25,applicationPublication,1,0,0,1,"[""1457/DEL/2010 A""]",A METHOD FOR PERFORMING MAINTENANCE ON A CHROMATOGRAPHY COLUMN,{},""""""
20120106_1-2012_1_113e7c9b92087ada.pdf,380,25,applicationPublication,1,0,0,1,"[""1519/DEL/2010 A""]",PNEUMATIC TWISLE,{},""""""
20120113_2-2012_1_d244a94702d5f9fc.pdf,439,25,applicationPublication,1,0,0,1,"[""3/CHE/2012 A""]",A PROCESS FOR PREPARATION OF 2-HALO-6-(TRIFLUOROMETHYL)BENZYLHALIDE,{},""""""
20120120_3-2012_1_b6fc3ea4714788e7.pdf,422,25,applicationPublication,1,0,0,1,"[""4309/CHE/2011 A""]",A PROCESS FOR PREPARATION OF ETOMIDATE,{},""""""
20120127_4-2012_1_bcccb1be9d768b46.pdf,315,25,applicationPublication,1,0,0,1,"[""2015/CHE/2011 A""]","IMMUNOMODULATORY EFFECT OF A HERBAL FORMULATION TABLET COMPRISING EQUAL MIXTURE OF INDIAN HERBAL NAMELY PIPER NIGRUM, ZINGER OFFICINALE, SYZHIGIUM JUMBOLANUM",{},""""""
20120203_5-2012_1_395db5f4fd75f577.pdf,380,25,applicationPublication,1,0,0,1,"[""1065/DEL/2006 A""]",A NOVEL ATTACHMENTS TO BUTTLE USEFUL FOR DRINKING LIQUIDS FROM BOTTLE,{},""""""
20120210_6-2012_1_3c8e2f935c943856.pdf,368,25,applicationPublication,1,0,0,1,"[""3436/MUM/2011 A""]",AN IMPROVED ALLOY STEEL,{},""""""
20120217_7-2012_1_334331b185ee144b.pdf,384,25,applicationPublication,1,0,0,1,"[""1414/KOL/2011 A""]",A SYSTEM FOR CONTINUOUS PRODUCTION OF SHAPED SPONGE IRON FROM IRON ORE FINES AND A METHOD OF PRODUCING THE SAME,{},""""""
20120224_8-2012_1_4d4bbfd321203adf.pdf,396,25,applicationPublication,1,0,0,2,"[""2552/MUM/2010 A""]",STITCH FREE,{},""""""
20120302_9-2012_1_df2f975078aa81a7.pdf,418,25,applicationPublication,1,0,0,2,"[""2420/MUM/2011 A""]",AN IMPROVED HEATING ELEMENT,{},""""""
20120309_10-2012_1_23708b48b69cea14.pdf,365,25,applicationPublication,1,0,0,1,"[""3602/MUM/2011 A""]",PSORA - CARE PLUS.,{},""""""
20120316_11-2012_1_263b038f20f5010b.pdf,294,25,applicationPublication,1,0,0,1,"[""1544/KOL/2011 A""]",A HETEROGENEOUS BASE CATALYST AND A PROCESS FOR THE SYNTHESIS OF FUEL GRADE BIODIESEL INVOLVING THE SAME,{},""""""
20120323_12-2012_1_a9d1a215ac8115d8.pdf,325,25,applicationPublication,1,0,0,1,"[""645/CHE/2012 A""]","THE ART, METHOD, MANNER, PROCESS AND SYSTEM OF MOLECULAR DESIGN PATTERN FOR LARGE AREA DYE SENSITISED SOLAR CELL",{},""""""
20120330_13-2012_1_223f54f48e5e7a36.pdf,367,25,applicationPublication,1,0,0,1,"[""1067/DEL/2011 A""]","MACHINE FRAME WITH CARRIER, METHOD FOR ALIGNING THE CARRIER, AND CARRIER",{},""""""
20120406_14-2012_1_e1506f5cb50afb57.pdf,231,25,applicationPublication,1,0,0,1,"[""2318/DEL/2010 A""]",AN IMPROVED MUFFLER FOR AGRICULTURAL TRACTORS,{},""""""
20120413_15-2012_1_9ba99baa15d453d1.pdf,313,25,applicationPublication,1,0,0,1,"[""2393/DEL/2010 A""]",METHOD AND APPARATUS FOR RELIABLE CONTROL CHANNEL PERFORMANCE,{},""""""
20120420_16-2012_1_00fc9c63f4778708.pdf,320,25,applicationPublication,1,0,0,1,"[""3437/DEL/2011 A""]","SALIVARY BIOMARKERS FOR DIAGNOSIS, PROGNOSIS AND MONITORING SLEEPINESS AND SLEEP RELATED DISORDERS",{},""""""
20120427_17-2012_1_981d334fdcec8816.pdf,296,25,applicationPublication,1,0,0,1,"[""675/MUM/2011 A""]",LINEAR TRAVELING AUTO TROLLEY BLOCK WITH SQUEEGEE HOLDER CHANGER FOR FLAT BED SCREEN PRINTING MACHINE,{},""""""
20120504_18-2012_1_1d9f5adbd1784c6f.pdf,413,25,applicationPublication,1,0,0,1,"[""905/DEL/2012 A""]",PAIN RILIEF HERBAL COMPOSITION-EXTERNAL USE MEDICINE,{},""""""
20120511_19-2012_1_19e46b9d4eabbd66.pdf,266,25,applicationPublication,1,0,0,1,"[""1488/DEL/2011 A""]",MECHANISM FOR SETTING A FUSE,{},""""""
20120518_20-2012_1_7f0f10812ffa04cd.pdf,307,25,applicationPublication,1,0,0,1,"[""492/MUM/2012 A""]",PROTECTIVE FLOUR COLLECTION DEVICE FOR REDUCING AIR POLLUTION AND FLOUR WASTAGE IN EXISTING FLOUR MILLS,{},""""""
20120525_21-2012_1_828425e0d5134b6e.pdf,428,25,applicationPublication,1,0,0,1,"[""1172/MUM/2012 A""]",AN AMUSEMENT ARTICLE BEING USED IN A WATER PARKS DUMP BUCKET,{},""""""
20120601_22-2012_1_7ab87e8db1038e9e.pdf,310,25,applicationPublication,1,0,0,1,"[""1267/MUM/2012 A""]",METHOD&NBSP; AND APPARATUS FOR CONTROLLING A FLAME IN A KILN,{},""""""
20120608_23-2012_1_96477a1f6f5df028.pdf,272,25,applicationPublication,1,0,0,1,"[""1035/DEL/2011 A""]",APPARATUS AND METHOD OF WRAPPING A FILM AROUND A STACK OF OBJECTS,{},""""""
20120615_24-2012_1_5e4b2242ec18f69e.pdf,180,25,applicationPublication,1,0,0,1,"[""2151/CHE/2012 A""]",EASY RAIDER'S FUEL TAP,{},""""""
20120622_25-2012_1_51a84a60b1cb3528.pdf,252,25,applicationPublication,1,0,0,1,"[""1474/MUM/2011 A""]",THERMAL AIR-CONDITIONED WEARS.,{},""""""
20120629_26-2012_1_077f3f9d63d68034.pdf,241,25,applicationPublication,1,0,0,2,"[""159/MUMNP/2012 A""]",OSTOMY CONTAINMENT DEVICE,{},""""""
20120706_27-2012_1_81063b70a88a63e2.pdf,194,25,applicationPublication,1,0,0,1,"[""577/MUMNP/2011 A""]",BOTTLE SUPPORT WITH CLUTCH,{},""""""
20120713_28-2012_1_24073723202832cb.pdf,374,25,applicationPublication,1,0,0,1,"[""148/CHE/2012 A""]",PROCESS FOR PRESERVATION AND STABILIZATION OF PARTIALLY MILLED/POLISHED BROWN RICE,{},""""""
20120720_29-2012_1_a50575965f6f4e6a.pdf,225,25,applicationPublication,1,0,0,2,"[""182/DEL/2010 A""]",NOVEL DISPIRO CYCLOALKANONES USEFUL AS INHIBITORS OF NAD+-DEPENDENT DNA LIGASE AND ANTITUBERCULAR AGENTS,{},""""""
20120727_30-2012_1_c75bfd67485ddf37.pdf,370,25,applicationPublication,1,0,0,1,"[""1166/DEL/2011 A""]","METHOD AND DEVICE FOR RECYCLING CLEANING OR RINSING WATER, IN PARTICULAR RINSER WATER",{},""""""
20120803_31-2012_1_0e3646665eac4b3c.pdf,306,25,applicationPublication,1,0,0,1,"[""1693/MUM/2012 A""]",AN IMPROVED HAIR TRANSPLANTATION INSTRUMENT FOR MAKING MULTIPLE SLITS/INCISIONS IN A SINGLE STROKE,{},""""""
20120810_32-2012_1_f84fc5fb6033cad2.pdf,344,25,applicationPublication,1,0,0,1,"[""3076/CHE/2012 A""]",MULTI-CHANNEL BROADBAND RE-CONFIGURABLE RF FRONT END FOR SOFTWARE DEFINED RADIO / COGNITIVE RADIO,{},""""""
20120817_33-2012_1_8b78e6d7474fbe3b.pdf,501,25,applicationPublication,1,0,0,2,"[""413/DEL/2011 A""]",A GELLED INCENDIARY COMPOSITION,{},""""""
20120824_34-2012_1_06189be4ebf1601f.pdf,618,25,applicationPublication,1,0,0,1,"[""788/CHE/2012 A""]",A FAST AND FLEXIBLE ENCRYPTION ALGORITHM TO IMPLEMENT HARD DISK SECURITY,{},""""""
20120831_35-2012_1_734efc3d11c1f961.pdf,474,25,applicationPublication,1,0,0,2,"[""2100/MUM/2012 A""]","ECONOMICAL, USER-FRIENDLY APPLICATOR FOR AGRICULTURE.",{},""""""
20120831_35-2012_2_ebeb59a6381b75cb.pdf,309,25,applicationPublication,1,0,0,2,"[""2156/CHE/2011 A""]",STAMPED ELECTRICAL TERMINAL,{},""""""
20120907_36-2012_1_cc2b9d996c054a1e.pdf,713,25,applicationPublication,1,0,0,1,"[""1870/MUM/2012 A""]",HEALTH CARE FRAMEWORK FOR PRELIMINARY DIAGNOSIS OF DISEASES FOR RURAL POPULATION USING CELL PHONE,{},""""""
20120907_36-2012_2_fa8cfbe37d0f3379.pdf,444,25,applicationPublication,1,0,0,1,"[""3867/CHENP/2011 A""]",AN INKJET PRINTING SYSEM AND METHOD,{},""""""
20120914_37-2012_1_a0baf603e912c051.pdf,366,25,applicationPublication,1,0,0,1,"[""636/DEL/2011 A""]",REFLECTOR UNIT FOR A LINEAR FRESNEL REFLECTOR SOLAR ENERGY COLLECTOR SYSTEM FIELD OF INVENTION,{},""""""
20120921_38-2012_1_840a663f64599bb8.pdf,190,25,applicationPublication,1,0,0,1,"[""709/DEL/2011 A""]",PIRIFORMOSPORA INDICA OBVIATES EXTREME TEMPERATURE STRESSES,{},""""""
20120928_39-2012_1_17ed32f73a860dd6.pdf,333,25,applicationPublication,1,0,0,1,"[""824/MUM/2012 A""]",HIGH SPEED BURR FREE COLD CUT OFF CARRIAGE SAW MACHINE,{},""""""
20121005_40-2012_1_7c0efb0d0ae52665.pdf,305,25,applicationPublication,1,0,0,2,"[""2236/MUM/2011 A""]",CAPSULATED FORMULATION WITH BENEFICIAL MICROBES FOR HEALTHY PLANT GROWTH,{},""""""
20121012_41-2012_1_c2b125794cda07b3.pdf,760,25,applicationPublication,1,0,0,1,"[""971/KOL/2012 A""]",A PROCESS OF ARRIVING AT AN ARRAY OF ROUTE BASED POSSIBILITIES FOR A TRAVELLER TO TRAVEL BETWEEN TWO POINTS,{},""""""
20121019_42-2012_1_f81529c8606d58bf.pdf,617,25,applicationPublication,1,0,0,1,"[""10/DELNP/2012 A""]",HYDRAULIC PRESS UNIT,{},""""""
20121019_42-2012_2_101f12a1afad0ae4.pdf,632,25,applicationPublication,1,0,0,1,"[""1199/CHENP/2012 A""]",APPARATUS FOR REFINING SILICON AND METHOD FOR REFINING SILICON,{},""""""
20121026_43-2012_1_ad410f419d562ed2.pdf,818,25,applicationPublication,1,0,0,1,"[""10212/DELNP/2011 A""]",REFOLDING PROTEINS USING A CHEMICALLY CONTROLLED REDOX STATE,{},""""""
20121102_44-2012_1_034cdc3db042b7b8.pdf,674,25,applicationPublication,1,0,0,1,"[""4265/CHE/2012 A""]",METHOD AND SYSTEM FOR SESSION ADMISSION CONTROL IN BROADBAND WIRELESS NETWORK,{},""""""
20121102_44-2012_2_b45da0b210fe1956.pdf,431,25,applicationPublication,1,0,0,1,"[""2274/KOLNP/2011 A""]",MEDICAMENT DELIVERY DEVICE,{},""""""
20121109_45-2012_1_7687076da96afd49.pdf,675,25,applicationPublication,1,0,0,1,"[""3963/CHE/2012 A""]",PAB REACTOR,{},""""""
20121116_46-2012_1_e2a7dacf7ff50049.pdf,666,25,applicationPublication,1,0,0,2,"[""2971/MUM/2012 A""]",MATURITY AND SPAWNING FEED FOR ANGELFISH (PTEROPHYLLUM SCALARE).,{},""""""
20121116_46-2012_2_971a9a18fa0cd012.pdf,675,25,applicationPublication,1,0,0,1,"[""5133/CHENP/2011 A""]","METHOD, SYSTEM, AND DEVICE FOR TRANSMITTING DATA IN OPTICAL TRANSPORT NETWORK",{},""""""
20121123_47-2012_1_1e32926fe619dda9.pdf,502,25,applicationPublication,1,0,0,1,"[""1436/DEL/2011 A""]",PLUG AND PLAY MECHANICAL HARNESS FOR SOLAR ENERGY HARVESTING ASSEMBLIES,{},""""""
20121130_48-2012_1_0cff3907a3b261d8.pdf,748,25,applicationPublication,1,0,0,1,"[""1905/CHE/2012 A""]",RE-TECH POWER SYSTEM (GENERATOR),{},""""""
20121207_49-2012_1_742448470298ab96.pdf,768,25,applicationPublication,1,0,0,1,"[""3258/MUM/2011 A""]",AN APPARATUS AND A METHOD FOR CONTROLLING GLASS SHEET THICKNESS,{},""""""
20121214_50-2012_1_1670592af3e0fdbd.pdf,559,25,applicationPublication,1,0,0,3,"[""3191/MUM/2012 A""]","MULTI PLALTFORM 4 LAYER AND X,Y,Z AXIS AUDIO RECORDING, MIXING AND PLAYBACK PROCESS.",{},""""""
20121221_51-2012_1_78eb1454587cf06d.pdf,834,25,applicationPublication,1,0,0,2,"[""3330/MUM/2012 A""]",A POTABLE WATER GENERATING DEVICE,{},""""""
20121228_52-2012_1_e3d3bcc054f8ce0e.pdf,535,25,applicationPublication,1,0,0,2,"[""3299/MUM/2012 A""]",METHOD FOR SELECTIVE EXTRACTION AND PURIFICATION OF STRESSINDUCED ANTIMICROBIAL METABOLITE FROM PASSIFLORA FOETIDA L,{},""""""
20130104_1-2013_1_0b83b8f208bdfde7.pdf,538,25,applicationPublication,1,0,0,1,"[""1104/DEL/2011 A""]",POWER MANAGEMENT SYSTEM AND METHOD OF MANAGING POWER SUPPLY,{},""""""
20130111_2-2013_1_878215dfa24e9bc6.pdf,711,25,applicationPublication,1,0,0,1,"[""3613/CHE/2012 A""]",A NOVEL METHOD OF IMPROVING THE MECHANICAL PROPERTIES OF POWDER METALLURGY PARTS BY GAS ALLOYING,{},""""""
20130118_3-2013_1_5fa431c1b2bd7393.pdf,589,25,applicationPublication,1,0,0,1,"[""3272/MUM/2012 A""]",IRON DOCK.,{},""""""
20130125_4-2013_1_211144dccc82b4d4.pdf,614,25,applicationPublication,1,0,0,1,"[""190/DELNP/2012 A""]",WINDSHIELD WIPER DVICE AND METHOD FOR OPERATING SUCH A WINDSHIELD WIPER DEVICE,{},""""""
20130201_5-2013_1_ae32b349d8c8f71a.pdf,752,25,applicationPublication,1,0,0,1,"[""43/CHE/2013 A""]",TAGGING TELEPHONE NUMBERS OR E-MAIL ID'S WITH KEYWORDS,{},""""""
20130208_6-2013_1_3d93807980732a03.pdf,491,25,applicationPublication,1,0,0,1,"[""5027/CHE/2012 A""]",IMPROVED ENERGY EFFICIENT SMOKELESS BIOMASS STOVE,{},""""""
20130215_7-2013_1_0aa600a6329bffaa.pdf,757,25,applicationPublication,1,0,0,1,"[""1322/DEL/2003 A""]",PROCESS FOR PREPARING A CATALYST FOR THE OXIDATION AND AMMOXIDATION OF OLEFINS,{},""""""
20130222_8-2013_1_85182621e19a8475.pdf,456,25,applicationPublication,1,0,0,1,"[""1348/DEL/2006 A""]",AN AIR-CONDITIONED BUS-QUEUE SHELTER WITH SENSORED GLASS DOORS,{},""""""
20130301_9-2013_1_5d9a45a8a0a4df32.pdf,250,25,applicationPublication,1,0,0,1,"[""4593/CHE/2011 A""]",CLUTCH CONTROL DEVICE FOR AN INTERNAL COMBUSTION ENGINE,{},""""""
20130308_10-2013_1_12a51c54be90249b.pdf,165,25,applicationPublication,1,0,0,1,"[""649/CHE/2013 A""]",SPEED ENHANCED DUAL POWERED RENEWABLE ENERGY AUTOMOBILE,{},""""""
20130315_11-2013_1_91598bdc10c147f2.pdf,687,25,applicationPublication,1,0,0,1,"[""241/DEL/2011 A""]",FILTER ELEMENT AND FILTER,{},""""""
20130322_12-2013_1_3b0ca356e1d8bc37.pdf,633,25,applicationPublication,1,0,0,1,"[""4007/CHE/2011 A""]",A NEW AND IMPROVED DEVICE FOR SHELLING RAW CASHEW NUTS,{},""""""
20130329_13-2013_1_76b5b83c70a29f7d.pdf,670,25,applicationPublication,1,0,0,2,"[""922/CHE/2013 A""]",SYSTEM FOR ENABLING CREATION OF VIDEOS,{},""""""
20130405_14-2013_1_d2e98707f7af3909.pdf,245,25,applicationPublication,1,0,0,2,"[""375/MUM/2013 A""]",ROAD DIVIDER BASED POWER GENERATION USING MULTIPLE BLADE VERTICAL AXIS WIND MILL,{},""""""
20130412_15-2013_1_45a0b4a7b3ac0044.pdf,424,25,applicationPublication,1,0,0,1,"[""628/MUM/2013 A""]",INVENTED INJECTION-TUBE NECK CUTTING MACHINE- WITHOUT SAWBLAD- HAMMERING FOR SECURITY MEDICIN+SERINZ SECTION-WITHIN 15 SECONDS,{},""""""
20130419_16-2013_1_366fc5dca1213730.pdf,540,25,applicationPublication,1,0,0,1,"[""1910/CHE/2011 A""]",U CRAFT,{},""""""
20130426_17-2013_1_e65bfd93375bc39b.pdf,478,25,applicationPublication,1,0,0,1,"[""1109/CHE/2012 A""]",AUTOMATIC ACTIVATION OF DIRECTION CONTROL VALVE USING SHAPE MEMORY ALLOY (NITINOL),{},""""""
20130503_18-2013_1_1b37ed23271aacc7.pdf,678,25,applicationPublication,1,0,0,1,"[""1715/CHE/2013 A""]",PROCESS FOR PREPARATION OF OXAZOLIDINONE DERIVATIVES,{},""""""
20130510_19-2013_1_13cae07b3a76f149.pdf,463,25,applicationPublication,1,0,0,1,"[""451/MUM/2013 A""]",AN AUTOMATED INDEXING OF VISUAL DATA,{},""""""
20130517_20-2013_1_ee0ca05fcbd35ee5.pdf,501,25,applicationPublication,1,0,0,2,"[""1681/MUM/2013 A""]",'SHAVING DEVICE WITH SILICON OIL APPLICATION ON THE SINTERED PTFE ON ITS SHAVING EDGES.,{},""""""
20130524_21-2013_1_583c086f5735a4d7.pdf,385,25,applicationPublication,1,0,0,1,"[""1333/DEL/2010 A""]",A PROCESS FOR THE PREPARATION OF STRONTIUM RANELATE•,{},""""""
20130531_22-2013_1_57246a6e7c490716.pdf,198,25,applicationPublication,1,0,0,2,"[""3648/MUM/2012 A""]",SYSTEMS AND METHOD FOR DATA INTEROPERABILITY ACROSS INTERACTIVE VOICE RESPONSE SYSTEM(IVRS),{},""""""
20130607_23-2013_1_2a62510eb52e9073.pdf,400,25,applicationPublication,1,0,0,2,"[""2129/CHE/2013 A""]","ENTERTAINMENT CONTENT APPLICATION, SYSTEM FOR ENABLING AN AUTHORIZED DOWNLOADING OF THE ENTERTAINMENT CONTENT APPLICATION",{},""""""
20130614_24-2013_1_f84a0bd3bad8ddfd.pdf,683,25,applicationPublication,1,0,0,2,"[""1774/MUM/2013 A""]",SMARTTOP,{},""""""
20130621_25-2013_1_017f8aaf8b3d6094.pdf,592,25,applicationPublication,1,0,0,1,"[""3655/DEL/2011 A""]",AN IMPROVED SOLAR SELECTIVE COATING HAVING HIGH THERMAL STABILITY AND A PROCESS FOR THE PREPARATION THEREOF,{},""""""
20130621_25-2013_2_649e756d3321ecfc.pdf,807,25,applicationPublication,1,0,0,1,"[""2159/CHENP/2012 A""]",HIGH INTENSITY FOCUSED ULTRASOUND POSITIONING MECHANISM,{},""""""
20130621_25-2013_3_36456395c3dad83c.pdf,834,25,applicationPublication,1,0,0,1,"[""3427/CHE/2011 A""]",PREVENTION OF ALGAL DAMAGE AND AVOIDING ANTIBIOTICS IN FRESH WATER PRAWN HATCHERY,{},""""""
20130628_26-2013_1_edd7524c971e61c5.pdf,821,25,applicationPublication,1,0,0,1,"[""2154/MUM/2012 A""]",THERMO-ELECTRIC POWER MEASURING EQUIPMENT AND METHOD THEREOF,{},""""""
20130628_26-2013_2_4c2add2918182cbb.pdf,807,25,applicationPublication,1,0,0,1,"[""1167/KOL/2012 A""]",CONSTRUCTIONAPPARATUS,{},""""""
20130705_27-2013_1_565f716276f72deb.pdf,766,25,applicationPublication,1,0,0,1,"[""1660/MUM/2012 A""]",A COMPUTER IMPLEMENTED SYSTEM AND METHOD FOR FACILITATING SELECTIONOF BEDDING PRODUCTS,{},""""""
20130712_28-2013_1_60984554c9488f25.pdf,531,25,applicationPublication,1,0,0,2,"[""2140/MUM/2013 A""]",SUSTAINABLE PICOHYDRO POWER GENERATION SYSTEM,{},""""""
20130719_29-2013_1_a8b480dd7a93e661.pdf,188,25,applicationPublication,1,0,0,1,"[""2675/CHE/2013 A""]",SYSTEM AND METHOD FOR SUBSCRIBING TO A CONTENT STREAM,{},""""""
20130726_30-2013_1_c4680dbdec51b96a.pdf,403,25,applicationPublication,1,0,0,1,"[""2856/CHE/2013 A""]",POTASSIUM SOLUBILIZING EFFICIENCY OFPSEUDOMONAS PUTIDA ISOLATED FROM TEA PLANTATION SOIL,{},""""""
20130802_31-2013_1_e8051cb501795360.pdf,379,25,applicationPublication,1,0,0,2,"[""1670/MUM/2012 A""]",AN IMPROVED HEAT COLLECTION ELEMENT FOR LINEARCOLLECTOR,{},""""""
20130809_32-2013_1_b934c081bb2f4680.pdf,155,25,applicationPublication,1,0,0,1,"[""657/KOL/2013 A""]",URETHRAL STENT DELIVERY DEVICE,{},""""""
20130816_33-2013_1_a6b9135718ba495b.pdf,217,25,applicationPublication,1,0,0,2,"[""2510/MUM/2013 A""]",A PROCESS FOR PREPARATION OF ERTAPENEM,{},""""""
20130823_34-2013_1_b842f01c96240496.pdf,367,25,applicationPublication,1,0,0,1,"[""2080/DEL/2013 A""]",MULTI PURPOSE OVEN,{},""""""
20130830_35-2013_1_1c9744b1ff362fa6.pdf,540,25,applicationPublication,1,0,0,1,"[""1490/MUM/2013 A""]",REDUCING AGENTS AND METHODS OF PREPARATION THEREOF,{},""""""
20130906_36-2013_1_405a02341e85a1b4.pdf,358,25,applicationPublication,1,0,0,1,"[""1659/MUM/2013 A""]",SYSTEM AND METHOD FOR MULTIFACTOR AUTHENTICATION AND LOGIN THROUGH SMART WRIST WATCH USING NEAR FIELD COMMUNICATION,{},""""""
20130913_37-2013_1_6cad55a84703a98e.pdf,472,25,applicationPublication,1,0,0,1,"[""2643/DELNP/2010 A""]",WIND TURBINE GENERATOR AND METHOD OF CONTROLLING THE SAME,{},""""""
20130920_38-2013_1_6a2e03a8fdab69e9.pdf,551,25,applicationPublication,1,0,0,1,"[""3822/CHE/2012 A""]",WARNING AND RECORDING DEVICE FOR DETECTION OF HOT MOVING/DEFECTIVE PARTS IN TRAINS,{},""""""
20130927_39-2013_1_df2960eb6e41253b.pdf,759,25,applicationPublication,1,0,0,1,"[""2946/MUM/2013 A""]",LASER GESTURE RECOGNITION SYSTEM FOR DISABLED PEOPLE,{},""""""
20130927_39-2013_2_de071f623fde6664.pdf,622,25,applicationPublication,1,0,0,1,"[""5543/DELNP/2011 A""]","RUBBER MIXTURES CONTAINING SILANE AND HAVING POSSIBLY FUNCTIONALIZED DIENE RUBBERS AND MICROGELS, A METHOD FOR THE PRODUCTION THEREOF, AND USE THEREOF",{},""""""
20131004_40-2013_1_0c34472f984d9470.pdf,824,25,applicationPublication,1,0,0,1,"[""1905/DEL/2011 A""]",WIND TURBINE BLADE WITH VARIABLE TRAILING EDGE,{},""""""
20131011_41-2013_1_39f1c4c08608fdcb.pdf,733,25,applicationPublication,1,0,0,1,"[""4182/CHE/2013 A""]",SYSTEM AND METHOD FOR MANAGING PROPERTY REGISTRATION INFORMATION THROUGH A CONTACTLESS SMART CARDU,{},""""""
20131011_41-2013_2_5e5804861c6f4425.pdf,302,25,applicationPublication,1,0,0,1,"[""2311/CHE/2012 A""]",HIGH STRENGTH STEEL SHEET EXCELLENT IN WORKABILITY AND COLD BRITTLENESS RESISTANCE AND MANUFACTURING METHOD THEREOF,{},""""""
20131018_42-2013_1_96a420c3d18200c5.pdf,547,25,applicationPublication,1,0,0,1,"[""4459/CHE/2013 A""]",A BOTTLE CAP ASSEMBLY WITH A DETACHABLE ADDITIVE INGREDIENT DISPENSING MEANS,{},""""""
20131025_43-2013_1_388eae891502844d.pdf,436,25,applicationPublication,1,0,0,1,"[""4115/CHE/2013 A""]","A SOFT PRESSING MACHINE FOR FLATTENING DOUGH CARRYING NUTS, WITHOUT BREAKING THE NUTS",{},""""""
20131101_44-2013_1_ef16750a0e47b7df.pdf,457,25,applicationPublication,1,0,0,2,"[""3248/MUM/2013 A""]",ROTATING GEAR SHIFTER MECHANISM,{},""""""
20131108_45-2013_1_2029b3d2ade22b7f.pdf,175,25,applicationPublication,1,0,0,1,"[""2913/DEL/2010 A""]",ASTERACEAE AND PAPAVEREAE PLANTS EXTRACTS AS EFFICIENT CORROSION INHIBITORS,{},""""""
20131115_46-2013_1_b8f030d147258495.pdf,255,25,applicationPublication,1,0,0,1,"[""4229/CHE/2013 A""]",AUTOMATIC CAR COVER CLOSER,{},""""""
20131122_47-2013_1_10ba6ae7ee2763ac.pdf,615,25,applicationPublication,1,0,0,1,"[""3376/MUM/2013 A""]",PROCESS AND DEVICE FOR WATER PURIFICATION USING NOVEL COAGUALANT,{},""""""
20131129_48-2013_1_f172b0c8c60bf1f8.pdf,660,25,applicationPublication,1,0,0,1,"[""4080/CHE/2012 A""]","ASSAY TO MONITOR AUTOPHAGY, A METHOD AND KIT THEREOF",{},""""""
20131206_49-2013_1_c4f7c732a73874a3.pdf,567,25,applicationPublication,1,0,0,1,"[""3552/MUM/2013 A""]",XMLP (CROSS MULTIPLE LANGUAGE PLATFORM).,{},""""""
20131213_50-2013_1_d3cb549c12af73a5.pdf,466,25,applicationPublication,1,0,0,1,"[""5509/CHE/2012 A""]",FIRE EXTINGUISHER WITH LIFTING AND TROLLEY SETUP,{},""""""
20131220_51-2013_1_f10d11416b302023.pdf,597,25,applicationPublication,1,0,0,1,"[""3628/MUM/2013 A""]",REAL TIME TRAFFIC SIGNAL SYSTEM BASED ON VEHICLE DENSITY,{},""""""
20131227_52-2013_1_bc9c8fa0d089b9b7.pdf,322,25,applicationPublication,1,0,0,1,"[""2470/DEL/2010 A""]",LACTOBACILLUS PLANTARUM AND USES THEREOF,{},""""""
20140103_01-2014_1_52d900b59a1a3e41.pdf,551,25,applicationPublication,1,0,0,1,"[""5540/CHE/2013 A""]",FAB TEST SUITE FRAMEWORK,{},""""""
20140110_02-2014_1_fc1715430b8229d8.pdf,717,25,applicationPublication,1,0,0,1,"[""5676/CHE/2013 A""]",ELECTRICITY GENERATION FROM SEA WAVES,{},""""""
20140110_02-2014_2_983ce59aa4c9eaf9.pdf,92,25,applicationPublication,1,0,0,3,"[""2881/KOLNP/2013 A""]",COATED SOLID PHARMACEUTICAL PREPARATION,{},""""""
20140117_03-2014_1_421bee67fa4e28ab.pdf,348,25,applicationPublication,1,0,0,1,"[""67/CHE/2014 A""]",SLOWEST MOVEMENTS PROCEDURAL ELECTRICITY PRODUCES AC SUPPLY,{},""""""
20140124_04-2014_1_186af0292f91298b.pdf,502,25,applicationPublication,1,0,0,2,"[""4142/MUM/2013 A""]","AMINE FUNCTIONALIZED CO2 SELECTIVE POLYSTYRENE ADSORBENTS FOR CO2, CH4 AND N2 SEPARATION.",{},""""""
20140131_05-2014_1_bf06bddc42c3b480.pdf,428,25,applicationPublication,1,0,0,1,"[""84/MUM/2014 A""]",T2 [T SQUARE] [TRANSFORM TRACTOR],{},""""""
20140207_06-2014_1_ffeeaac13c238e3a.pdf,713,25,applicationPublication,1,0,0,1,"[""2867/CHE/2013 A""]",A COMPOSITION FOR ENHANCED BIOCIDAL ACTIVITY AND A WATER PURIFICATION DEVICE BASED ON THE SAME,{},""""""
20140214_07-2014_1_d3a438ce7982b589.pdf,677,25,applicationPublication,1,0,0,2,"[""297/MUM/2014 A""]",'CONVERTIBLE DEBENTURE WITH REDEMPTION OPTION TO THE HOLDER.,{},""""""
20140214_07-2014_2_ff7d68a7c0ec2682.pdf,571,25,applicationPublication,1,0,0,3,"[""4073/CHENP/2012 A""]",A SYSTEM FOR THE CONSTRUCTION OF AN AXIAL FAN,{},""""""
20140221_08-2014_1_0d71ddbc9fc747af.pdf,806,25,applicationPublication,1,0,0,2,"[""3503/MUM/2012 A""]",SMART COLD EVAPORATIVE HUMIDIFIER,{},""""""
20140221_08-2014_2_3eb04e3f86470007.pdf,380,25,applicationPublication,1,0,0,1,"[""1399/KOLNP/2012 A""]",LIQUID RECOVERY AND PURIFICATION IN BIOMASS PRETREATMENT PROCESS,{},""""""
20140228_09-2014_1_4a59ea82274c2631.pdf,652,25,applicationPublication,1,0,0,1,"[""750/CHE/2014 A""]",AN EFFICIENT REGENERATION SYSTEM VIA DIRECT SOMATIC EMBRYOGENESIS IN TURMERIC (CURCUMA LONGA L.) USING LEAF SHEATH EXPLANTS,{},""""""
20140307_10-2014_1_3e089817edec033a.pdf,621,25,applicationPublication,1,0,0,1,"[""4180/CHE/2012 A""]",PROCESS FOR CONTRATING GOLDEN RED COLOR IN FRESH TEA POWDER,{},""""""
20140307_10-2014_2_fd3ce643dac6d26b.pdf,50,25,designPublication,0,0,0,0,[],"""""",{},""""""
20140314_11-2014_1_3e916b3908f75a17.pdf,660,25,applicationPublication,1,0,0,1,"[""3235/CHE/2013 A""]",AN AUTO LOADING MECHANISM FOR FIREARMS,{},""""""
20140321_12-2014_1_a5426f81632e6537.pdf,660,25,applicationPublication,1,0,0,1,"[""1263/CHE/2014 A""]",METHODS FOR IMPROVING CLAIMS PROCESSING FOR A VEHICLE IN AN EVENT AND DEVICES THEREOF,{},""""""
20140321_12-2014_2_046aaec476738719.pdf,263,25,applicationPublication,1,0,0,3,"[""6084/CHENP/2012 A""]",PHARMACEUTICAL FOR PREVENTING OR TREATING DISORDERS ACCOMPANIED BY OCULAR ANGIOGENESIS AND/OR ELEVATED OCULAR VASCULAR PERMEABILITY,{},""""""
20140404_14-2014_1_74545e64863e64d1.pdf,536,25,applicationPublication,1,0,0,1,"[""34/CHE/2014 A""]",AN APPARATUS TO SOW DIFFERENT TYPES OF CROPS USING POLYMERIC DRUM SYSTEM,{},""""""
20140411_15-2014_1_b3ab3dfcdfbc8d69.pdf,655,25,applicationPublication,1,0,0,1,"[""2813/DEL/2012 A""]",HIGHLY BIO-AVAILABLE FAST ACTING PHRAMACEUTICAL FORMULATION,{},""""""
20140418_16-2014_1_f33cc231ec1a6d43.pdf,481,25,applicationPublication,1,0,0,2,"[""941/MUM/2014 A""]",ACHIEVING RELIABILITY IN WIRELESS SENSOR NETWORKS USING ADAPTIVE SECTORING METHOD,{},""""""
20140425_17-2014_1_c25dc9f4be7819bd.pdf,264,25,applicationPublication,1,0,0,1,"[""1680/CHE/2014 A""]",REUSABLE SAND - POWER GENERATOR,{},""""""
20140502_18-2014_1_852c909bfd23d113.pdf,642,25,applicationPublication,1,0,0,1,"[""588/KOL/2013 A""]",CONTROL SYNTHESIS OF MICRON SIZED GOLD NETWORK STRUCTURE BY ASSEMBLING INDIVIDUAL GOLD NANOPARTICLES BY LASER ABLATION,{},""""""
20140509_19-2014_1_fd17a658bac3308e.pdf,614,25,applicationPublication,1,0,0,1,"[""2158/CHE/2014 A""]",A METHOD OF CREATING GLOBAL NEIGHBOR LIST IN CELLULAR TELECOMMUNICATION NETWORK AND AN APPARATUS THEREOF,{},""""""
20140516_20-2014_1_5bc4a7b901b68281.pdf,264,25,applicationPublication,1,0,0,1,"[""5425/CHE/2012 A""]",NOVEL METHOD TO ACHIEVE SURFACE FINISH IN INTRICATE SURFACES BY THERMO CHEMICAL MACHINING,{},""""""
20140516_20-2014_2_084e4309d3739fcf.pdf,27,25,grantList,0,0,0,0,[],"""""",{},""""""
20140523_21-2014_1_1f764ab59b662066.pdf,327,25,applicationPublication,1,0,0,2,"[""3614/MUM/2013 A""]",Bio-insecticide formulation with silver nanoparticles and herbal oils,{},""""""
20140530_22-2014_1_854ca233aec63dae.pdf,327,25,applicationPublication,1,0,0,2,"[""2273/MUM/2013 A""]",METHOD FOR DETERMINING POSITION OF INDEXED POTENTIOMETER AND APPARATUS THEREOF,{},""""""
20140606_23-2014_1_a3a5a300552c476f.pdf,277,25,applicationPublication,1,0,0,1,"[""2287/CHE/2014 A""]",MULTI-PURPOSE ADJUSTABLE TABLE TOP HOLDING DEVICE,{},""""""
20140606_23-2014_3_b877e02d84d61a4a.pdf,1001,25,applicationPublication,1,0,0,1,"[""3906/DELNP/2008 A""]","""ANTIMONY-FREE PHOTOCURABLE RESIN COMPOSITION AND THREE DIMENSIONAL ARTICLE""",{},""""""
20140613_24-2014_1_10a6aac435bab587.pdf,407,25,applicationPublication,1,0,0,1,"[""373/DEL/2014 A""]",GEARED ARCHITECTURE FOR HIGH SPEED AND SMALL VOLUME FAN DRIVE TURBINE,{},""""""
20140620_25-2014_1_0a1b331d3f344d2b.pdf,449,25,applicationPublication,1,0,0,1,"[""1058/DEL/2014 A""]",ANTI-THEFT BIKE STAND LOCK,{},""""""
20140627_26-2014_1_ebe45eecc1490e63.pdf,603,25,applicationPublication,1,0,0,1,"[""2845/CHE/2013 A""]",A PROPULSION SYSTEM AND METHOD ADAPTED FOR NOISE SUPPRESSION AND THRUST AUGMENTATION,{},""""""
20140704_27-2014_1_5b352e7f3c088893.pdf,481,25,applicationPublication,1,0,0,5,"[""670/KOL/2014 A""]","E-TONGUE DEVICE FOR CHARACTERIZATION OF TASTE AND QUALITY OF WATER, TEA AND OTHER FOOD AND BEVERAGES",{},""""""
20140711_28-2014_1_f421966737d5cae7.pdf,626,25,applicationPublication,1,0,0,1,"[""8419/DELNP/2012 A""]",METHOD FOR REFINING ALUMINUM-CONTAINING SILICON,{},""""""
20140718_29-2014_1_74318ee63aeb49cb.pdf,795,25,applicationPublication,1,0,0,1,"[""4295/CHENP/2014 A""]",TARGETED/IMMUNOMODULATORY FUSION PROTEINS AND METHODS FOR MAKING SAME,{},""""""
20140725_30-2014_1_cfe9f668554e8db0.pdf,572,25,applicationPublication,1,0,0,1,"[""2001/MUM/2014 A""]",A PRODUCT AS A FUNGICIDE AND BACTERICIDE FOR AGRICULTURE CROP ESPECIALLY CUMIN CROP,{},""""""
20140801_31-2014_1_de47d8432f1b3a4b.pdf,883,25,applicationPublication,1,0,0,1,"[""3617/DEL/2012 A""]",BOROSILICATE GLASS SYRINGE WITH A CONE COATING WHICH INCREASES THE SURFACE ROUGHNESS,{},""""""
20140808_32-2014_1_2b3b02766219fe8d.pdf,578,25,applicationPublication,1,0,0,1,"[""4627/DELNP/2014 A""]",ELECTRONIC DEVICE AND SYSTEM FOR CONTROLLING APPLICATIONS IMPLEMENTING AT LEAST ONE PIEZOELECTRIC ELECTROSTRICTIVE OR MAGNETOSTRICTIVE TRANSDUCER,{},""""""
20140815_33-2014_1_305fa2f9500764e3.pdf,453,25,applicationPublication,1,0,0,1,"[""1405/KOL/2013 A""]",SEMI-AUTOMATED COMPACTION MACHINE,{},""""""
20140822_34-2014_1_444f76cd112c4d45.pdf,385,25,applicationPublication,1,0,0,1,"[""2124/CHE/2014 A""]",ELECTRICITY GENERATION METHOD BY USE OF HYDROELECTRIC GENERATOR IN HANGING POSITION INSIDE THE DAM WITH LEVEL ADJUSTABILITY,{},""""""
20140829_35-2014_1_bd2ae16da0a44725.pdf,920,25,applicationPublication,1,0,0,2,"[""2455/MUM/2014 A""]",CHLOROFLUOROCARBONS AND HYDROFLUOROCARBONS FREE AIR CONDITIONER,{},""""""
20140905_36-2014_1_efef8c1723252671.pdf,762,25,applicationPublication,1,0,0,2,"[""10131/DELNP/2012 A""]",ENHANCING DS LITE WITH PRIVATE IPV4 REACHABILITY,{},""""""
20140912_37-2014_1_fe6285bc9ba9ae99.pdf,457,25,applicationPublication,1,0,0,1,"[""6415/DELNP/2014 A""]",MOBILE TERMINAL MANAGEMENT SERVER AND MOBILE TERMINAL MANAGEMENT PROGRAM,{},""""""
20140912_37-2014_2_de0e3780b3d90c5e.pdf,549,25,applicationPublication,1,0,0,1,"[""4846/CHE/2013 A""]",AIRCRAFT HAPTIC TOUCH SCREEN AND METHOD FOR OPERATING SAME,{},""""""
20140919_38-2014_1_8a2085290c9bc90c.pdf,9,9,frontMatter,0,0,0,0,[],"""""",{},""""""
20140926_39-2014_1_1dbaa33cd174a47f.pdf,716,25,applicationPublication,1,0,0,1,"[""4449/CHE/2014 A""]",WATER PURIFIER SYSTEM,{},""""""
20140926_39-2014_2_9bf8dead8eae3d81.pdf,843,25,applicationPublication,1,0,0,1,"[""10089/CHENP/2013 A""]",ANNULAR ELECTROLYTIC CELL AND ANNULAR CATHODE WITH MAGNETIC FIELD COMPENSATION,{},""""""
20141003_40-2014_1_f177af67ac7dcd10.pdf,280,25,applicationPublication,1,0,0,1,"[""10733/DELNP/2012 A""]",PROCESS FOR PRODUCING A SILICA SOL MATERIAL,{},""""""
20141010_41-2014_1_41f13a1aa4a88e31.pdf,661,25,applicationPublication,1,0,0,1,"[""4600/CHE/2014 A""]",PATENTING OF HUMAN WHOLE BLOOD AS REDOX ACTIVE THIN FILM ELECTRODE,{},""""""
20141010_41-2014_2_041dab3bd837820f.pdf,432,25,applicationPublication,1,0,0,3,"[""2412/CHENP/2014 A""]",FLAME RETARDANT POLYOLEFIN RESIN COMPOSITION,{},""""""
20141017_42-2014_1_4e8dc798d944588e.pdf,759,25,applicationPublication,1,0,0,3,"[""10974/DELNP/2012 A""]",CONNECTOR ASSEMBLY FOR AN ELECTRICAL PLUG IN CONNECTOR ELECTRICAL PLUG IN CONNECTOR AND MANUFACTURED ELECTRIC CABLE,{},""""""
20141024_43-2014_1_3906c875f937e103.pdf,719,25,applicationPublication,1,0,0,1,"[""2906/DEL/2013 A""]",TELE-ROBOTIC SURGICAL ROBOT SYSTEM AND METHOD.,{},""""""
20141031_44-2014_1_477dc43f5803cc5e.pdf,644,25,applicationPublication,1,0,0,1,"[""5031/CHE/2014 A""]",SYSTEM AND METHOD FOR DISPLAYING A SIGNAL TO GEAR-CHANGE BASED ON A WHEEL DIRECTION OF A BICYCLE,{},""""""
20141031_44-2014_2_c72025bd7bbceee6.pdf,334,25,applicationPublication,1,0,0,1,"[""1763/MUMNP/2013 A""]",INTERACTIVE COGNITIVE RECOGNITION SPORTS TRAINING SYSTEM AND METHODS,{},""""""
20141107_45-2014_1_a4cfcdc5f6b3b654.pdf,697,25,applicationPublication,1,0,0,1,"[""2245/CHE/2013 A""]",A DEVICE AND METHOD FOR TRACKING AND PROTECTION OF HIGH VALUED DOCUMENTS,{},""""""
20141114_46-2014_1_7cee3618f28c94cf.pdf,764,25,applicationPublication,1,0,0,1,"[""2695/DELNP/2013 A""]",HEAT TREATED POLYMER POWDERS,{},""""""
20141114_46-2014_2_e565c74adcda8de1.pdf,260,25,applicationPublication,1,0,0,2,"[""184/MUM/2013 A""]","""A PROCESS FOR THE PREPARATION OF 6-FLUORO-3,4-DIHYDRO-2H-CHROMENE-2- CARBALDEHYDE""",{},""""""
20141121_47-2014_1_deca1259898b18ea.pdf,767,25,applicationPublication,1,0,0,1,"[""2183/DEL/2014 A""]",A FACILE PROCESS FOR NANOFORMULATION PRODUCTION OF NEEM SEED EXTRACT FORTIFIED WITH SILVER NANOPARTICLES,{},""""""
20141121_47-2014_2_ab63e93e120065e1.pdf,623,25,applicationPublication,1,0,0,2,"[""136/MUMNP/2014 A""]",ENDLESS CABLE WINCH,{},""""""
20141128_48-2014_1_5b2bbeb465b9c844.pdf,620,25,applicationPublication,1,0,0,3,"[""4555/DELNP/2013 A""]",TRANSFERRING ELECTRIC ENERGY TO A VEHICLE BY INDUCTION,{},""""""
20141128_48-2014_2_a1df9dd0ce415272.pdf,230,25,applicationPublication,1,0,0,3,"[""397/MUMNP/2014 A""]",PROCESS FOR PRODUCING GRAIN ORIENTED ELECTROMAGNETIC STEEL SHEET WITH EXCELLENT CORE LOSS CHARACTERISTICS,{},""""""
20141205_49-2014_1_f508c8bf77ff487e.pdf,649,25,applicationPublication,1,0,0,3,"[""8751/DELNP/2013 A""]",A STEEL SHEET SUITABLE FOR ENAMELLING AND METHOD FOR PRODUCING SUCH A SHEET,{},""""""
20141205_49-2014_2_4c23aceb053f8d4a.pdf,227,25,applicationPublication,1,0,0,1,"[""558/MUM/2013 A""]",ADAPTER,{},""""""
20141212_50-2014_1_a397f6239bd83cb6.pdf,905,25,applicationPublication,1,0,0,1,"[""1180/DEL/2013 A""]",PYRAZOLE CARBOXYLIC ACID DERIVATIVES AS ANTI-MYCOBACTERIAL DRUG CANDIDATES,{},""""""
20141212_50-2014_2_c7b1ee6e16863e61.pdf,694,25,applicationPublication,1,0,0,2,"[""461/MUMNP/2014 A""]",PROCESS FLUID PRESSURE TRANSMITTER WITH SEPARATED SENSOR AND SENSOR ELECTRONICS,{},""""""
20141219_51-2014_1_b25972a1081e5f1d.pdf,847,25,applicationPublication,1,0,0,1,"[""5681/CHE/2014 A""]","DESIGN, SYNTHESIS AND CYTOTOXIC STUDIES OF PIPERAZINE DERIVATIVES AGAINST CANCER",{},""""""
20141219_51-2014_2_14e2c1b6dac24cd6.pdf,848,25,applicationPublication,1,0,0,3,"[""8798/DELNP/2013 A""]",FLAME RETARDANT POLYLACTIC ACID COMPOUNDS,{},""""""
20141226_52-2014_1_4c2ebd920ec44ff2.pdf,658,25,applicationPublication,1,0,0,1,"[""3250/MUM/2014 A""]",A SYSTEM FOR TURNING VEHICLE WITH MINIMUM TURNING RADIUS,{},""""""
20141226_52-2014_2_5f24d409a63ac7de.pdf,228,25,applicationPublication,1,0,0,3,"[""500/MUMNP/2014 A""]",MULTILAYER STRUCTURE OFFERING IMPROVED IMPERMEABILITY TO GASES,{},""""""
20150102_01-2015_1_6453d86151f0d6bd.pdf,809,25,applicationPublication,1,0,0,1,"[""5566/CHE/2014 A""]",NUTRIENT OPTIMIZER,{},""""""
20150102_01-2015_2_d2652bee0e95a00e.pdf,519,25,applicationPublication,1,0,0,3,"[""2174/MUMNP/2013 A""]",PROTEIN POLYMER DRUG CONJUGATES,{},""""""
20150109_02-2015_1_10bbf8c5dc1c28a1.pdf,904,25,applicationPublication,1,0,0,3,"[""3784/MUM/2013 A""]",ANTI-ROLLS DOWN MECHANISM FOR A MOTOR VEHICLE,{},""""""
20150116_03-2015_1_5967965f0a458d69.pdf,516,25,applicationPublication,1,0,0,1,"[""3670/DEL/2013 A""]",A NOVEL METHOD OF THE MANUFACTURING OF THE INSULWRAP OF HIGH TEMPERATURE BLANKETS WITH AEROGEL INSULATION AND APPARATUS THEREOF,{},""""""
20150123_04-2015_1_7230e9f64b385e33.pdf,648,25,applicationPublication,1,0,0,3,"[""5072/DELNP/2013 A""]",POLYOLEFIN COMPOSITE FILM,{},""""""
20150130_05-2015_1_aa038593d65f848c.pdf,890,25,applicationPublication,1,0,0,1,"[""218/CHE/2015 A""]",AN IMPROVISED ELECTRIC SCOOTER WITH REDESIGNED BODY AND FRAME SIMULATING THE SWAN,{},""""""
20150206_06-2015_1_8fca3804f279d339.pdf,827,25,applicationPublication,1,0,0,1,"[""186/CHE/2015 A""]",DESIGN AND FABRICATION OF DIFFUSION CELL,{},""""""
20150213_07-2015_1_87782dcd16039582.pdf,792,25,applicationPublication,1,0,0,1,"[""420/CHE/2015 A""]",SYSTEMS AND METHODS FOR MAPPING OBJECT CO-ORDINATES FROM A VIDEO FRAME VIEW TO REAL WORLD CO-ORDINATES,{},""""""
20150213_07-2015_2_cedba25ffa45f906.pdf,492,25,applicationPublication,1,0,0,3,"[""806/MUMNP/2014 A""]",A LIQUID HARD SURFACE ANTIMICROBIAL CLEANING COMPOSITION,{},""""""
20150220_08-2015_1_b7f2baa2845eeff1.pdf,946,25,applicationPublication,1,0,0,1,"[""6635/CHE/2014 A""]","BIO DIESEL PROCESS COMPLEX WHERE THE POWER, STEAM ETC ARE PRODUCED INHOUSE ALONGWITH THE VALUE ADDED BY PRODUCTS",{},""""""
20150227_09-2015_1_9f992719ae781622.pdf,688,25,applicationPublication,1,0,0,1,"[""11/DEL/2014 A""]",METHOD FOR PREPARING CELLULOSE ETHER HAVING LOW DEGREE OF POLYMERIZATION AND CELLULOSE ETHER PREPARED THEREBY,{},""""""
20150306_10-2015_1_d498d6943ae5e42d.pdf,486,25,applicationPublication,1,0,0,1,"[""691/CHE/2015 A""]",METHOD AND DEVICE FOR ESTIMATING EFFICIENCY OF AN EMPLOYEE OF AN ORGANIZATION,{},""""""
20150313_11-2015_1_909d0d8913e4859f.pdf,712,25,applicationPublication,1,0,0,1,"[""638/CHE/2014 A""]",INNOVATIVE NATURAL DRUG COMBINATION (ECLIPTA ALBA AND PIPER LONGUM) THERAPY FOR LIVER TOXICITY,{},""""""
20150313_11-2015_2_89365a01ffdc1f00.pdf,410,25,applicationPublication,1,0,0,2,"[""1311/MUMNP/2014 A""]",PROCESS FOR PREPARATION OF (3R) 2 4 DI LEAVING GROUP 3 METHYLBUT 1 ENE,{},""""""
20150320_12-2015_1_353838f81119a5c2.pdf,387,25,applicationPublication,1,0,0,1,"[""1172/CHE/2015 A""]",METHODS FOR IDENTIFYING RELATED CONTEXT BETWEEN ENTITIES AND DEVICES THEREOF,{},""""""
20150327_13-2015_1_5aea67676076292b.pdf,605,25,applicationPublication,1,0,0,1,"[""1212/CHE/2015 A""]",DESIGN AND FABRICATION OF TOPICAL DIFFUSION CELL,{},""""""
20150403_14-2015_1_b8a19e74451f9c29.pdf,530,25,applicationPublication,1,0,0,1,"[""190/DEL/2015 A""]",SALUJA COOKING AUTOMOBILE HEATER.,{},""""""
20150410_15-2015_1_cf1084a28bf68b67.pdf,741,25,applicationPublication,1,0,0,2,"[""2314/MUM/2014 A""]",A NOVEL PROCESS FOR PREPARATION OF VEGETABLE POWDER FROM DRUMSTICK POWDER,{},""""""
20150417_16-2015_1_5d5689e81040f218.pdf,306,25,applicationPublication,1,0,0,1,"[""3022/DEL/2013 A""]",IMPROVED FLOSSING DEVICE,{},""""""
20150424_17-2015_1_ab200f797326c52c.pdf,789,25,applicationPublication,1,0,0,3,"[""2140/MUM/2014 A""]",A SAFETY DEVICE FOR INDICATING THE DISENGAGED AND ENGAGED POSITION OF THE DRIVE SHAFT AND THE GEARS IN A GEARBOX OF A TWO WHEELED VEHICLE.,{},""""""
20150501_18-2015_1_9d12602aad6e56be.pdf,515,25,applicationPublication,1,0,0,2,"[""1335/MUM/2015 A""]",SELECTABLE AUXILIARY AND TRIP ALARM CONTACT FOR MODULAR PROTECTION DEVICES,{},""""""
20150508_19-2015_1_e5346e714d84c903.pdf,578,25,applicationPublication,1,0,0,3,"[""1717/MUM/2015 A""]",A FLOAT OPERATED SOLAR TRACKING SYSTEM,{},""""""
20150508_19-2015_2_27754c9b1fb687e9.pdf,343,25,applicationPublication,1,0,0,3,"[""2476/KOLNP/2014 A""]",STRUCTURAL MEMBER USED FOR RAINWATER STORAGE LAMINATED STRUCTURE,{},""""""
20150515_20-2015_1_68247c215f998c7c.pdf,898,25,applicationPublication,1,0,0,1,"[""224/KOL/2015 A""]",MULTIPOINT FUEL INJECTION INSIDE ROTARY KILN,{},""""""
20150522_21-2015_1_819ecdf52b0db7e7.pdf,721,25,applicationPublication,1,0,0,3,"[""1895/MUM/2015 A""]",NEW DESIGN OF MECHANICAL FAN COVERING MAXIMUM AREA FOR AIR FLOW.,{},""""""
20150522_21-2015_2_13e1dc6fecdae9ae.pdf,498,25,applicationPublication,1,0,0,3,"[""8760/DELNP/2014 A""]",MELT PROCESSABLE POLYAMIDE WITH HIGH MELTING TEMPERATURE,{},""""""
20150529_22-2015_1_b52b6423651e48db.pdf,751,25,applicationPublication,1,0,0,3,"[""2971/MUM/2014 A""]",SELF-RUNNING PORTABLE GENERATOR,{},""""""
20150605_23-2015_1_863feded26361d20.pdf,1004,25,applicationPublication,1,0,0,2,"[""888/DEL/2015 A""]",METHOD OF MANAGING USER SUBSCRIPTION ACCOUNTS AND SYSTEM THEREOF,{},""""""
20150612_24-2015_1_b19a02048f0d58a0.pdf,716,25,applicationPublication,1,0,0,1,"[""1292/DEL/2014 A""]",VEHICULAR DRIVING FORCE DISTRIBUTION CONTROL APPARATUS,{},""""""
20150612_24-2015_2_a291aca1c2afe634.pdf,441,25,applicationPublication,1,0,0,3,"[""1985/MUMNP/2013 A""]",DENTAL CLEANING DEVICE,{},""""""
20150619_25-2015_1_e4ff6839d85ce046.pdf,808,25,applicationPublication,1,0,0,1,"[""2258/CHE/2014 A""]",ACCIDENT NOTIFICATION USING WIRELESS SIGNALS,{},""""""
20150626_26-2015_1_597120e37e562f58.pdf,874,25,applicationPublication,1,0,0,1,"[""559/DELNP/2014 A""]",DISPLAY INTERFACE CONVERTING SYSTEM AND METHOD THEREOF,{},""""""
20150626_26-2015_2_9e4afbf00a3fe746.pdf,208,25,applicationPublication,1,0,0,1,"[""2718/MUM/2013 A""]",SYSTEM AND METHOD FOR MENTAL HEALTH MONITORING USING BEHAVIORAL ANALYSIS BASED ON SOCIAL MEDIA CONTENT,{},""""""
20150703_27-2015_1_61da798129f310a1.pdf,1070,25,applicationPublication,1,0,0,2,"[""1612/DEL/2015 A""]",SPRING COIL PROSTHESIS FOOT,{},""""""
20150703_27-2015_2_d90af94573cebb7f.pdf,915,25,applicationPublication,1,0,0,1,"[""2100/CHE/2014 A""]",PROCESS FOR THE PREPARATION OF A CATALYST BASED ON TUNGSTEN FOR USE IN HYDROTREATMENT OR IN HYDROCRACKING,{},""""""
20150710_28-2015_1_10186912c395e720.pdf,888,25,applicationPublication,1,0,0,1,"[""3367/CHE/2015 A""]",MULTI STAGE WATER FILTER WITH BUILT-IN PROVISIONS FOR SYSTEM CARTRIDGE CLEANING,{},""""""
20150710_28-2015_2_c9275b83c314926f.pdf,235,25,applicationPublication,1,0,0,1,"[""5557/CHE/2012 A""]",HORIZONTAL THREE STROKE SAFETY DOOR LOCKING WITH A SINGLE KEY,{},""""""
20150717_29-2015_1_41d2bdb0115e94d7.pdf,787,25,applicationPublication,1,0,0,2,"[""1801/DEL/2014 A""]",A SYSTEM AND METHOD FOR CREATING A PLATFORM TO DELIVER AND SHARE CUTOMIZED BUSINESS INSIGHTS,{},""""""
20150724_30-2015_1_68650f8d8ac02d4b.pdf,495,25,applicationPublication,1,0,0,1,"[""1990/MUM/2015 A""]",CONFECTIONERY HAVING POPPING AND COOLING CHARACTERISTICS AND MANUFACTURING METHODS THEREOF,{},""""""
20150731_31-2015_1_6c55ba42395e3e94.pdf,769,25,applicationPublication,1,0,0,1,"[""2033/DEL/2015 A""]",REAL-TIME TRACKING OF STATUS ASSOCIATED WITH SHIPMENT OF A PLURALITY OF CONSIGNMENTS,{},""""""
20150807_32-2015_1_18c17e7ae3859eff.pdf,903,25,applicationPublication,1,0,0,1,"[""568/MUMNP/2015 A""]",METHOD AND APPARATUS FOR RECEIVING DATA IN WIRELESS COMMUNICATION SYSTEM SUPPORTING COOPERATIVE TRANSMISSION,{},""""""
20150814_33-2015_1_911ab0bc865a6d62.pdf,819,25,applicationPublication,1,0,0,1,"[""2282/DEL/2015 A""]",A MACHINE AND A PROCESS FOR MANUFACTURING BREAST PROSTHESIS,{},""""""
20150821_34-2015_1_7e6007f2d2cd13b5.pdf,787,25,applicationPublication,1,0,0,2,"[""749/MUMNP/2015 A""]",METHOD AND DEVICE FOR PERFORMING CHANNEL ACCESS IN WLAN SYSTEM,{},""""""
20150821_34-2015_2_9b25356401b2c4f7.pdf,648,25,applicationPublication,1,0,0,1,"[""339/DELNP/2012 A""]",ELECTROSURGERY GENERATOR FOR ULTRASONIC SURGICAL INSTRUMENTS,{},""""""
20150828_35-2015_1_4ff5d58ed1a49c42.pdf,637,25,applicationPublication,1,0,0,2,"[""448/MUM/2015 A""]",MULTIFUNCTIONAL RAILWAY TRACK SCAVENGING VEHICLE,{},""""""
20150904_36-2015_1_827ed9dc910312a4.pdf,655,25,applicationPublication,1,0,0,1,"[""2945/MUM/2015 A""]",SELF-SUSTAINED SMART GREENHOUSE,{},""""""
20150904_36-2015_2_e97dae7ed0308b08.pdf,440,25,applicationPublication,1,0,0,1,"[""1069/CHE/2014 A""]",MASTER & SLAVE CRANK PLATE I.C. ENGINE,{},""""""
20150911_37-2015_1_853f06eb69415bd6.pdf,797,25,applicationPublication,1,0,0,1,"[""3102/MUM/2015A""]",SYSTEM FOR DETECTING VACANT PARKING SPACE,{},""""""
20150918_38-2015_1_e899a0373b26d9b1.pdf,855,25,applicationPublication,1,0,0,2,"[""3238/MUM/2015 A""]",MULTIPLEX LATCH,{},""""""
20150925_39-2015_1_cf62f227637cae48.pdf,795,25,applicationPublication,1,0,0,1,"[""4397/CHE/2015 A""]",WIRELESS POWER TRANSMISSION-A NEXT GENERATION POWER TRANSMISSION SYSTEM,{},""""""
20151002_40-2015_1_a38b8053774fc8c7.pdf,753,25,applicationPublication,1,0,0,1,"[""3425/MUM/2015 A""]",MULTI PURPOSE SMART PEN,{},""""""
20151002_40-2015_2_26b21fa56665c8fe.pdf,358,25,applicationPublication,1,0,0,2,"[""1164/MUM/2014 A""]",ARRANGEMENT OF PROTECTIVE INTERFACE IN CIRCUIT BREAKER,{},""""""
20151009_41-2015_1_fe1488fa1a32af98.pdf,937,25,applicationPublication,1,1,0,1,"[""3202/MUM/2014 A""]",ADHESIVE SL-6A FOR AIRBORNE APPLICATIONS,"{""Missing abstract"":1}",""""""
20151016_42-2015_1_bd30c2a1c723c558.pdf,695,25,applicationPublication,1,0,0,1,"[""5215/CHE/2015 A""]",LINEAR HYDRO IMPULSE ENERGY TO TORQUE CONVERTER DEVICE,{},""""""
20151023_43-2015_1_83b1a81a1b7062ff.pdf,811,25,applicationPublication,1,0,0,1,"[""3084/DEL/2015 A""]",A NATURAL EXTRACT BASED POLYMERIC PRODRUG FOR SUSTAINING THE RELEASE OF A DRUG,{},""""""
20151030_44-2015_1_2499b97ece3516b0.pdf,981,25,applicationPublication,1,0,0,3,"[""3931/MUM/2015 A""]",TURNING ROUTER IN TO WEB SERVER,{},""""""
20151106_45-2015_1_fc9f66a8f6e83b7e.pdf,796,25,applicationPublication,1,0,0,1,"[""4001/MUM/2015 A""]",SKELETON GUIDED CNC FURNACE.,{},""""""
20151113_46-2015_1_0923a2336a1edaa5.pdf,1010,25,applicationPublication,1,0,0,1,"[""3450/DEL/2015 A""]",HUMAN TO NANOGRID (H2N) BACK UP POWER SYSTEM,{},""""""
20151120_47-2015_1_159312fd11b0cf5d.pdf,740,25,applicationPublication,1,0,0,2,"[""2876/MUMNP/2015 A""]",AUDIO ENCODER AND DECODER FOR INTERLEAVED WAVEFORM CODING,{},""""""
20151127_48-2015_1_c9e8bae343054dd4.pdf,1177,25,applicationPublication,1,0,0,1,"[""6152/CHE/2015 A""]",ANTICANCER POTENTIAL OF 11-HYDROXY 12-METHOXY DIHYDRO KAWAIN FROM PIPER BETLE L. LEAVES,{},""""""
20151204_49-2015_1_f146799700f0094a.pdf,1133,25,applicationPublication,1,0,0,1,"[""1181/KOL/2015 A""]",SOLAR DRYER,{},""""""
20151211_50-2015_1_c6c8997cafc694a3.pdf,587,25,applicationPublication,1,0,0,1,"[""1536/DEL/2014 A""]",COMPUTER SUPPORTED METHOD FOR PRODUCING PROGRAM CODE,{},""""""
20151218_51-2015_1_c42aac7290cf0448.pdf,547,25,applicationPublication,1,0,0,1,"[""3897/DEL/2015 A""]",A NOVEL NINE-PHASE SELF EXCITED INDUCTION GENERATOR,{},""""""
20151218_51-2015_2_3b1ad8be5ae01b4f.pdf,829,25,applicationPublication,1,0,0,2,"[""7672/CHENP/2012 A""]",METHOD FOR PRODUCING CYANOALKENYLCYCLOPROPANECARBOXYLIC ACID SALT,{},""""""
20160101_01-2016_1_a73127609c19935a.pdf,647,25,applicationPublication,1,0,0,1,"[""3502/MUM/2015 A""]",A TURBO VENTILATOR HAVINGMASS FLOW RATE IMPROVING INTERNAL BLADES,{},""""""
20160101_01-2016_2_cd1d159b06f57598.pdf,732,25,applicationPublication,1,0,0,3,"[""209/MUMNP/2015 A""]",MIXED PELLET,{},""""""
20160108_02-2016_1_a3fc901c776f6752.pdf,730,25,applicationPublication,1,0,0,2,"[""3431/MUM/2015 A""]",LEVEL MEASURING INSTRUMENT HAVING STAFF WITH PHOTOTRANSISTOR,{},""""""
20160115_03-2016_1_8c0511af1d6234f0.pdf,716,25,applicationPublication,1,0,0,2,"[""4216/MUM/2015 A""]",POWER GENERATION WITH THE HELP OF A PERPECTUAL MOTION MACHINE,{},""""""
20160115_03-2016_2_ca7a942f4481e1c9.pdf,551,25,applicationPublication,1,0,0,2,"[""2217/MUM/2014 A""]",MOVING MEDIA SEQUENTIAL SETTLING SYSTEM AND PROCESS FOR WASTE WATER TREATMENT,{},""""""
20160122_04-2016_1_e5473115a57a9343.pdf,693,25,applicationPublication,1,0,0,1,"[""1221/KOL/2015 A""]",AN INDUCTION CURING SYSTEM FOR ROOF TREATMENT WITH ASPHALT CONCRETE TO CURE A CRACK ON ROOF AND A METHOD FOR THE SAME,{},""""""
20160122_04-2016_2_67b96077eb632592.pdf,588,25,applicationPublication,1,0,0,1,"[""2636/CHE/2014 A""]",METHOD TO RECOVER AND PREVENT POTENTIAL INDUCEDPOWER DEGRADATION IN SOLAR PHOTOVOLTAIC DEVICES,{},""""""
20160129_05-2016_1_4e89461ec9664c8c.pdf,465,25,applicationPublication,1,0,0,2,"[""4117/MUM/2015 A""]",SWITCHING CIRCUIT TO START SINGLE PHASEINDUCTION MOTOR,{},""""""
20160129_05-2016_2_f142736cb65a4dbe.pdf,517,25,applicationPublication,1,0,0,1,"[""2958/CHE/2014 A""]",LENGTH ADJUSTMENT MECHANISM IN TOTAL DISTAL FEMUR PROSTHESIS,{},""""""
20160205_06-2016_1_24e363e3148b1002.pdf,625,25,applicationPublication,1,0,0,1,"[""4585/MUM/2015 A""]","NOVEL BLEND OF EDIBLE OILS TO REGULATE HYPERTENSION, HYPER CHOLESTEROLEMIA AND HYPER GLYCEMIA",{},""""""
20160205_06-2016_2_987948d3815485a7.pdf,437,25,applicationPublication,1,0,0,1,"[""3039/CHE/2014 A""]",MOTRO-DRIVEN COMPRESSOR,{},""""""
20160212_07-2016_1_bb9223ebbe3462f5.pdf,470,25,applicationPublication,1,0,0,1,"[""201611002263 A""]",SMART VENTILATION SYSTEM,{},""""""
20160212_07-2016_2_9d3e2956079761a9.pdf,511,25,applicationPublication,1,0,0,1,"[""3222/CHE/2014 A""]",SOLAR POWER WHEN SOLAR PANEL IS AT DIFFERENT DISTANCE FROM SOURCE BY R. VELMURUGAN,{},""""""
20160219_08-2016_1_0d2dc523f97d42a5.pdf,431,25,applicationPublication,1,0,0,2,"[""201621004295 A""]",WEAVING MACHINE TAILSTOCK WITH INTEGRAL HEALD FRAME GUIDES & SHEDDING UNDER MOTIONS,{},""""""
20160219_08-2016_2_d4aed06d0b5dbf2f.pdf,297,25,applicationPublication,1,0,0,3,"[""5195/CHENP/2014 A""]",LIQUID RING VACUUM PUMP WITH CAVITATION REGULATION,{},""""""
20160226_09-2016_1_e4b6eb3a99cb21cb.pdf,615,25,applicationPublication,1,0,0,2,"[""201621004331 A""]",MULTIFUNCTIONAL PORTABLE BED,{},""""""
20160304_10-2016_1_a34cf2bd39e3ba39.pdf,637,25,applicationPublication,1,0,0,2,"[""201621006531 A""]",SMART FM RADIO FOR PUBLIC TRANSPORTATION.,{},""""""
20160311_11-2016_1_e40ea9100942586b.pdf,483,25,applicationPublication,1,0,0,1,"[""1687/DEL/2015 A""]",ELECTROCHEMICAL PROCESS OF IMMUNO-BASED THIONINE DOPED NANOSILICA ELECTRODE MODIFICATION AND ITS USE AS AN ENZYMATIC SENSOR FOR ELECTROCHEMICAL DETECTION OF PLATELET HYPERACTIVITY,{},""""""
20160318_12-2016_1_f8914fd7f61c9d0b.pdf,705,25,applicationPublication,1,0,0,1,"[""201611005101 A""]",HIGH ASPECT CYLINDRICAL MICRO ELECTRODE FOR MICRO ELECTRICAL DISCHARGE MACHININGAND FABRICATION METHOD,{},""""""
20160325_13-2016_1_9813f99e69bd446f.pdf,790,25,applicationPublication,1,0,0,1,"[""201641002564 A""]",METHODS FOR GENERATING SMART ARCHITECTURE TEMPLATES AND DEVICES THEREOF,{},""""""
20160401_14-2016_1_50b4cff3033f724a.pdf,620,25,applicationPublication,1,0,0,2,"[""201621005881 A""]","COMPUTER-AIDED DESIGN, SYNTHESIS AND PHARMACOLOGICAL EVALUATION OF ETHYLENE DIAMINE COPPER (II) COMPLEX",{},""""""
20160408_15-2016_1_87735acdacfd31c9.pdf,599,25,applicationPublication,1,0,0,1,"[""201641010887 A""]",SYSTEMS AND METHODS FOR CONFIGURING A FIELD PROGRAMMABLE DEVICE,{},""""""
20160408_15-2016_2_1ed7077a1439aed4.pdf,609,25,applicationPublication,1,0,0,1,"[""2260/CHE/2010 A""]",CABLE AND FLEXIBLE CONDUIT GLAND,{},""""""
20160415_16-2016_1_5fc15aaf2cea2be1.pdf,695,25,applicationPublication,1,0,0,1,"[""102/DEL/2014 A""]",A NOVEL TECHNIQUE FOR PREPARATION OF LIQUID CRYSTAL DROPLETS,{},""""""
20160422_17-2016_1_6b7a815da8cf1060.pdf,906,25,applicationPublication,1,0,0,1,"[""201631010149 A""]",A PROCESS OF HOT WATER BOTTLE MANUFACTURING TO ENSURE100% LEAK PROOF,{},""""""
20160506_19-2016_1_7ce5463b421ffe4c.pdf,903,25,applicationPublication,1,0,0,1,"[""201624009015 A""]",SOLAR PANEL MOUNTING BASE AND SYSTEM FOR SOLAR PANEL INSTALLATION,{},""""""
20160513_20-2016_1_3d3a7341645b749e.pdf,838,25,applicationPublication,1,0,0,1,"[""201611009776 A""]","PENVEEL-CONVENIENT AND EFFECTIVE PLATFORM FOR SEARCHING, SELECTING AND PAYING TRANSACTIONS",{},""""""
20160513_20-2016_2_ae245dc4523fd681.pdf,237,25,applicationPublication,1,0,0,3,"[""3512/MUM/2014 A""]",CATALYST PROCESS FOR SPHERICAL PARTICLES,{},""""""
20160520_21-2016_1_84101a1f6c614836.pdf,621,25,applicationPublication,1,0,0,1,"[""201641015626 A""]",TOOTHPASTE DISPENSING TOOTHBRUSH,{},""""""
20160520_21-2016_2_a24f31f2144b1dcd.pdf,456,25,applicationPublication,1,0,0,3,"[""3652/MUM/2014 A""]","A TREE PRUNING DEVICE MOUNTABLE ON A TRACTOR, ITS DESIGN AND DEVELOPMENT THEREOF",{},""""""
20160527_22-2016_1_50c4a76c9f4a50ef.pdf,1036,25,applicationPublication,1,0,0,3,"[""10370/DELNP/2013 A""]",PROSTHESIS GUIDE COMPRISING PATIENT MATCHED FEATURES,{},""""""
20160527_22-2016_2_bada8fc74fb58a9b.pdf,1163,25,applicationPublication,1,0,0,1,"[""1714/MUMNP/2015 A""]",METHOD AND SYSTEM FOR SELF SERVICE EQUIPMENT OUTPUTTING AND COLLECTING MONEY,{},""""""
20160603_23-2016_1_0e682cb0590b152e.pdf,1022,25,applicationPublication,1,0,0,1,"[""201611015727 A""]",SYSTEM AND METHOD FOR FACILITATING TESTING OF PERIPHERAL NODES,{},""""""
20160603_23-2016_2_ff977c7882e51728.pdf,885,25,applicationPublication,1,0,0,1,"[""1350/CHENP/2013 A""]",TECHNIQUES FOR INDIRECT COLD TEMPERATURE THERMAL ENERGY STORAGE,{},""""""
20160610_24-2016_1_afbabe9ccdbe7164.pdf,1136,25,applicationPublication,1,1,0,2,"[""201621018819 A""]",SYSTEM AND METHOD FOR DISPENSING BEVERAGE,"{""Missing or malformed page/claim counts"":1}",""""""
20160610_24-2016_2_3d24c0a2f2711b1b.pdf,1136,25,applicationPublication,1,0,0,1,"[""2410/CHE/2013 A""]",A DAMPENER FOR AN EXHAUST AFTER TREATMENT UNIT,{},""""""
20160617_25-2016_1_d28a456a302374f2.pdf,536,25,applicationPublication,1,0,0,1,"[""201621016708 A""]",METHOD OF PREPARATION OF NATURAL HOLI COLOURS,{},""""""
20160617_25-2016_2_6875c27c0861dbfc.pdf,1068,25,applicationPublication,1,0,0,1,"[""3511/CHE/2013 A""]",AN IMPROVED PROCESS FOR THE PREPARATION OF GLATIRAMER ACETATE,{},""""""
20160624_26-2016_1_61195d934b61c856.pdf,925,25,applicationPublication,1,0,0,2,"[""3411/MUM/2015 A""]",A NOVEL 88 FACET DIAMOND HAVING 8 HEARTS & 8 ARROWS AND THE PROCESS OF MANUFACTURING THE SAME,{},""""""
20160624_26-2016_2_e350c6470c7d4f99.pdf,1000,25,applicationPublication,1,0,0,3,"[""10173/CHENP/2013 A""]",SENSOR BRACKET FOR AIRBAG ELECTRONIC CONTROL UNIT,{},""""""
20160624_26-2016_3_5b5245dbd78fab39.pdf,613,25,applicationPublication,1,0,0,1,"[""2241/KOLNP/2015 A""]",POSITIONING AND NAVIGATION METHOD AND DEVICE,{},""""""
20160701_27-2016_1_949ee6ed42f3d79f.pdf,494,25,applicationPublication,1,0,0,1,"[""613/KOL/2015 A""]",FLEXIBLE ENDOSCOPE FOR TREATMENT,{},""""""
20160701_27-2016_2_4f4d4491efc9de70.pdf,1949,25,applicationPublication,1,0,0,3,"[""5631/CHENP/2015 A""]",COMMUNICATIONAPPARATUS CONTROL METHOD THEREOF ANDPROGRAM,{},""""""
20160701_27-2016_3_3874a91cf93ace0d.pdf,2051,25,applicationPublication,1,0,0,3,"[""1143/CHENP/2015 A""]",MOTION FIELD UPSAMPLING FOR SCALABLE CODING BASED ON HIGH EFFICIENCY VIDEO CODING,{},""""""
20160708_28-2016_1_a5fe0b894202602d.pdf,887,25,applicationPublication,1,0,0,1,"[""201641022516 A""]",METHOD AND SYSTEM FOR RECOMMENDING OPTIMAL ERGONOMIC POSITION FOR A USER OF A COMPUTING DEVICE,{},""""""
20160708_28-2016_2_157ccbbd4754df54.pdf,725,25,applicationPublication,1,0,0,3,"[""201647000549 A""]",A CONVERTER ARRANGEM ENTFOR POWERCOMPENSATION AND A METHOD FOR CONTROLLING A POWER CONVERTER,{},""""""
20160715_29-2016_1_4d186a43425b7a63.pdf,1102,25,applicationPublication,1,0,0,1,"[""201611023406 A""]",INTERNET OF THINGS: INTELLIGENT AND SMART POD,{},""""""
20160715_29-2016_2_226b8e118ac21794.pdf,909,25,applicationPublication,1,0,0,3,"[""201627002459 A""]",METHOD FOR MONITORING A WINDING DEVICE,{},""""""
20160722_30-2016_1_7c326a1a5a6b3f2f.pdf,1166,25,applicationPublication,1,0,0,1,"[""201621021190 A""]","BEVERAGES, MOUTH FRESHENERS AND FOOD SUPPLEMENTS MADE FROM COW'S URINE IN TABLE FORM.",{},""""""
20160722_30-2016_2_e12008351e1e3ba9.pdf,852,25,applicationPublication,1,0,0,3,"[""2340/MUMNP/2015 A""]",PARALLEL LIFTING UNDERFLOOR WHEEL CRACK DETECTOR,{},""""""
20160729_31-2016_1_e306a3ba1f77ee13.pdf,868,25,applicationPublication,1,0,0,3,"[""201617001463 A""]",COEXTRUDED MULTILAYER FILM WITH PROPYLENE BASED POLYMER BARRIER LAYER,{},""""""
20160729_31-2016_2_cc5928c708e66f74.pdf,279,25,applicationPublication,1,0,0,1,"[""1304/MUMNP/2015 A""]",SOFTWARE PROGRAMMABLE LOGIC USING SPIN TRANSFER TORQUE MAGNETORESISTIVE DEVICES,{},""""""
20160805_32-2016_1_9aa372e88a75084f.pdf,773,25,applicationPublication,1,0,0,1,"[""201621005448 A""]",HYBRID WELDING METHOD & COMBINATION TORCH DEVICE FOR HIGH QUALITY WELDING,{},""""""
20160805_32-2016_2_39a95a5739c8b62a.pdf,995,25,applicationPublication,1,0,0,2,"[""201647001085 A""]",SPO2 TONE MODULATION WITH AUDIBLE LOWER CLAMP VALUE,{},""""""
20160812_33-2016_1_d1702200c09633a7.pdf,705,25,applicationPublication,1,0,0,1,"[""201641025411 A""]",METHOD AND SYSTEM FOR FACILITATING DELIVERY OF RECORDED DATA OVER A NETWORK,{},""""""
20160812_33-2016_2_56f1b1a09a8aafe7.pdf,335,25,applicationPublication,1,0,0,1,"[""397/MUM/2015 A""]","VWT CONTROLLED, NON-CONTINUOUS, FULLY AUTOMATIC MOBILE CONCRETE MIXER & THE METHOD OF VWT BATCHING THEREOF",{},""""""
20160819_34-2016_1_d1bb130dc17257ef.pdf,737,25,applicationPublication,1,0,0,1,"[""201621024492 A""]",COW DUNG BASED RADIATION AND ENERGY MASKING CHIP,{},""""""
20160819_34-2016_2_b3168eb9f1bd85d8.pdf,158,25,applicationPublication,1,0,0,1,"[""6688/CHE/2015 A""]",METHOD FOR OPERATING A SPARK IGNITED ENGINE,{},""""""
20160826_35-2016_1_d621f6c9826f8440.pdf,1000,25,applicationPublication,1,0,0,1,"[""201621026393 A""]",SMART EMI TVLOCKING,{},""""""
20160826_35-2016_2_08fbfd6952c715f3.pdf,1104,25,applicationPublication,1,0,0,1,"[""1153/CHE/2014 A""]",METHOD AND SYSTEM FOR NFC BASED SERVICE NEGOTIATION AND FAST WIRELESS DIRECT CONNECTION,{},""""""
20160826_35-2016_3_11b8b227c31163c8.pdf,820,25,applicationPublication,1,0,0,3,"[""7898/CHENP/2015 A""]",ANTISENSE OLIGOMERS AND CONJUGATES TARGETING PCSK9,{},""""""
20160831_36-2016_1_dd60207dcc1b84ff.pdf,958,25,applicationPublication,1,0,0,1,"[""1073/DELNP/2015 A""]",PREFABRICATED FORMWORK FOR CONSTRUCTING CONCRETE PAVED ROADS,{},""""""
20160831_36-2016_2_0a1e9a60b1f38cd4.pdf,943,25,applicationPublication,1,0,0,3,"[""201617020516 A""]",PEDICULICIDAL COMPOSITION,{},""""""
20160831_36-2016_3_72372a4adb28155d.pdf,939,25,applicationPublication,1,0,0,1,"[""1012/DEL/1997 A""]","""ELECTRIC HEATERS""",{},""""""
20160902_37-2016_1_7278a6bcb376f1f6.pdf,428,25,applicationPublication,1,0,0,1,"[""163/KOL/2011 A""]",CONTROL SYSTEM AND METHOD FOR PREVENTING HYDROCARBON SLIP DURING PARTICULATE MATTER FILTER REGENERATION,{},""""""
20160902_37-2016_2_db83477e5c2f230d.pdf,519,25,applicationPublication,1,0,0,3,"[""416/KOL/2011 A""]",COMMUNITY REWARDS,{},""""""
20160902_37-2016_3_d24dafd3718a6803.pdf,45,25,designPublication,0,0,0,0,[],"""""",{},""""""
20160909_38-2016_1_a0e6255d9fb9e86b.pdf,205,25,applicationPublication,1,0,0,1,"[""201614004159 A""]",CONNECTING ROD AND INTERNAL COMBUSTION ENGINE•,{},""""""
20160916_39-2016_1_900e3cc577ab5690.pdf,244,25,applicationPublication,1,0,0,3,"[""201621025659 A""]",A MECHANISM TO CONVENIENTLY RELEASE FOOTREST IN VEHICLES,{},""""""
20160923_40-2016_1_e64dca73dc702bf9.pdf,137,25,applicationPublication,1,0,0,1,"[""201611030625 A""]",PREPARATION AND CHARACTERIZATION OF ANTIHYPERTENSIVE DRUG MICROSPHERE FOR PULSATILE DRUG DELIVERY SYSTEM,{},""""""
20160930_41-2016_1_96af577dcd4ccaf8.pdf,853,25,applicationPublication,1,0,0,3,"[""201621021968 A""]",AN IMPROVED SAFETY AUTOMATION IN CAR.,{},""""""
20161014_43-2016_1_00ff15d302cd1b2d.pdf,222,25,applicationPublication,1,0,0,1,"[""201614011888 A""]",COOLING SYSTEM FOR SECONDARY BATTERY,{},""""""
20161021_44-2016_1_00af36864aa35b29.pdf,453,25,applicationPublication,1,0,0,2,"[""201621033422 A""]",SUB-STRUCTURE AS A STATIC TEST SPECIMEN TO SUBSTANTIATE FUSELAGE STRENGTH FOR HEAVY STORE INTEGRATION,{},""""""
20161028_45-2016_1_98a283f034d542bc.pdf,426,25,applicationPublication,1,0,0,1,"[""201621035289 A""]",ELECTRICAL ENERGY HARVESTING CEILING FAN,{},""""""
20161104_46-2016_1_20ebcdab92cb477c.pdf,532,25,applicationPublication,1,0,0,1,"[""201641031306 A""]",VISIBLE LIGHT COMMUNICATION BASED DATA TRANSFER THROUGH LIFI TECHNOLOGY,{},""""""
20161111_47-2016_1_9f94b5bd908635ae.pdf,696,25,applicationPublication,1,0,0,1,"[""201641037711 A""]",DRY AIR EVAPORATIVE AIR COOLER 3,{},""""""
20161118_48-2016_1_598d32c706402c79.pdf,350,25,applicationPublication,1,0,0,1,"[""201621037982 A""]",SECURE TRANSPORT SYSTEM BY USING MESSAGING DEVICE,{},""""""
20161125_49-2016_1_dfa317ca91f78010.pdf,738,25,applicationPublication,1,0,0,2,"[""201621017833 A""]",IMPROVED SYSTEM FOR PACKAGINGF COOKED BREADS STORED AT AMBIENT TEMPERATRE•,{},""""""
20161202_50-2016_1_4d57d727bc1a4eac.pdf,345,25,applicationPublication,1,0,0,1,"[""201641039528 A""]",MULTIFUNCTIONAL AND ADAPTABLE DEVICE UTILIZING OPTIMAL AND VARIABLE POWER TO ALLOW DETACHABLE CONNECTION OF AN APPLIANCE OR TOOL,{},""""""
20161216_52-2016_1_29cfe9ebb58adc0a.pdf,352,25,applicationPublication,1,0,0,1,"[""201641032035 A""]",A COMPOSITION AND A METHOD FOR TREATING WET PEELED VENEER OF A PALM SPECIES,{},""""""
20161223_53-2016_1_e437f21b289ed60b.pdf,443,25,applicationPublication,1,0,0,1,"[""201621010853 A""]",SINGLE LAYER OPTICAL FIBER CABLE FOR MICRODUCT APPLICATION•,{},""""""
20161230_54-2016_1_410ddcd9644693b9.pdf,607,25,applicationPublication,1,0,0,1,"[""201611025089A""]",INTEGRATED HEALTH-MONITORING DEVICE AND A METHOD OF REAL TIME TRANSFER OF HEALTH CONDITION DATA COLLECTED THEREOF,{},""""""
20161230_54-2016_2_333aee3b60f3d061.pdf,308,25,applicationPublication,1,0,0,3,"[""201647039037 A""]",COMPOSITIONS AND METHODS OF TREATING CARDIAC FIBROSIS WITH IFETROBAN,{},""""""
20170106_01-2017_1_b26298e586c63f3f.pdf,544,25,applicationPublication,1,0,0,1,"[""201641043174 A""]",VISIBILITY ENHANCEMENT ASSEMBLY FOR VEHICLES,{},""""""
20170113_02-2017_1_2057a29f5663ef06.pdf,764,25,applicationPublication,1,0,0,3,"[""201621044795 A""]",SYSTEM TO SYSTEM INTERACTION USING GESTURE AND/OR SPEECH,{},""""""
20170120_03-2017_1_22cc13e46b849f50.pdf,641,25,applicationPublication,1,0,0,2,"[""201721000991 A""]",AUTOMATIC MULTI-TASKING CHEMICAL SPRAYING ROBOT,{},""""""
20170127_04-2017_1_a43f6f7c64b2e366.pdf,408,25,applicationPublication,1,0,0,1,"[""201641044026 A""]",COMBINED PRINTING AND SOURCING PRINTER,{},""""""
20170203_05-2017_1_6536316a54e498da.pdf,513,25,applicationPublication,1,0,0,1,"[""201621005740 A""]",A digital frozen semen thawing system,{},""""""
20170210_06-2017_1_6b708d9212e5d79a.pdf,603,25,applicationPublication,1,0,0,2,"[""201721003774 A""]",MACHINE HEALTH MONITORING SYSTEM,{},""""""
20170210_06-2017_2_e87de1cc5c943cb3.pdf,118,25,applicationPublication,1,0,0,1,"[""4047/CHE/2015 A""]",TRANSMISSION SYSTEM FOR A CONTINUOUSLY VARIABLE TRANSMISSION TYPE ENGINE,{},""""""
20170210_06-2017_3_0282aafdfd7f9ec7.pdf,51,25,designPublication,0,0,0,0,[],"""""",{},""""""
20170217_07-2017_1_db7de45e18519470.pdf,579,25,applicationPublication,1,0,0,2,"[""201721004226 A""]",AN ECO-FRIENDLY OR ECONOMICAL METHOD FOR LARGE SCALE MANUFACTURING OF IRON AND IRON OXIDE NANOPARTICLE USING EXTRACT OF LAC.,{},""""""
20170217_07-2017_2_d88e53349252a827.pdf,56,25,designPublication,0,0,0,0,[],"""""",{},""""""
20170224_08-2017_1_f2268bca117ddc60.pdf,542,25,applicationPublication,1,0,0,1,"[""201741004864 A""]",A NOVEL METHOD FOR IDENTIFICATION OF BIOMARKERS FOR GENETIC DIAGNOSIS OF CARDIOVASCULAR DISEASES,{},""""""
20170303_09-2017_1_9387085d08664b9a.pdf,738,25,applicationPublication,1,0,0,1,"[""201621006343 A""]",SANDALWOOD PASTE MAKING MACHINE AND PROCESS THEREOF,{},""""""
20170310_10-2017_1_4af04298ff4fb727.pdf,787,25,applicationPublication,1,0,0,2,"[""201721006000 A""]",DUCT ARRANGEMENT TO IMPROVE THE AIR CIRCULATION INSIDE THE COLD STORAGE,{},""""""
20170317_11-2017_1_03753450a7719072.pdf,337,25,applicationPublication,1,0,0,3,"[""201731005223 A""]",FILAMENT WINDING MACHINE,{},""""""
20170317_11-2017_2_e2b6d792edf107c6.pdf,78,25,designPublication,0,0,0,0,[],"""""",{},""""""
20170324_12-2017_1_9dc8c8a0c14d3e97.pdf,568,25,applicationPublication,1,0,0,1,"[""201611038619 A""]",A SURGICAL EQUIPMENT AND A METHOD FOR TREATMENT OF ENTEROCUTANEOUS FISTULA,{},""""""
20170324_12-2017_2_3e8065f3b2eedff1.pdf,191,25,applicationPublication,1,0,0,1,"[""201648031973 A""]",A METHOD FOR THE CHARACTERIZATION OF FANCY YARN,{},""""""
20170331_13-2017_1_12082187b58af3ca.pdf,695,25,applicationPublication,1,0,0,1,"[""201721009633 A""]",A SUPERVISION SYSTEM AND METHOD FOR MONITORING HEALTH OF FLUX SHIFT DEVICE FOR AIR CIRCUIT BREAKERS,{},""""""
20170331_13-2017_2_d9433b52cb1edb18.pdf,182,25,applicationPublication,1,0,0,1,"[""201747007346 A""]",FORCED AIR EXHAUST DIFFUSER,{},""""""
20170331_13-2017_3_982ff9e64771de48.pdf,100,25,designPublication,0,0,0,0,[],"""""",{},""""""
20170407_14-2017_1_dd78e1e137b984bd.pdf,566,25,applicationPublication,1,0,0,2,"[""201721010586 A""]",MANUALLY INDEPENDENT MECHANISM FOR ELECTRICAL DEVICE WITH ROTARY CONTACT SYSTEM,{},""""""
20170407_14-2017_2_d5f9cb817d712e2a.pdf,215,25,applicationPublication,1,0,0,3,"[""201747009010 A""]",OPERATION POINT FOR CARRIAGE OF LAYERED HEVC BITSTREAMS,{},""""""
20170414_15-2017_1_d6141ca42773242d.pdf,502,25,applicationPublication,1,0,0,2,"[""201621012243 A""]",SYNTHESIS OF COPPER PHTHALOCYANINE USING DEEP EUTECTIC SOLVENT,{},""""""
20170414_15-2017_2_3c1021a5a21d3016.pdf,365,25,applicationPublication,1,0,0,2,"[""201727008072 A""]",ANTIMICROBIAL CLEANSING COMPOSITION,{},""""""
20170414_15-2017_3_c611dfc50cd55d16.pdf,76,25,designPublication,0,0,0,0,[],"""""",{},""""""
20170421_16-2017_1_5709fce17e6d7d32.pdf,505,25,applicationPublication,1,0,0,1,"[""201721013260 A""]",CAPACITOR BATTERY,{},""""""
20170421_16-2017_2_be6b6aa48efe3504.pdf,567,25,applicationPublication,1,0,0,2,"[""201747000587 A""]",GEL WITH HIGH DISPERSIBILITY AND METHOD FOR PREPARING SAME,{},""""""
20170428_17-2017_1_bf03df1ba7da28a1.pdf,522,25,applicationPublication,1,0,0,1,"[""201741013854 A""]",AATHICHUDI-A CONCEPTUAL LEARNING,{},""""""
20170428_17-2017_2_f456344542406c09.pdf,691,25,applicationPublication,1,0,0,2,"[""201644035860 A""]",NEURAL NETWORK FOR PROCESSING APTAMER DATA,{},""""""
20170505_18-2017_1_cb54705461a25396.pdf,520,25,applicationPublication,1,0,0,2,"[""201721012524 A""]",PANIPURI CUBES BREAKER.,{},""""""
20170505_18-2017_2_0d5bcb6a6fe469bc.pdf,921,25,applicationPublication,1,0,0,1,"[""201644030380 A""]",CHIRAL SCLERAL LENSES,{},""""""
20170505_18-2017_2_be40e9ea56912bdf.pdf,278,25,applicationPublication,1,1,0,3,"[""3337/MUM/2014 A""]",A POSITION ADJUSTMENT ARRANGEMENT.,"{""Missing applicants"":1}",""""""
20170512_19-2017_1_321aa99a1e6ba938.pdf,927,25,applicationPublication,1,0,0,2,"[""201721012019 A""]",PLANAR ANTENNAS FOR TERAHERTZ FREQUENCY APPLICATIONS.,{},""""""
20170512_19-2017_2_2ada08d3cf57d04c.pdf,407,25,applicationPublication,1,0,0,1,"[""3469/MUM/2014 A""]",A METHOD FOR IMPROVED SHEET FORMABILITY OF AGE HARDENABLE METALLIC ALLOYS,{},""""""
20170512_19-2017_2_83b11d8d14b59bf1.pdf,57,25,designPublication,0,0,0,0,[],"""""",{},""""""
20170519_20-2017_1_40cafa34ee443930.pdf,705,25,frontMatter,0,0,0,0,[],"""""",{},""""""
20170526_21-2017_1_8ac11f5b7076f183.pdf,367,25,applicationPublication,1,0,0,1,"[""201724015000 A""]",EVAPORATION DEVICE,{},""""""
20170526_21-2017_2_d3195536ed02b95d.pdf,1060,25,applicationPublication,1,0,0,1,"[""201644037411 A""]",CONTROL METHOD OF NEGATIVE PRESSURE PUMP FOR AUTOMOBILE,{},""""""
20170602_22-2017_1_8bb8518d93b3a17c.pdf,429,25,applicationPublication,1,0,0,1,"[""201711017619 A""]",A METHOD AND SYSTEM FOR OPTIMIZING STORAGE AND RETRIEVAL OF A STOCK KEEPING UNIT (SKU),{},""""""
20170602_22-2017_2_efcbf626c69f90a4.pdf,789,25,applicationPublication,1,0,0,2,"[""201647040471 A""]","METHODS AND APPARATUSES FOR ENCODING AN HDR IMAGES, AND METHODS AND APPARATUSES FOR USE OF SUCH ENCODED IMAGES",{},""""""
20170609_23-2017_1_48f8ec6ed17fa01a.pdf,718,25,applicationPublication,1,0,0,2,"[""201721018539 A""]",DESIGN AND DEVELOPMENT OF THE ELECTRO-MAGNETIC PISTON ENGINE.,{},""""""
20170616_24-2017_1_a8a13000878707c9.pdf,812,25,applicationPublication,1,0,0,1,"[""201611023017 A""]",BHUJIA AND PROCESS FOR MAKING THEREOF,{},""""""
20170623_25-2017_1_e3447f77ecef387e.pdf,803,25,applicationPublication,1,0,0,1,"[""201721020386 A""]",A SOLAR POWERED AERIAL VEHICLE,{},""""""
20170630_26-2017_1_6079bd6d6259c674.pdf,611,25,applicationPublication,1,0,0,1,"[""201721021291 A""]",SMART IMPERCEPTIBLE DOOR CLOSING SYSTEMS WITH INTEGRATED MONITORING DEVICES,{},""""""
20170707_27-2017_1_c8d1775b0241cba2.pdf,594,25,applicationPublication,1,0,0,1,"[""201717021819 A""]",ROBOTIC DEVICES AND SYSTEMS FOR PERFORMING SINGLE INCISION PROCEDURES AND NATURAL ORIFICE TRANSLUMENAL ENDOSCOPIC SURGICAL PROCEDURES AND METHODS OF CONFIGURING ROBOTIC DEVICES AND SYSTEMS,{},""""""
20170707_27-2017_2_4ab6dd578174e562.pdf,386,25,applicationPublication,1,0,0,3,"[""201747017570 A""]",PHOTOLUMINESCENT CEMENTITIOUS COMPOSITIONS BASED ON HYDRAULIC BINDERS PARTICULARLY SUITABLE FOR USE IN SAFETY SIGNS,{},""""""
20170714_28-2017_1_23842a371d4bf81e.pdf,696,25,applicationPublication,1,0,0,1,"[""201748024280 A""]",IMPROVED SUBBAND BLOCK BASED HARMONIC TRANSPOSITION,{},""""""
20170721_29-2017_1_78b58e57b5b9e7fd.pdf,554,25,applicationPublication,1,0,0,1,"[""201721022975 A""]",AUTOMATIC LUBRICATION SYSTEM FOR FIFTH WHEEL OF TRACTOR AND SEMI-TROLLEY,{},""""""
20170728_30-2017_1_843bd19f22284000.pdf,650,25,applicationPublication,1,0,0,1,"[""201721015412 A""]",EMPLOYMENT OF TIME-SHIFT (TS) FEATURES OF OPTICAL SCATTERING FOR THE DEVELOPMENT OF METROLOGICAL MEASUREMENT TECHNIQUE.,{},""""""
20170804_31-2017_1_820fcd1589b17dd7.pdf,713,25,applicationPublication,1,0,0,1,"[""201711002375 A""]",MODULAR DRUM AND METHOD OFF MANUFACTURING THEREOF,{},""""""
20170811_32-2017_1_f1ed35686c7435aa.pdf,466,25,applicationPublication,1,0,0,1,"[""201721011583 A""]",ILLUMINATED ROTARY HANDLE SYSTEM FOR CIRCUIT BREAKER ENCLOSURE,{},""""""
20170818_33-2017_1_dd82271044da1a23.pdf,646,25,applicationPublication,1,0,0,1,"[""201741027688 A""]",PERVASIVE SMART POSTURE RECOGNITION SYSTEM USING NEURAL FUZZY APPROACH,{},""""""
20170825_34-2017_1_87c33c7f1d3f4775.pdf,241,25,applicationPublication,1,1,1,1,"[""201641027120 A""]",[Unparsed patent page 25],"{""Missing title"":1}",""""""
20170825_34-2017_2_3a70569a2a2e03c1.pdf,1007,25,applicationPublication,1,0,0,1,"[""201641006025 A""]",METHOD AND SYSTEM TO READ MEDICAL DATA FROM AND WRITE MEDICAL DATA TO A MEDICAL CARD OF A PATIENT,{},""""""
20170901_35-2017_1_8f61e46403fe8923.pdf,512,25,applicationPublication,1,0,0,2,"[""201741026297 A""]",PHARMACEUTICAL FORMULATION TO INCREASE CANCER IMMUNITY,{},""""""
20170908_36-2017_1_515c58517542f906.pdf,903,25,applicationPublication,1,0,0,1,"[""201721027351 A""]",SAFETY APPARATUS FOR ENCLOSING TERMINALS OF ELECTRICAL DEVICES AND PROVIDING SAFE ACCESS TO TERMINALS,{},""""""
20170908_36-2017_2_68dcb2129e755add.pdf,679,25,applicationPublication,1,0,0,1,"[""1720/CHE/2009 A""]",A METHOD FOR NUCLEIC ACID EXTRACTION FROM CELL FREE SAMPLES,{},""""""
20170915_37-2017_1_de0245ffde4bdb4a.pdf,792,25,applicationPublication,1,0,0,1,"[""201721028388 A""]",DAMAGED HEXAGONAL SOCKET SCREW EXTRACTION SYSTEM.,{},""""""
20170915_37-2017_2_91f6fb9b509096c9.pdf,527,25,applicationPublication,1,0,0,1,"[""201641008759 A""]",PREPARATION OF 3-ISOBUTYL GLUTARIC ACID,{},""""""
20170922_38-2017_1_429b4e75746ae3c6.pdf,681,25,applicationPublication,1,0,0,2,"[""201721031664 A""]",NEURAL NETWORK BASED COVER SELECTION TO ENSURE SECURE IMAGE STEGANOGRAPHY.,{},""""""
20170929_39-2017_1_66e54e0e6991c825.pdf,743,25,applicationPublication,1,0,0,1,"[""201741032958 A""]",SPEED CONTROL OF INDUCTION MOTOR BY MEASURING THE INSTANTANEOUS FLUX AND TORQUE CURRENT,{},""""""
20171006_40-2017_1_f99bc6458e85e3f7.pdf,853,25,applicationPublication,1,0,0,1,"[""201721033628 A""]",VAPOR COLUMN FOR THERMO-ELECTRO-MECHANICAL SYSTEM FOR RECOVERY OF LATENT HEAT FROM ORGANIC WASTE USING CATALYTIC CRACKING OF CARBON HYDROGEN MOLECULAR CHAIN.,{},""""""
20171013_41-2017_1_e8c8fb58a10b89fa.pdf,673,25,applicationPublication,1,0,0,2,"[""201721034317 A""]",MECHANISM FOR MANIPULATING DISTANCE BETWEEN JAWS OR CLAWS OF A ROBOTIC GRIPPER,{},""""""
20171013_41-2017_2_623ce4b1c28058c5.pdf,716,25,applicationPublication,1,0,0,1,"[""201641012559 A""]",PHARMACEUTICAL FORMULATIONS COMPRISING SILODOSIN,{},""""""
20171013_41-2017_3_281b80f77e5c59e1.pdf,386,25,applicationPublication,1,0,0,3,"[""201737033897 A""]",METHOD FOR REGULATING A FUEL DELIVERY SYSTEM,{},""""""
20171020_42-2017_1_fbf81c7b2ee5adbe.pdf,585,25,applicationPublication,1,0,0,1,"[""201717035837 A""]",IMAGING SUPPLIES,{},""""""
20171020_42-2017_2_7384865917369ff9.pdf,249,25,applicationPublication,1,0,0,1,"[""201738032261 A""]",TISSUE TARGETED ANTIGENIC ACTIVATION OF THE IMMUNE RESPONSE TO TREAT COLON CANCER,{},""""""
20171020_42-2017_3_e095cd9d38c430b3.pdf,79,25,designPublication,0,0,0,0,[],"""""",{},""""""
20171027_43-2017_1_2a9ddf5847038cdc.pdf,625,25,applicationPublication,1,0,0,1,"[""201741037184 A""]",PERSPECTIVE AIR COOLING SYSTEM BY MEANS OF EXTERNAL TEMPERATURE SENSOR (ETS),{},""""""
20171027_43-2017_2_1f758bab38fe4f1c.pdf,131,25,applicationPublication,1,0,0,1,"[""201737029884 A""]",SEEDLING NURSERY MEMBER AND SEEDLING NURSERY SET FOR GRAFTING AND METHOD FOR PRODUCING GRAFTED SEEDLING,{},""""""
20171103_44-2017_1_b35da8b5124e8c1f.pdf,560,25,applicationPublication,1,0,0,1,"[""201741037436 A""]","A NOVEL METHOD FOR MEASURING ANTIOXIDANT POWER AS FRAP IS A NEW APPROACH OF BIOLOGICAL MARKER IN DIABETES MELLITUS, METABOLLIC SYNDROME AND CORONORY HEART DISEASE PATIENTS",{},""""""
20171103_44-2017_2_c08e59613a568239.pdf,311,25,applicationPublication,1,0,0,1,"[""201641015002 A""]",A SYSTEM TO DETECT AN ABNORMALITY DURING DIALYSIS TREATMENT AND A METHOD THEREOF,{},""""""
20171110_45-2017_1_c59ad167e4b7a166.pdf,505,25,applicationPublication,1,0,0,2,"[""201721007881 A""]",TEST STRIP TO DETECT ADULTERATION OF SALT IN MILK.,{},""""""
20171110_45-2017_2_51c48dafc3a5c766.pdf,884,25,applicationPublication,1,0,0,3,"[""201621011362 A""]",A NOVEL APHRODISIAC NEUTRACEUTICAL SUPPLEMENT,{},""""""
20171110_45-2017_3_4a6d4c2f542aef90.pdf,534,25,applicationPublication,1,0,0,1,"[""201631009920 A""]",AN APPARATUS AND AN IMPROVED METHOD OF MORE UNIFORM STEAM CURING OF STEEL MAKING SLAG WITH EFFICIENT RADIAL DISTRIBUTION OF STEAM,{},""""""
20171117_46-2017_1_174457d0211fcb4f.pdf,857,25,applicationPublication,1,0,0,3,"[""201621039960 A""]",CONTAINER FOR HOLDING OBJECT ON A VEHICLE,{},""""""
20171117_46-2017_2_12b833678deda953.pdf,711,25,applicationPublication,1,0,0,1,"[""201621008149 A""]",CLOSED LOOP GRAVITY CONVEYOR,{},""""""
20171117_46-2017_3_365fb68cad621609.pdf,665,25,applicationPublication,1,0,0,2,"[""201747039803 A""]",TRANSMISSION GEAR DEVICE TO BE USED IN MULTI SCREW EXTRUDER OR KNEADER,{},""""""
20171124_47-2017_1_bc723d63d88ee73e.pdf,635,25,applicationPublication,1,0,0,1,"[""201741040076 A""]",AIRCRAFT WINGLET MODIFICATION TO REDUCE VERTICAL STABILIZER LENGTH,{},""""""
20171124_47-2017_2_8983dba59bf263fb.pdf,597,25,applicationPublication,1,0,0,1,"[""201641017272 A""]",A NEW PROCESS FOR PREPARATION OF HIGH PURE DIATRIZOIC ACID AND ITS INTERMEDIATES,{},""""""
20171201_48-2017_1_1111f0aa9b27b708.pdf,701,25,applicationPublication,1,0,0,1,"[""201714029979 A""]","MOBILE TERMINAL, HOUSING COMPONENT, AND MANUFACTURING METHOD THEREOF",{},""""""
20171201_48-2017_2_7006c23daa9a2b8c.pdf,700,25,applicationPublication,1,0,0,3,"[""201717035196 A""]",PRESSURE BUILD UP CONTROLLED BRAKE SYSTEM WITH SPECIFIC INTERCONNECTION OF INTAKE VALVES WITH BRAKE CIRCUIT/WHEEL BRAKES AND METHOD FOR CONTROLLING PRESSURE,{},""""""
20171201_48-2017_3_0ebcde94889a816a.pdf,533,25,applicationPublication,1,0,0,1,"[""201747042077 A""]",HARDWARE ACCELERATION METHOD AND RELEVANT DEVICE,{},""""""
20171208_49-2017_1_a3796f51387cea8e.pdf,726,25,applicationPublication,1,0,0,1,"[""201711031931 A""]",NANO-BIOCONJUGATE FOR THESYNTHESIS OF NOVEL ANAESTHETIC DRUG BENZOCAINE,{},""""""
20171208_49-2017_2_c6a74f28ffac7d73.pdf,734,25,applicationPublication,1,0,0,3,"[""201621019281 A""]",A METHOD FOR PRODUCING A SUPER ABSORBENT POLYMER,{},""""""
20171209_51-2016_1_41ef9aa6f1485196.pdf,572,25,applicationPublication,1,0,0,1,"[""201621039861 A""]",(VOICE OVER LIGHT-FIDELITY VOLF): HYBRIDWAVE NETWORK,{},""""""
20171215_50-2017_1_aff6687871071672.pdf,629,25,applicationPublication,1,0,0,1,"[""201741043729 A""]",VERSATILE IMPRINT HEAD FOR HIGH TEMPERATURE APPLICATIONS,{},""""""
20171215_50-2017_2_84cc5ba5287ea2e3.pdf,464,25,applicationPublication,1,0,0,1,"[""201724015612 A""]",THREAD CLAMPING DEVICE,{},""""""
20171222_51-2017_1_5d56de3fe5b4acdc.pdf,552,25,applicationPublication,1,0,0,1,"[""201711037510 A""]","EMERGENCY REPORTING DEVICE (V.SAFE), WITHOUT USING CELL PHONES",{},""""""
20171222_51-2017_2_1a00b1c43d7cc93b.pdf,485,25,applicationPublication,1,0,0,1,"[""201621020591 A""]",A SPACER FOR MANUFACTURING OPERATION,{},""""""
20171229_52-2017_1_057cf69617f4a901.pdf,616,25,applicationPublication,1,0,0,3,"[""201721014307 A""]",A CUTTING TOOL.,{},""""""
20171229_52-2017_2_458371fb05526346.pdf,402,25,applicationPublication,1,0,0,3,"[""201621021793 A""]","ALLYLIC THIODIGLYCOLSULFONE CARBONATE, POLYMERS THEREOF AND THEIR USE IN DETECTION OF IONIZING RADIATIONS",{},""""""
20180105_01-2018_1_46bebbaea135097a.pdf,612,25,applicationPublication,1,0,0,1,"[""201711045128 A""]",A SYSTEM FOR OPTIMIZING IMPACT RESOURCES,{},""""""
20180105_01-2018_2_288a491b71d9adaa.pdf,435,25,applicationPublication,1,0,0,1,"[""201621022591 A""]",A TOOL-LESS HINGE MECHANISM,{},""""""
20180112_02-2018_1_6d7061c19035ff1e.pdf,548,25,applicationPublication,1,0,0,1,"[""201621037898 A""]",A COMPOSITE INSULATOR WITH SPIRAL SHED AND A METHOD OF MAKING THE SAME,{},""""""
20180112_02-2018_2_c8692af42b84d6bb.pdf,335,25,applicationPublication,1,0,0,2,"[""201641023079 A""]",Power Harvesting Smart Shoe,{},""""""
20180119_03-2018_1_1278464e3354bdc3.pdf,611,25,applicationPublication,1,0,0,1,"[""201811000688 A""]",SATTU FLOUR BASED READY-TO-CONSUME CARBONATED DRINK AND METHOD OF PREPARATION THEREOF•,{},""""""
20180119_03-2018_2_7fc8b5b35f878c48.pdf,300,25,applicationPublication,1,0,0,1,"[""201641023936 A""]",CRADLE FOR ROCKING AN INFANT,{},""""""
20180126_04-2018_1_f9ee1d3f5292aae1.pdf,461,25,applicationPublication,1,0,0,2,"[""201741043178 A""]","TREADING HOMOGENOUS GAS PHASE ACTIVE SPECIES FOR THE PREPARATION OF CYANOBACTERIAL AXENIC CULTURE, A JET (THAJ) METHOD",{},""""""
20180126_04-2018_2_b57ab432de6df7cb.pdf,367,25,applicationPublication,1,0,0,1,"[""201641025137 A""]",AUTHENTICATED ACCESS TO MANAGEABILITY HARDWARE COMPONENTS,{},""""""
20180202_05-2018_1_ced27dc1466acd9e.pdf,592,25,applicationPublication,1,0,0,1,"[""201821001819 A""]",NATURAL MOSQUITOES REPELLENT FORMULATION,{},""""""
20180202_05-2018_2_3e47677288addc45.pdf,480,25,applicationPublication,1,0,0,1,"[""201641026028 A""]",NON INVASIVE 2-CORE WIRE CAPACITIVE SENSOR FOR FLOW DETECTION IN A PIPE,{},""""""
20180209_06-2018_1_eedcfa3b6aaa7c0f.pdf,337,25,applicationPublication,1,0,0,1,"[""201821002630 A""]",THEMETHOD OF INNOVATIVE AYURVEDIC PAIN MANAGEMENT TECHNIQUE.,{},""""""
20180209_06-2018_2_f0c8fdbdbe092923.pdf,442,25,applicationPublication,1,0,0,2,"[""201641026623 A""]",AGGREGATION IN A COMMUNICATION SYSTEM OR SERVICE,{},""""""
20180216_07-2018_1_0dc81fde290a126a.pdf,428,25,applicationPublication,1,0,0,1,"[""201821004087 A""]",SYSTEM AND METHOD FOR AUTHENTICATING ACCESS OF AN ASSET,{},""""""
20180216_07-2018_2_67ef4bcec935b912.pdf,401,25,applicationPublication,1,0,0,1,"[""201641027482 A""]",DEVELOPMENT AND PRODUCTION DATA BASED APPLICATION EVOLUTION,{},""""""
20180223_08-2018_1_a6954b07f2623a07.pdf,350,25,applicationPublication,1,0,0,1,"[""201711004893 A""]",PREPAID METERING SOLUTION FOR MICRO-GRIDS,{},""""""
20180223_08-2018_2_51cb3b4b0942bf69.pdf,442,25,applicationPublication,1,0,0,1,"[""201641027958 A""]",SPECIAL PURPOSE TOOL FOR CALIBRATION OF HARMONISATION BOARD,{},""""""
20180302_09-2018_1_d1a0276b677a0ce4.pdf,421,25,applicationPublication,1,0,0,1,"[""201841006885 A""]",SIMULTANEOUS RENEWABLE POWER GENERATION OF SEA WAY SYSTEM,{},""""""
20180302_09-2018_2_bca90d1cb7a2b2b1.pdf,328,25,applicationPublication,1,0,0,1,"[""201641028979 A""]",DATA STORAGE SYSTEM AND METHOD THEREOF TO ACCESS RAID VOLUME IN PRE-BOOT ENVIRONMENT,{},""""""
20180309_10-2018_1_e9124221e75f110f.pdf,677,25,applicationPublication,1,0,0,1,"[""201841007285 A""]",ASINGLE YARN TWISTER FOR SPINNING MACHINE TO SPIN LONG FIBERS,{},""""""
20180316_11-2018_1_a1fb4c8658164a24.pdf,494,25,applicationPublication,1,0,0,1,"[""201817006913 A""]","OXALATE SALTS OF TENELIGLIPTIN AND SOLVATES THEREOF, INTERMEDIATES, PROCESS OF PREPRATION AND MARKERS THEREOF•",{},""""""
20180316_11-2018_2_a2ece43c7088364b.pdf,481,25,applicationPublication,1,0,0,3,"[""201727037986 A""]",METHOD FOR ENCAPSULATING PHARMACEUTICAL ACTIVES,{},""""""
20180323_12-2018_1_7c7bbbc73f3c8700.pdf,413,25,applicationPublication,1,0,0,1,"[""201821008369 A""]",ELEVATOR SYSTEM TO AVOID FALSE CALL FROM FLOOR.,{},""""""
20180323_12-2018_2_dba5c81f34bc19ff.pdf,433,25,applicationPublication,1,0,0,1,"[""201641031621 A""]",PHARMACEUTICAL COMPOSITION CONTAINING PLATELET PRODUCT AND A PROCESS OF PREPARATION THEREOF,{},""""""
20180330_13-2018_1_9141cdd68ee3c961.pdf,518,25,applicationPublication,1,0,0,1,"[""201821005846 A""]",INFORMATION SECURITY MECHANISM BY GENERATING STRONGPASSWORDS THROUGH IMAGE FUSION & MULTISHARE KEY CRYPTOGRAPHY TECHNIQUE,{},""""""
20180330_13-2018_2_7f05c567b69a61fc.pdf,178,25,frontMatter,0,0,0,0,[],"""""",{},""""""
20180406_14-2018_1_fd1e4c1456af843f.pdf,603,25,applicationPublication,1,0,0,1,"[""201811009447 A""]",IMPLEMENTINGOF WHEEL ALIGNMENT MONITORING SYSTEMAND THERE OF,{},""""""
20180406_14-2018_2_f73e0abdf76fef25.pdf,653,25,applicationPublication,1,0,0,1,"[""201641033690 A""]",SPECIALLY DESIGNED PORCELAIN LONG ROD INSULATORS FOR HIGHLY CONTAMINATED ENVIRONMENT,{},""""""
20180413_15-2018_1_f8eda3515a8d03ec.pdf,407,25,applicationPublication,1,0,0,2,"[""201821012542 A""]",ARITHMETIC AND DIGITAL CALCULATOR,{},""""""
20180413_15-2018_2_75d5f6ef2ff1e1fa.pdf,565,25,applicationPublication,1,0,0,2,"[""201641034690 A""]",A PROCESSFOR THE PREPARATION OF (R)-3-AMINOBUTANOL,{},""""""
20180420_16-2018_1_2e45a36899874b92.pdf,459,25,applicationPublication,1,0,0,1,"[""201821006525 A""]",FLAME RETARDANT TRANSPARENT LIQUID BASED ON NOVEL FUNCTIONALIZED GRAPHENE QUANTUM DOT,{},""""""
20180420_16-2018_2_04ccafdb966f5379.pdf,662,25,applicationPublication,1,0,0,1,"[""201641035334 A""]","METHODS AND SYSTEMS THAT SHARE RESOURCES AMONG MULTIPLE, INTERDEPENDENT RELEASE PIPELINES",{},""""""
20180427_17-2018_1_a8b1c64cff6643e1.pdf,490,25,applicationPublication,1,0,0,2,"[""201817011924 A""]",METHOD FOR MONITORING CHEMICAL PARAMETERS FROM AN OPERATING MINERAL OR WATER PROCESSING PLANT; SYSTEM THEREFOR; PROCESSING PLANT COMPRISING SUCH SYSTEM,{},""""""
20180427_17-2018_2_b3738c8f91d52fb2.pdf,491,25,applicationPublication,1,0,0,2,"[""201641036191 A""]",ELECTRONIC CONTROL UNIT AND SOFTWARE FOR CVT,{},""""""
20180427_17-2018_3_f41661dfa060ce6b.pdf,70,25,designPublication,0,0,0,0,[],"""""",{},""""""
20180504_18-2018_1_4bb2dfa111036e5f.pdf,1011,25,applicationPublication,1,0,0,1,"[""201621006844 A""]",OPERATING MECHANISM FOR COUNTER ASSEMBLY OF CIRCUIT BREAKER,{},""""""
20180504_18-2018_1_d2268a46ddf8545c.pdf,357,25,applicationPublication,1,0,0,1,"[""201811010126 A""]",HERBAL EXTRACTS BASED AIR FILTER AND A PROCESS FOR THE SAME,{},""""""
20180504_18-2018_2_aa4b5bd19e6b46a8.pdf,469,25,applicationPublication,1,0,0,1,"[""201641037373 A""]",SYSTEM AND METHOD FOR OPTIMAL POSITIONING OF BASE STATION ANTENNA,{},""""""
20180511_19-2018_1_58fd1e7203291403.pdf,585,25,applicationPublication,1,0,0,2,"[""201821014668 A""]",TELEVISION REMOTE CONTROL IDENTIFIER,{},""""""
20180511_19-2018_2_aded3b3e65e46083.pdf,358,25,applicationPublication,1,0,0,1,"[""201641037904 A""]",IN-SITU STRESS MEASUREMENTS IN POROUS ROCKMASS BY USING HIGH VISCOUS LIQUID,{},""""""
20180518_20-2018_1_a6e4a7e8f5bf1698.pdf,309,25,applicationPublication,1,0,0,1,"[""201841017595 A""]",LDR MANEUVERED UNMANNED AERIAL VEHICLE,{},""""""
20180518_20-2018_2_916dbb7d64a1d73c.pdf,503,25,applicationPublication,1,0,0,1,"[""201641038598 A""]",ELECTRICAL DISTRIBUTION APPARATUS INCLUDING BARRIER AND METHODS OF ASSEMBLING SAME,{},""""""
20180518_20-2018_3_362bc71ef1a00d5f.pdf,43,25,designPublication,0,0,0,0,[],"""""",{},""""""
20180525_21-2018_1_5d3938028700114c.pdf,337,25,applicationPublication,1,0,0,1,"[""201721016895 A""]",A PROCESS FOR PREPARING WINE FROM ORANGE FRUIT WITH AN OPTIMUM SUGARFREE CONTENT,{},""""""
20180525_21-2018_2_b5e70f25f4f1ee2e.pdf,395,25,applicationPublication,1,0,0,2,"[""201641039636 A""]",NOVEL ANTI-VIRAL AND ANTI-CANCER MOLECULE,{},""""""
20180601_22-2018_1_e1dfe86bd9d0370f.pdf,464,25,applicationPublication,1,0,0,1,"[""201811016109 A""]",HUMAN CONTROLLED BATTLE ROBOT,{},""""""
20180601_22-2018_2_0dde05d4cee495ba.pdf,389,25,applicationPublication,1,0,0,1,"[""201641040170 A""]",BUBBLEDIVERTER BOW FOR BOTTOM SONAR TRANSDUCER EQUIPPED OCEANOGRAPHIC AND RESEARCH VESSELS,{},""""""
20180608_23-2018_1_39c1d2070a384cf6.pdf,364,25,applicationPublication,1,0,0,2,"[""201821019831 A""]","DESIGN OF NOVEL AND OPTIMIZED CIRCUIT FOR GENERATING VARIABLE V ,I, R & C FOR SUBSTITUTINGDIFFERENT ELECTRONIC COMPONENTS",{},""""""
20180608_23-2018_2_17a7176cf9e64160.pdf,451,25,applicationPublication,1,0,0,1,"[""201641041097 A""]",ENFORCING DISPLAY SHARING PROFILES ON A CLIENT DEVICE SHARING DISPLAY ACTIVITY WITH A DISPLAY SHARING APPLICATION,{},""""""
20180615_24-2018_1_0110374f5a0a9b00.pdf,415,25,applicationPublication,1,0,0,1,"[""201841021108 A""]",CHAIN-ROPE ELEVATOR,{},""""""
20180615_24-2018_2_686ee818278ca843.pdf,420,25,applicationPublication,1,0,0,1,"[""201641042281 A""]",CLOTHES CONDITIONINGDEVICE,{},""""""
20180622_25-2018_1_850562a85a5e87dc.pdf,727,25,applicationPublication,1,0,0,1,"[""201811021480 A""]",FUEL SAVING DEVICE AND METHOD OF REDUCTION OF FUEL,{},""""""
20180622_25-2018_2_91827c000f7a92ea.pdf,511,25,applicationPublication,1,0,0,1,"[""201641042746 A""]",A COOLING SYSTEM FOR AN INTERNAL COIMBUSTION ENGINE,{},""""""
20180629_26-2018_1_08a37d2a6ac8ab6c.pdf,425,25,applicationPublication,1,0,0,1,"[""201721047452 A""]",ADDITIONALPIERS & NEEDLES TO CONVERT EXISTING BRIDGE IN BRIDGE CUM BARRAGE (BANDHARA),{},""""""
20180629_26-2018_2_7f6962abfd143c8c.pdf,632,25,applicationPublication,1,0,0,2,"[""201641044411 A""]",VEHICLE BODY COVER FOR A SCOOTER TYPE VEHICLE,{},""""""
20180706_27-2018_1_ceba8f24a179be64.pdf,438,25,applicationPublication,1,0,0,4,"[""201821022948 A""]",INTELLIGENT DEVICE FOR LANDSLIDE PREDICTION,{},""""""
20180706_27-2018_2_777d150abb2ea96a.pdf,528,25,applicationPublication,1,0,0,1,"[""201641044736 A""]",MELODIOUS BRUSH MATE FOR VISUALLY IMPAIRED CHILDREN,{},""""""
20180713_28-2018_1_66d58ba28a4c1a21.pdf,560,25,applicationPublication,1,0,0,1,"[""201811008811 A""]",CONTROL UNIT HVAC,{},""""""
20180713_28-2018_2_60e12a87c1f65492.pdf,398,25,applicationPublication,1,0,0,1,"[""201741001354 A""]",SYSTEM AND METHOD FOR STORING AND DELIVERING DIGITAL CONTENT,{},""""""
20180720_29-2018_1_a021d31825d97dc3.pdf,419,25,applicationPublication,1,0,0,1,"[""201821024997 A""]",TESTOMATIC-MOBILE FOOD TESTING EQUIPMENT,{},""""""
20180720_29-2018_2_9c962130eba94d98.pdf,528,25,applicationPublication,1,0,0,1,"[""201741001637 A""]",A METHOD FOR NOTIFYING ALERTS FOR SECURITY EVENTS IN A SECURITY MONITORING TOOL,{},""""""
20180727_30-2018_1_adf29d51a110f5da.pdf,427,25,applicationPublication,1,0,0,1,"[""201811025794 A""]",A SYSTEM AND METHOD FOR PREVENTING UNAUTHORIZED TEMPERING OF THE AUTOMATIC TELLER MACHINE (ATM),{},""""""
20180727_30-2018_2_3e18a653fae5e478.pdf,166,25,frontMatter,0,0,0,0,[],"""""",{},""""""
20180803_31-2018_1_a008d7dec926e5c2.pdf,571,25,applicationPublication,1,0,0,1,"[""201711015968 A""]",EARTHING ELECTRODES FOR MOBILE APPLICATION,{},""""""
20180803_31-2018_2_9abb0808fac99a24.pdf,182,25,frontMatter,0,0,0,0,[],"""""",{},""""""
20180810_32-2018_1_53ee86d54ef331b8.pdf,605,25,applicationPublication,1,0,0,1,"[""201821015653 A""]",SOWD-SYSTEM: SOLAR OPERATED WATERDESALINATION SYSTEM FOR RURAL & COSTAL HOUSEHOLD,{},""""""
20180810_32-2018_2_4f09f705aa1e5c54.pdf,684,25,applicationPublication,1,0,0,1,"[""201721004117 A""]",SYSTEMS AND METHODS FOR ASSESSING QUALITY OF INPUT TEXT USING RECURRENT NEURAL NETWORKS,{},""""""
20180817_33-2018_1_4eac2c245426fe80.pdf,647,25,applicationPublication,1,0,0,1,"[""201811022498 A""]",SYSTEM AND METHOD FOR DIGITAL CROP LIFECYCLE MODELING,{},""""""
20180817_33-2018_2_f316c951910748be.pdf,115,25,frontMatter,0,0,0,0,[],"""""",{},""""""
20180824_34-2018_1_9bd0e97ed0d73607.pdf,751,25,applicationPublication,1,0,0,1,"[""201821029452 A""]",SYSTEM FOR GENDER AND AGE GROUP IDENTIFICATION FROM IRIS IMAGES,{},""""""
20180824_34-2018_2_12190880878e1770.pdf,105,25,frontMatter,0,0,0,0,[],"""""",{},""""""
20180824_34-2018_3_7eddf48d2ddb648f.pdf,35,25,designPublication,0,0,0,0,[],"""""",{},""""""
20180831_35-2018_1_88253533c3d3f8c8.pdf,586,25,corrigendum,0,0,0,0,[],"""""",{},""""""
20180831_35-2018_2_8c63c7b7d264ac31.pdf,141,25,frontMatter,0,0,0,0,[],"""""",{},""""""
20180907_36-2018_1_3a4227c139c7d47f.pdf,748,25,applicationPublication,1,0,0,1,"[""201817032347 A""]",ELECTRONIC DEVICE AND MANUFACTURING METHOD THEREFOR,{},""""""
20180907_36-2018_2_f49a70c4276746c2.pdf,443,25,applicationPublication,1,0,0,1,"[""201827020712 A""]",DISULFIRAM FORMULATION,{},""""""
20180914_37-2018_1_8beba4c6f803674d.pdf,648,25,applicationPublication,1,0,0,1,"[""201841033054 A""]",ROTATABLE FRESNEL LENS ˜CONCENTRATING SUNLIGHT ON STATIONARY ABSORBER™ AT FIXED LOCATION ON ITS SUPPORTING FRAME•,{},""""""
20180914_37-2018_2_3698b9ec71fbfe1c.pdf,124,25,frontMatter,0,0,0,0,[],"""""",{},""""""
20180921_38-2018_1_1260836a29b70693.pdf,452,25,applicationPublication,1,0,0,1,"[""201831028093 A""]",A SMART POCKET WEB SERVER CUM NETWORK ATTACHED STORAGE,{},""""""
20180921_38-2018_2_da2af64b7bccc44a.pdf,387,25,applicationPublication,1,0,0,1,"[""201741008796 A""]",A SYSTEM AND METHOD OF ARTIFICIAL INTELLIGENCE AND TOMOGRAPHYIMAGING OF HUMAN CORNEA,{},""""""
20180928_39-2018_1_9793999bfb98fdc3.pdf,504,25,applicationPublication,1,0,0,1,"[""201811033850 A""]","GSM ENABLED, FIELD MONITORING, HYBRID AGRICULTURE SOLAR ROBOT.",{},""""""
20180928_39-2018_2_20b1de9ec36f50e3.pdf,623,25,applicationPublication,1,0,0,2,"[""201741009772 A""]",METHOD FOR MANAGING DATA IN A DATA FLASH MEMORY OF A CONTROL UNIT,{},""""""
20181005_40-2018_1_8130ffa8d17e50e4.pdf,605,25,applicationPublication,1,0,0,1,"[""201811036020 A""]",DEVICE FOR TREATING NEGATIVE DYSPHOTOPSIA,{},""""""
20181005_40-2018_2_67d71dd5ea18375e.pdf,673,25,applicationPublication,1,0,0,1,"[""201741010932 A""]",A PROCESSFOR THE PREPARATION OF EBERCONAZOLE NITRATE•,{},""""""
20181012_41-2018_1_74f5e28c06354f6b.pdf,410,25,applicationPublication,1,0,0,1,"[""201841037676 A""]",WATER TANK CLEANING DEVICE,{},""""""
20181012_41-2018_2_84bfeef1a7200cee.pdf,110,25,frontMatter,0,0,0,0,[],"""""",{},""""""
20181019_42-2018_1_c345fe270ea61772.pdf,320,25,applicationPublication,1,0,0,1,"[""201821036698 A""]",A SMS OPERATED AUTOMATIC DOOR LOCK SYSTEM TO AVOID THEFT PROBLEMS AND FALSE PRACTICES,{},""""""
20181019_42-2018_2_ff497ba3662b36db.pdf,606,25,applicationPublication,1,0,0,3,"[""201741013157 A""]",METHOD FOR PREPARING CHITOSAN AND CHEMICALLY EXTRACTING CHITIN USING IONIC LIQUIDS,{},""""""
20181026_43-2018_1_5d1be97194ea864f.pdf,751,25,applicationPublication,1,0,0,1,"[""201811022439 A""]",GPS EMBEDDED VIDEOSURVEY SYSTEM,{},""""""
20181026_43-2018_2_7d6c4b38852c3548.pdf,384,25,applicationPublication,1,0,0,3,"[""201741013507 A""]",A METHOD FOR MINIMIZING A PHASE CURRENT OVERSHOOT IN AN ELECTRIC MACHINE DURING AN ERROR,{},""""""
20181102_44-2018_1_e7245021b9cce2cc.pdf,521,25,applicationPublication,1,0,0,1,"[""201821039792 A""]",BRUSHLESS DC MOTOR BASED SMART SOLAR AIR COOLER WITH ELECTRONIC SPEED CONTROL,{},""""""
20181102_44-2018_2_458622a9001e0ed4.pdf,350,25,applicationPublication,1,0,0,2,"[""201741014828 A""]",CRYSTALLINE FORMS OF BRIGATINIB,{},""""""
20181109_45-2018_1_fb5f83271286d204.pdf,395,25,applicationPublication,1,0,0,3,"[""201741041844 A""]",WIRELESS LIGHT EMITTING DENTAL BLEACHING APPARATUS,{},""""""
20181109_45-2018_2_ee66e59b2ddfe567.pdf,363,25,applicationPublication,1,0,0,2,"[""201741015536 A""]",HEALTHY CIGARETTE,{},""""""
20181116_46-2018_1_27d0ae33d207db5e.pdf,520,25,applicationPublication,1,0,0,1,"[""201841000259 A""]",GRAPH PLATE,{},""""""
20181116_46-2018_2_061ea07c6789d9a8.pdf,423,25,applicationPublication,1,0,0,1,"[""201741016495 A""]",SYSTEM FOR ESTABLISHMENT OF DOCTOR MOBILE NUMBER PRIVACY AND EFFECTIVE COMMUNICATION BETWEEN DOCTOR AND PATIENT,{},""""""
20181123_47-2018_1_2156da19609bd5f5.pdf,453,25,applicationPublication,1,0,0,2,"[""201821008190 A""]",An apparatus and method on energy efficient routing in Mobile Adhoc Network MANET by using Load eqUilibrium Neighbor Aware Routing (LUNAR),{},""""""
20181123_47-2018_2_5ab5e4b8a7bd06ef.pdf,336,25,applicationPublication,1,0,0,3,"[""201741017628 A""]",SYSTEM AND METHOD FORENCODING AND DECODING DATA,{},""""""
20181130_48-2018_1_180267014902b351.pdf,567,25,applicationPublication,1,0,0,1,"[""201811018882 A""]",IMPROVED STABILIZER SYSTEM AND A METHOD FOR THE SAME,{},""""""
20181130_48-2018_2_e0671d693f7810b0.pdf,336,25,applicationPublication,1,0,0,1,"[""201741018352 A""]",DRAINAGE OVERFLOW MONITORING SYSTEM AND A METHOD FOR THE SAME,{},""""""
20181207_49-2018_1_a44df59d6de582d0.pdf,444,25,applicationPublication,1,0,0,1,"[""201811028367 A""]",A STABILIZED GREEN PRODUCT/COMPOSITION FROM HAZARDOUS JAROSITE WASTE AND PROCESS OF PREPARATION THEREOF,{},""""""
20181207_49-2018_2_1609c8eb37e7ba15.pdf,515,25,applicationPublication,1,0,0,1,"[""201741018983 A""]",A HAMMER FOR APPLYING FORCE ONA MATERIAL,{},""""""
20181214_50-2018_1_f54ad0572c326456.pdf,723,25,applicationPublication,1,0,0,1,"[""201821043908 A""]",˜A PROCESS FORENZYMATIC EXTRACTION OF GUAR PROTEIN ISOLATE TO IMPROVE DIGESTIBILITY IN HUMANS™,{},""""""
20181214_50-2018_2_e93e72eaa24810c0.pdf,566,25,applicationPublication,1,0,0,1,"[""201827032266 A""]",LIQUID PACKAGINGPAPER,{},""""""
20181221_51-2018_1_3e37cc21a12a1356.pdf,643,25,frontMatter,0,0,0,0,[],"""""",{},""""""
20181221_51-2018_2_7253a985643a8544.pdf,383,25,applicationPublication,1,0,0,1,"[""201741021461 A""]",PROCESS FOR THE PREPARATION OF HYDROCARBON SOLUBLE ORGANOMETALLIC CATALYSTS,{},""""""
20181228_52-2018_1_94e6c0a10b84f7ca.pdf,477,25,applicationPublication,1,0,0,1,"[""201811047663 A""]",DESIGN OF ULTRASONIC PATTERN GENERATOR AND VIBRATOR FOR ROOT CANALING PROCESS IN ENDODONTICS,{},""""""
20181228_52-2018_2_837860c363199f25.pdf,439,25,applicationPublication,1,0,0,1,"[""201827033186 A""]",VIRTUALIZED NETWORK FUNCTION INTERWORKING,{},""""""
20190104_01-2019_1_dea5e7243da1675c.pdf,684,25,applicationPublication,1,0,0,3,"[""201841028063 A""]",SECURE REMOTEELECTRONIC VOTING SYSTEM,{},""""""
20190104_01-2019_2_bef607d15c3fc178.pdf,382,25,applicationPublication,1,0,0,2,"[""201741023195 A""]",MODULAR TAILGATEASSEMBLY AND METHOD FOR MOUNTING THE MODULAR TAILGATE ASSEMBLY TO A VEHICLE BODY,{},""""""
20190111_02-2019_1_c86d4255a3469278.pdf,394,25,applicationPublication,1,0,0,2,"[""201821049115 A""]",A MOBILE DEVICE FOR MAPPING AND MONITORING OF UNDERGROUND COAL MINES,{},""""""
20190111_02-2019_2_c3dd98b392433350.pdf,405,25,applicationPublication,1,0,0,3,"[""201741023972 A""]",SECURED DOCUMENT GENERATION USING QR CODE AND VSS,{},""""""
20190118_03-2019_1_56f156b556b5a205.pdf,640,25,applicationPublication,1,0,0,2,"[""201821047991 A""]",METHOD FOR ROUTING IN VEHICLE AD-HOC NETWORK (VANET) WITH MOBILITY AWARENESS,{},""""""
20190118_03-2019_2_259a9bbfa8a13f32.pdf,498,25,applicationPublication,1,0,0,1,"[""201741024712 A""]",AIR REGISTER ASSEMBLY,{},""""""
20190125_04-2019_1_b38ab22f9a327d88.pdf,547,25,applicationPublication,1,0,0,2,"[""201821049241 A""]",ADJOINING RIM DRIVEN THRUSTER SYSTEM FOR EXOSKELETAL TURBOFAN JET ENGINE,{},""""""
20190125_04-2019_2_582f36cac96039c3.pdf,319,25,applicationPublication,1,0,0,3,"[""201741025479 A""]",PRIORITIZED CLIENT-SERVER COMMUNICATIONS BASED ON SERVER HEALTH,{},""""""
20190201_05-2019_1_a21272c89b4c3b09.pdf,628,25,applicationPublication,1,0,0,3,"[""201821002187 A""]",A NOVEL ECO PEST TRAP FOR AGRICULTURAL PURPOSE,{},""""""
20190201_05-2019_2_96c1fec02caa33ee.pdf,493,25,applicationPublication,1,0,0,2,"[""201721027132 A""]",SMART CROP MANAGEMENT SYSTEM,{},""""""
20190208_06-2019_1_5c905b4ac7b5025b.pdf,396,25,applicationPublication,1,0,0,1,"[""201921003645 A""]",THREE-DIMENSIONAL MINIPLATE FOR THE TREATMENT OF MANDIBULAR FRACTURES,{},""""""
20190208_06-2019_2_132099005e675ea3.pdf,319,25,applicationPublication,1,0,0,1,"[""201741027254 A""]","DUAL POSITIONED HANDLE BAR, SEAT LIFTING AND REVERSE GEAR MECHANISM FOR PHYSICALLY CHALLENGED PEOPLE",{},""""""
20190215_07-2019_1_92773566e6acacbc.pdf,488,25,applicationPublication,1,0,0,1,"[""201817048301 A""]",WAIST SUPPORTING CHAIR,{},""""""
20190215_07-2019_2_aeb068f38ae37cc4.pdf,348,25,applicationPublication,1,0,0,1,"[""201741028420 A""]",SYSTEMS AND METHODS FOR PROVIDING SECURITY IN A COMMUNICATIONS NETWORK OF A POWER GENERATION ENTITY,{},""""""
20190222_08-2019_1_3c6c55f31fe4faa1.pdf,530,25,applicationPublication,1,0,0,1,"[""201911005018 A""]",DPIITPV BASED PROTECTED ENVIRONMENT CONTROLLED FARMING (PV_PECF)DPIIT.,{},""""""
20190222_08-2019_2_a7572808961c9d99.pdf,969,25,applicationPublication,1,0,0,2,"[""201741029682 A""]",A SYSTEM USING DC POWER BUS FOR CONTINUOUS SUPPLY OF POWER AND A CONTROL METHOD THEREOF,{},""""""
20190301_09-2019_1_7eb9c4407882ad5f.pdf,697,25,applicationPublication,1,0,0,2,"[""201821036447 A""]",A MULTISTAGE PUMP WITH AXIAL THRUST OPTIMIZATION,{},""""""
20190301_09-2019_2_0cc62102acb6fdea.pdf,535,25,applicationPublication,1,0,0,3,"[""201741030905 A""]",METHOD AND SYSTEM FOR POSITIONING AN AUTONOMOUS VEHICLE ON A NAVIGATION MAP,{},""""""
20190308_10-2019_1_003d4768b9948f13.pdf,413,25,applicationPublication,1,0,0,2,"[""201821047056 A""]","PIEZOELECTRIC VALVE, METHOD FOR DRIVING PIEZOELECTRIC VALVE, AND OPTICAL PARTICULATE SEPARATOR",{},""""""
20190308_10-2019_2_5d50c28d7b8ff6ed.pdf,633,25,applicationPublication,1,0,0,2,"[""201741031150 A""]",ANARRANGEMENT TO PREVENT LEAKAGE OF WORKING FLUID BETWEEN CASINGS OF A FLUID FLOW MACHINE AND A METHOD OF LOCKING THE CASINGS THEREOF,{},""""""
20190315_11-2019_1_b7f1cf4e36ef59a2.pdf,720,25,applicationPublication,1,0,0,1,"[""201921008049 A""]","ALCOHOL-DETECTION, HEALTH AND RIDE MONITORING SYSTEM IN CABS",{},""""""
20190315_11-2019_2_834ecc61667251ef.pdf,502,25,applicationPublication,1,0,0,1,"[""201741032333 A""]","Novel Arrangement of Apparatus, System and Method for Reaching out to Remote Rural Areas Through Voice-based Real-Time Medical Diagnostic System (RTMDS)",{},""""""
20190322_12-2019_1_5b9cf3cfa2bcd44d.pdf,497,25,applicationPublication,1,0,0,6,"[""201821042787 A""]","""WPC-TILES : WASTE PLASTIC CONVERT INTO A COLORS TILES""",{},""""""
20190322_12-2019_2_578d513629145aca.pdf,651,25,applicationPublication,1,0,0,1,"[""201641022523 A""]",A SHIFT ROD ASSEMBLY TO INTRODUCE DELAY IN GEARSHIFTS IN A TRANSMISSION OF A VEHICLE,{},""""""
20190329_13-2019_1_8155d4aabe375e0b.pdf,549,25,applicationPublication,1,0,0,1,"[""201811010011 A""]",ZONAL BASED GREEN ALGORITHM FOR ENHANCING BATTERY LIFETIME OF USER TERMINALS,{},""""""
20190329_13-2019_2_af05df0370ec970d.pdf,646,25,applicationPublication,1,0,0,2,"[""201741033759 A""]",DYNAMIC GENERATION OF USER INTERFACE COMPONENTS BASED ONHIERARCHICAL COMPONENT FACTORIES,{},""""""
20190405_14-2019_1_d2a512d691ca92b8.pdf,452,25,applicationPublication,1,0,0,1,"[""201911011629 A""]",AIRQUALITY INDICATOR/MONITOR (INTERNAL AND/OR EXTERNAL AIR) & AUTO/MANUAL START/STOP OF AIR PURIFIER IN A MOTOR VEHICLE:,{},""""""
20190405_14-2019_2_9cf309a7de54a2c9.pdf,412,25,applicationPublication,1,0,0,2,"[""201741034784 A""]",METHOD AND SYSTEM FOR CORRECTING APRE‐GENERATED NAVIGATION PATH FOR AN AUTONOMOUS VEHICLE,{},""""""
20190412_15-2019_1_d7110c0961d6abe4.pdf,333,25,applicationPublication,1,1,0,1,"[""201711035234 A""]",THE INTELLIGENCE REFLEX (IR) TEST,"{""Missing or malformed page/claim counts"":1}",""""""
20190412_15-2019_2_74e90611dbd83876.pdf,280,25,applicationPublication,1,0,0,2,"[""201741035493 A""]",DEVICE TO POSITION A TRENCH-DIGGING MACHINE WITH RESPECT TO THE GROUND,{},""""""
20190419_16-2019_1_b313100833c7d132.pdf,265,25,applicationPublication,1,0,0,2,"[""201921013766 A""]",REAL TIME PRECISE CORRELATED LIGHTING FOR FLOOD LIGHTING,{},""""""
20190419_16-2019_2_06423ce160fa5fb2.pdf,166,25,applicationPublication,1,0,0,2,"[""201741036392 A""]",METHOD AND SYSTEM FOR EDGE CACHING MEDIA CONTENT,{},""""""
20190419_16-2019_3_35df4f89d5a2bb4e.pdf,42,25,designPublication,0,0,0,0,[],"""""",{},""""""
20190426_17-2019_1_7a0ec877e34064c1.pdf,457,25,applicationPublication,1,0,0,1,"[""201941013857 A""]",A FABRICATED DETACHABLE EMISSION FILTER FOR EXHAUST OUTLETS,{},""""""
20190426_17-2019_2_8c5383b69f94122b.pdf,292,25,applicationPublication,1,0,0,1,"[""201741036981 A""]",A SUSPENSION AND BRAKING SIMULATOR,{},""""""
20190503_18-2019_1_0fdbb5ce3e183687.pdf,527,25,applicationPublication,1,0,0,1,"[""201921004709 A""]","ECONOMIC,EFFICIENT & EFFECTIVE SYSTEM FOR PRODUCTION OF BIO-DEGRADABLE PRODUCTS FROMAGRICULTURAL WASTE.",{},""""""
20190503_18-2019_2_31de1ce1a62dc919.pdf,516,25,applicationPublication,1,0,0,2,"[""201741038228 A""]",NOVEL SKIN FEATURE BASED JAUNDICE DETECTION FOR NEONATES USING NONINVASIVE TECHNIQUE .,{},""""""
20190510_19-2019_1_30e7e8e416f11749.pdf,421,25,applicationPublication,1,0,0,1,"[""201911000366 A""]",A PROSTHETIC DEVICE AND A METHOD OF OPERATING THE SAME,{},""""""
20190510_19-2019_2_3b1d9a82da54aaae.pdf,541,25,applicationPublication,1,0,0,2,"[""201741039685 A""]",METHOD FOR REDUCING NEUROTOXINS IN FOOD PRODUCTS,{},""""""
20190517_20-2019_1_8da58a9256497354.pdf,576,25,applicationPublication,1,0,0,1,"[""201921015259 A""]",SYSTEMS AND METHODS TO CALCULATE RISK TOLERANCE OF THE INVESTOR USING VIRTUAL SIMULATION,{},""""""
20190517_20-2019_2_0b7641c4de523795.pdf,568,25,applicationPublication,1,0,0,1,"[""201741040513 A""]",NOVEL METHOD OF ADAPTING THERMOELECTRIC COOLING MODULES INTO CHARGING CABLES,{},""""""
20190524_21-2019_1_5dd881ebdde32df3.pdf,384,25,applicationPublication,1,0,0,4,"[""201911018961 A""]",A HERBAL ANTHELMINTIC FORMULATION AND PROCESS OF ITS PREPARATION,{},""""""
20190524_21-2019_2_ba5914db1f85fc12.pdf,692,25,applicationPublication,1,0,0,3,"[""201741041682 A""]",VARIABLE DELIVERY OIL PUMP,{},""""""
20190531_22-2019_1_913dbf5ab73f9c26.pdf,532,25,applicationPublication,1,0,0,1,"[""201811015395 A""]",WATER BUCKET WITH WHEELS,{},""""""
20190531_22-2019_2_d3586c4a106b3cc6.pdf,427,25,applicationPublication,1,0,0,3,"[""201741042961 A""]",COOKING PAN USING THERMOELECTRIC GENERATOR MODULE,{},""""""
20190607_23-2019_1_942a547ee12a37e5.pdf,453,25,applicationPublication,1,0,0,2,"[""201921016789 A""]",SYSTEM AND METHOD FOR RECOGNIZING HAND GESTURES,{},""""""
20190607_23-2019_2_64c3661210c05e30.pdf,364,25,applicationPublication,1,0,0,1,"[""201927001353 A""]",HUMAN ANTIBODY SPECIFICALLY BINDING TO ACNE BACTERIA USING PHAGE DISPLAY TECHNIQUE AND USE THEREOF,{},""""""
20190614_24-2019_1_a8d4b676d4e72b91.pdf,446,25,applicationPublication,1,0,0,2,"[""201821006781 A""]",AN IMPROVED GOLF TEE STRUCTURE,{},""""""
20190614_24-2019_2_f77b120f9f91f277.pdf,394,25,applicationPublication,1,0,0,2,"[""201727030752 A""]",METHOD AND DEVICE FOR DATA PROCESSING,{},""""""
20190621_25-2019_1_7ce59e3766ab373a.pdf,258,25,applicationPublication,1,0,0,2,"[""201921021960 A""]",SYSTEMS AND METHODS TO DETECT FAKE CURRENCY FOR VISUALLY IMPAIRED PEOPLE.,{},""""""
20190621_25-2019_2_a582b07f08d4c6ff.pdf,328,25,applicationPublication,1,0,0,1,"[""201917010970 A""]",METHOD AND APPARATUS FOR PROCESSING VIDEO SIGNAL,{},""""""
20190621_25-2019_3_5b1f3b3e9a4dc936.pdf,378,25,applicationPublication,1,0,0,1,"[""201827043571 A""]",DISPLAY DRIVING INTEGRATED CIRCUIT AND ELECTRONIC DEVICE HAVING THE SAME,{},""""""
20190628_26-2019_1_cb97bc8a4e5270c1.pdf,339,25,applicationPublication,1,0,0,1,"[""201941024069 A""]",AN INTERNAL SUMP FILTRATION SYSTEM,{},""""""
20190628_26-2019_2_df667623614fe04e.pdf,384,25,applicationPublication,1,0,0,1,"[""201741046230 A""]",SYSTEM AND METHOD FOR AUTOMATING PRECISION IMMOBILIZATION TECHNIQUE MANEUVER,{},""""""
20190705_27-2019_1_139594826634ec37.pdf,580,25,applicationPublication,1,0,0,1,"[""201911025136 A""]",METHOD FOR SELF SUSTAINED PROCESSING OF WASTE,{},""""""
20190705_27-2019_2_73caeeca050a7d8d.pdf,525,25,applicationPublication,1,0,0,1,"[""201824046636 A""]",ROTATION SPLICER FOR A WORKSTATION OF A TEXTILE MACHINE THAT MANUFACTURES CROSS-WOUND PACKAGES,{},""""""
20190705_27-2019_3_b443d16ac9055c07.pdf,406,25,applicationPublication,1,0,0,1,"[""201937012251 A""]",POSITIONING PROCEDURE FOR RELAXED MOBILITY IOT DEVICES,{},""""""
20190712_28-2019_1_b37070c0c6d7bf68.pdf,376,25,applicationPublication,1,1,0,1,"[""201911024847 A""]",A DIELECTRIC RESONATOR MIMO ANTENNA,"{""Missing applicants"":1}",""""""
20190712_28-2019_2_ed21762a5e24bb8f.pdf,574,25,applicationPublication,1,0,0,1,"[""201721012547 A""]",BIOCOMPATIBLE POLYMER-BASED NANOCOMPOSITE HOLLOW FIBER MEMBRANES FOR SIMULTANEOUS/SEQUENTIAL CELL CULTURE AND FILTRATION AND A PROCESS FOR MANUFACTURING THE SAME,{},""""""
20190712_28-2019_3_f8a43c00e92d9188.pdf,421,25,applicationPublication,1,0,0,1,"[""201841000955 A""]",SOLID STATE FORMS OF IBRUTINIB,{},""""""
20190719_29-2019_1_9b784f1c1fb9d044.pdf,507,25,applicationPublication,1,0,0,1,"[""201921021863 A""]",MULTIFUNCTIONAL MATHEMATICAL GEOMETRY TEACHING& LEARNING INSTRUMENT & ARRANGEMENT THEREOF,{},""""""
20190719_29-2019_2_a7583395b5d06b29.pdf,503,25,applicationPublication,1,0,0,1,"[""10739/DELNP/2015 A""]",POLYESTER BASED COPOLYMER RESIN AND MOLDED PRODUCT COMPRISINGTHE SAME,{},""""""
20190719_29-2019_3_a906c7ae6516947b.pdf,232,25,applicationPublication,1,0,0,1,"[""201937020858 A""]",METHOD FOR OPERATING A NON-TRACK-BOUND COLUMN OF VEHICLES AND DRIVER ASSISTANCE SYSTEM AND NON-TRACK BOUND COLUMN,{},""""""
20190726_30-2019_1_800c6964abb71e0b.pdf,661,25,applicationPublication,1,0,0,1,"[""201911016873 A""]",SEMI-AUTOMATIC GUIDED DEVICE AND MECHANISM FOR DRILLING ON CURVED SURFACE,{},""""""
20190726_30-2019_2_70e10af208de94ac.pdf,482,25,applicationPublication,1,0,0,2,"[""201821002528 A""]",ORGANISER FOR ROUNDED-BOTTOM UTENSILS LIKE WOK,{},""""""
20190726_30-2019_3_ee98094fb58800fc.pdf,153,25,frontMatter,0,0,0,0,[],"""""",{},""""""
20190802_31-2019_1_52531103bbb0184c.pdf,617,25,applicationPublication,1,0,0,1,"[""201941012756 A""]",VACUUM-ASSISTED CLIMBINGAPPARATUS,{},""""""
20190802_31-2019_2_d4b1bbbfe7f932c4.pdf,525,25,applicationPublication,1,0,0,1,"[""201917023297 A""]",SECONDARY BATTERY,{},""""""
20190802_31-2019_3_efb69d131660cb7b.pdf,445,25,applicationPublication,1,0,0,1,"[""201841003467 A""]",AN EARLY WARNING SYSTEM TO DETECT APPROACHING TRAINS AND METHOD THEREOF,{},""""""
20190809_32-2019_1_1881a1bff765525b.pdf,478,25,applicationPublication,1,0,0,1,"[""201917031267 A""]",FIBER DRAWING FURNACE AND FIBER DRAWING METHOD,{},""""""
20190809_32-2019_2_5152bc4127018f95.pdf,410,25,applicationPublication,1,0,0,1,"[""201917019170 A""]",LIQUIDCRYSTAL COMPOSITE AND LIQUID CRYSTAL DIMMER ELEMENT,{},""""""
20190809_32-2019_3_e74e8b38ccd3ca38.pdf,447,25,applicationPublication,1,0,0,1,"[""201821004356 A""]",A MACHINE AND A METHOD TOPRODUCE PLASTIC BAGS,{},""""""
20190816_33-2019_1_1787f1d2bfa7bd51.pdf,316,25,applicationPublication,1,0,0,2,"[""201921025820 A""]","""ELECTRICITY GENERATION USING VEHICULAR MOVEMENT""",{},""""""
20190816_33-2019_2_c5d0d186e55a90a6.pdf,224,25,applicationPublication,1,0,0,1,"[""201841005159 A""]",NOVEL SYSTEM AND METHOD OF DESIGN AND DEVELOPMENT OF BLADELESS VERTICAL WIND MILL,{},""""""
20190823_34-2019_1_417075ea299379ea.pdf,106,25,applicationPublication,1,0,0,1,"[""201911010061 A""]",CARD HOLDING APPARATUS,{},""""""
20190823_34-2019_2_688ddb9cbeb392b4.pdf,301,25,applicationPublication,1,0,0,1,"[""201811005826 A""]",BACK PAD WITH AN INTEGRATED KNEE PROTECTOR IN VEHICLE SEAT FOR OCCUPANT SAFETY AND COMFORT,{},""""""
20190823_34-2019_3_a7ef39ef8757d6c5.pdf,300,25,applicationPublication,1,0,0,1,"[""201917020499 A""]",AMIDE COMPOUNDS AS KINASE INHIBITORS,{},""""""
20190830_35-2019_1_eb004e9a43848773.pdf,461,25,applicationPublication,1,0,0,2,"[""201921014576 A""]",ENERGY GENERATION FROM DISTILLERY EFFLUENTSTREAMS.,{},""""""
20190830_35-2019_2_d92f3bdea9ae160f.pdf,283,25,applicationPublication,1,0,0,1,"[""201841007034 A""]",A METHOD FOR DETECTING PRESENCE OF A MOVING TRAIN APPROACHING OR RECEDING FROM A CROSS-ROAD JUNCTION USING AN EARLY WARNING SYSTEM•,{},""""""
20190830_35-2019_3_7d8ccd8d9691c608.pdf,172,25,frontMatter,0,0,0,0,[],"""""",{},""""""
20190906_36-2019_1_70f6d36824f050a8.pdf,412,25,applicationPublication,1,0,0,1,"[""201911034479 A""]",A METHOD FOR THE EXTRACTION OF CONSOLIDATED CONSTITUENTS OF WITHANOLIDES FROMASHWAGANDHA (WITHANIA SOMNIFERA) ROOTS,{},""""""
20190906_36-2019_2_9abf397968285eea.pdf,406,25,applicationPublication,1,0,0,1,"[""201917027232 A""]",THIOBENZOIMIDAZOLE AS FUNGICIDES,{},""""""
20190906_36-2019_3_78ff5c2af87f6e9b.pdf,366,25,applicationPublication,1,0,0,2,"[""201841007849 A""]",APROCESS FOR THE PREPARATION OF 6-ISOPROPYLISOQUINOLINE,{},""""""
20190913_37-2019_1_f950524706f93593.pdf,464,25,applicationPublication,1,0,0,1,"[""201921000468 A""]",AN IMPROVED CIGARETTE,{},""""""
20190913_37-2019_2_372328a0eb5141fa.pdf,430,25,applicationPublication,1,0,0,1,"[""201924008450 A""]",HIGH BANDWIDTH MEMORY DEVICE AND SYSTEM DEVICE HAVING THE SAME•,{},""""""
20190913_37-2019_3_be61a87cec249153.pdf,93,25,frontMatter,0,0,0,0,[],"""""",{},""""""
20190920_38-2019_1_c6a968893e553275.pdf,470,25,applicationPublication,1,0,0,1,"[""201911035899 A""]","A METHOD FOR BIOMARKER COMPOUNDS SEPARATION,IDENTIFICATION AND ENRICHMENT",{},""""""
20190920_38-2019_2_cbd2401929f6bbea.pdf,469,25,applicationPublication,1,0,0,1,"[""201917032139 A""]",WIRE HARNESS,{},""""""
20190920_38-2019_3_dd2d77bd7b0dc3bd.pdf,201,25,applicationPublication,1,0,0,3,"[""201831010054 A""]","A STEEL COMPOSITION IN ACCORDANCE WITH API 5L PSL-2 SPECIFICATION FOR X-65 GRADEHAVING ENHANCED HYDROGEN INDUCED CRACKING (HIC) RESISTANCE, AND METHOD OF MANUFACTURING THE STEEL THEREOF",{},""""""
20190927_39-2019_1_642ea17a15f138b5.pdf,513,25,applicationPublication,1,0,0,1,"[""201814045192 A""]",A METHOD AND SYSTEM FOR TRANSMISSION AND RECEPTION OF SIGNALS,{},""""""
20190927_39-2019_2_e59d479336365add.pdf,559,25,applicationPublication,1,0,0,1,"[""201917032721 A""]","HUMIC SUBSTANCE-ENCAPSULATED PARTICLES, COMPOSITIONS AND METHOD OF MAKING THE SAME.",{},""""""
20190927_39-2019_3_090fdff77cef567e.pdf,218,25,applicationPublication,1,0,0,1,"[""201831011099 A""]",FUNGICIDAL COMBINATIONS,{},""""""
20191004_40-2019_1_32bcafaca2112aa8.pdf,594,25,applicationPublication,1,0,0,1,"[""201811011230 A""]",WEARABLE PERSONAL AIR COOLING SYSTEM,{},""""""
20191004_40-2019_2_8a51f61b9d143c1f.pdf,586,25,applicationPublication,1,0,0,4,"[""201821012138 A""]",TERRAIN CLIMBING ROBOT CARRYING LOAD,{},""""""
20191004_40-2019_3_64252eb4afcd1906.pdf,317,25,applicationPublication,1,0,0,1,"[""201831011840 A""]",A SYSTEM FOR AUTOMATED CONTROL OF HEATING IN COKE OVEN BATTERY,{},""""""
20191011_41-2019_1_e48886339fe50359.pdf,537,25,applicationPublication,1,0,0,1,"[""201921036831 A""]",SUSTAINABLE INDIGENOUS ROBOTIC BASED AUTOMATIC SOLUTION FOR IN-MOLD LABELLING,{},""""""
20191011_41-2019_2_0e834d3229719046.pdf,425,25,applicationPublication,1,0,0,2,"[""201821012449 A""]",ISOLATION MECHANISM MODULE FOR EARTH LEAKAGE MODULE FOR MOULDED CASE CIRCUIT BREAKER OF DIFFERENT FRAME SIZES,{},""""""
20191011_41-2019_3_2c9ed20403583213.pdf,318,25,applicationPublication,1,0,0,1,"[""201937031471 A""]",MULTIMODE RESONATORS WITH SPLIT CHAMFER,{},""""""
20191018_42-2019_1_77ccfbd26de0b843.pdf,573,25,applicationPublication,1,0,0,1,"[""201911040477 A""]",AN ATTENUATED PRECAST PAVEMENT SYSTEM,{},""""""
20191018_42-2019_2_64fc7e3a0667d608.pdf,560,25,applicationPublication,1,0,0,1,"[""201821014508 A""]",SYNERGISTIC INSECTICIDAL MIXTURES COMPRISING FLUPYRIMIN,{},""""""
20191018_42-2019_3_9e026de2476c19c4.pdf,260,25,applicationPublication,1,0,0,1,"[""201948039041 A""]",MANAGING WORKSPACES IN A USER INTERFACE,{},""""""
20191025_43-2019_1_547bd57d3a5a7cfe.pdf,535,25,applicationPublication,1,0,0,1,"[""201921040779 A""]",DEVICE FOR INFORMATION DISPLAY WITH REFLECTIVE MIRROR,{},""""""
20191025_43-2019_2_c0a248a2a3ea18b6.pdf,401,25,applicationPublication,1,0,0,1,"[""201621035134 A""]",MERCHANT REFERAL BASED CUSTOMER-MERCHANT TRANSACTION SYSTEM,{},""""""
20191025_43-2019_3_d8753611b3d4aa67.pdf,189,25,frontMatter,0,0,0,0,[],"""""",{},""""""
20191101_44-2019_1_d41cce7bac7184a1.pdf,387,25,applicationPublication,1,0,0,1,"[""201921042845 A""]",DECISION SUPPORT SYSTEM FOR DIABETES NEUROPATHY BY USING OPTIMISED DATA CLUSTERING ALGORITHM,{},""""""
20191101_44-2019_2_566ac88365fecee7.pdf,406,25,applicationPublication,1,0,0,1,"[""201621039056 A""]",INDUSTRIAL FRIENDLY ISOPROPYL ALCOHOL (IPA) FREE TEXTURING PROCESS USING TEXTURING ADDITIVE FOR MONOCRYSTALLINE SILICON WAFER,{},""""""
20191101_44-2019_3_6e2aabbcc020ae31.pdf,236,25,frontMatter,0,0,0,0,[],"""""",{},""""""
20191108_45-2019_1_6c88bff444e63a8e.pdf,509,25,applicationPublication,1,0,0,1,"[""201911044119 A""]",SYSTEM AND METHOD FOR REAL-TIME STATUS NOTIFICATION OF GROUP CHAT WITHOUT USING INTERNET,{},""""""
20191108_45-2019_2_b4b5c11c5a1b1a8d.pdf,437,25,applicationPublication,1,0,0,3,"[""201727035985 A""]",IMPROVEMENTS TO HYPER ELASTIC NEEDLES,{},""""""
20191108_45-2019_3_6deb999123721a93.pdf,390,25,applicationPublication,1,0,0,1,"[""201937035632 A""]",INFORMATION PROCESSING METHOD AND COMMUNICATION APPARATUS,{},""""""
20191115_46-2019_1_4ec28973a146d8f6.pdf,447,25,applicationPublication,1,0,0,2,"[""201911038403 A""]",ETORICOXIB BASED NANOSUSPENSION FORMULATION AND A METHOD OF PREPARATION THEREOF,{},""""""
20191115_46-2019_2_eb6d687f092c8918.pdf,276,25,applicationPublication,1,0,0,1,"[""201821018010 A""]",IMPROVED PROCESS FOR THE PREPARATION OF EMPAGLIFLOZIN,{},""""""
20191115_46-2019_3_2230f0e83c22f24d.pdf,122,25,frontMatter,0,0,0,0,[],"""""",{},""""""
20191122_47-2019_1_02fc38a237d3fae0.pdf,495,25,applicationPublication,1,0,0,1,"[""201811043612 A""]",A FOLDABLE ADVERTISING AND PROMOTION UNIT,{},""""""
20191122_47-2019_2_5ff70cd315872ec2.pdf,400,25,applicationPublication,1,0,0,1,"[""201821018313 A""]",STABLE NON-AQUEOUS LIQUID PHARMACEUTICAL FORMULATION OF VANCOMYCIN OR SALT THEREOF.,{},""""""
20191122_47-2019_3_07042150660c4193.pdf,251,25,applicationPublication,1,0,0,1,"[""201937034119 A""]",USER TERMINAL AND WIRELESS COMMUNICATION METHOD,{},""""""
20191129_48-2019_1_0a43809e70ba934c.pdf,435,25,applicationPublication,1,0,0,1,"[""201821031325 A""]",PLANT BASED VEGAN PROTEIN DRINK ENRICHED WITH REAL FRUIT JUICE,{},""""""
20191129_48-2019_2_7b2ed70473abfa52.pdf,401,25,applicationPublication,1,0,0,2,"[""201821019040 A""]",IMPROVED MASONRY BUILDING BLOCKS AND METHOD OF MAKING THEREOF,{},""""""
20191129_48-2019_3_6204762659e5f203.pdf,249,25,frontMatter,0,0,0,0,[],"""""",{},""""""
20191206_49-2019_1_33d50593f1c9f1b3.pdf,424,25,applicationPublication,1,0,0,1,"[""201911047783 A""]",AN AUTONOMOUS ROBOT FOR HARVESTING JATROPHA CURCAS FOR BIO-DIESEL,{},""""""
20191206_49-2019_2_570fe1967c1c3da9.pdf,432,25,applicationPublication,1,0,0,1,"[""201917037628 A""]","USE OF A FEED COMPOSITION FOR REDUCING METHANE EMISSION IN RUMI-NANTS, AND/OR TO IMPROVE RUMINANT PERFORMANCE",{},""""""
20191206_49-2019_3_917aac38ce84358c.pdf,458,25,applicationPublication,1,0,0,1,"[""201821020190 A""]",PROCESS FOR THE PREPARATION OF CRYSTALLINE FORM I OF SELEXIPAG,{},""""""
20191213_50-2019_1_9922d83ba4c209e4.pdf,431,25,applicationPublication,1,0,0,1,"[""201911043811 A""]",SYSTEM FOR EXECUTING CONFIGURABLE TASKS AND METHOD THEREOF,{},""""""
20191213_50-2019_2_c259765878bfa4d6.pdf,422,25,applicationPublication,1,0,0,1,"[""201917038701 A""]",ENZYME PRODUCTS,{},""""""
20191213_50-2019_3_4bedd8c0f2eae325.pdf,275,25,applicationPublication,1,0,0,1,"[""201621044488 A""]",THIN FILM FORMULATIONS OF 4-DIPHENYLMETHYL-1-PIPERAZINE DERIVATIVES AND THEIR SALTS,{},""""""
20191220_51-2019_1_5ef7f38712c9fd1c.pdf,457,25,applicationPublication,1,0,0,1,"[""201911048519 A""]",WASTE MANAGEMENT THROUGH SMART ECO BIN,{},""""""
20191220_51-2019_2_6545dd91bacddfe0.pdf,490,25,applicationPublication,1,0,0,1,"[""201811022339 A""]",TRAIN COUPLER ARRANGEMENT WITH AXIAL EXPANSION MODULE,{},""""""
20191220_51-2019_3_1fa6ca7854280930.pdf,492,25,applicationPublication,1,0,0,1,"[""201821022098 A""]",PROCSS FOR THE PREPARATION OF DEFERASIROX',{},""""""
20191227_52-2019_1_b800a5169504cb40.pdf,442,25,applicationPublication,1,0,0,5,"[""201911052749 A""]",FAH-FOOD TRUCK: FULLY AUTOMATED HUMAN LESS FOOD TRUCK,{},""""""
20191227_52-2019_2_e8de5b75147ff15d.pdf,204,25,frontMatter,0,0,0,0,[],"""""",{},""""""
20200103_01-2020_1_fe255a61f409acc0.pdf,401,25,applicationPublication,1,0,0,1,"[""201911049252 A""]",IOT ENABLED FIRE SURVEILLANCE AND FIGHTING ROBOT WITH VISUAL DATA MANIPULATING,{},""""""
20200103_01-2020_2_97389721332363d3.pdf,381,25,applicationPublication,1,0,0,3,"[""201917047014 A""]",SYSTEM AND METHOD FOR HOLOGRAPHIC IMAGE-GUIDED NON-VASCULAR PERCUTANEOUS PROCEDURES,{},""""""
20200103_01-2020_3_1e825a11df0f5017.pdf,358,25,applicationPublication,1,0,0,1,"[""201721044011 A""]",AN AUTOMATED SYSTEM FOR MAPPING EMPLOYEES™ SENTIMENTS AND METHOD THEREOF,{},""""""
20200110_02-2020_1_277e7f3656de352f.pdf,384,25,applicationPublication,1,0,0,1,"[""201911054597 A""]","A SYSTEM, A PRINTER, AND A METHOD OF ANALYSING AND VERIFYING INTEGRITY OF PRINT DATA",{},""""""
20200110_02-2020_2_a2607613e4086e07.pdf,419,25,applicationPublication,1,0,0,1,"[""201821025258 A""]",LIQUID DISPENSINGMACHINE WITH EXTERNAL LEVERS FOR MANUAL VALVE OPERATION,{},""""""
20200110_02-2020_3_31aff69375cb6630.pdf,261,25,applicationPublication,1,0,0,1,"[""201937045643 A""]",METHOD FOR PRE-CONDITIONING SLUDGE,{},""""""
20200117_03-2020_1_e32ed9e2f4e5f9d0.pdf,408,25,applicationPublication,1,0,0,1,"[""202011001310 A""]",Force Measurement System for Masticatory Muscles,{},""""""
20200117_03-2020_2_bb472c7c5658a8ee.pdf,406,25,applicationPublication,1,0,0,1,"[""201917046749 A""]","METHOD FOR SETTING FORM FIELD OPERATION AUTHORITY OF WORK FLOW, AND METHOD FOR SETTING FORM FIELD OPERATION AUTHORITY OF APPROVAL NODE",{},""""""
20200117_03-2020_3_346afb0cc3e0b531.pdf,341,25,applicationPublication,1,0,0,3,"[""201918043950 A""]",ELECTROSURGICAL ULTRASONIC INSTRUMENT,{},""""""
20200124_04-2020_1_0ec28d261cdf7168.pdf,472,25,applicationPublication,1,0,0,1,"[""202021000009 A""]",A METHOD TO ANALYZE BLOOD GROUP IN FRESH WATER FISHES,{},""""""
20200124_04-2020_2_1aa1f0a56a2f2adb.pdf,473,25,applicationPublication,1,0,0,1,"[""201821027392A""]",OVERALL EFFICIENCY MONITORING SYSTEM FOR VEHICLES,{},""""""
20200124_04-2020_3_162ad11e012bd5b8.pdf,347,25,applicationPublication,1,0,0,1,"[""201937038956 A""]",SYSTEM FOR ASSESSING A HEALTH CONDITION OF A USER,{},""""""
20200131_05-2020_1_1ef6f4bd7b2d98f2.pdf,443,25,applicationPublication,1,0,0,2,"[""201921024416 A""]",VELOCITY AND ACCELERATION ANALYSIS OF FOUR BAR CHAIN MECHANISM GRAPHICALLY,{},""""""
20200131_05-2020_2_166818b42ab59a74.pdf,478,25,applicationPublication,1,0,0,1,"[""201821028316 A""]",DESIGN AND DEVELOPMENT OF MEASUREMENT SYSTEM FOR AUTOMOBILE TYRES,{},""""""
20200131_05-2020_3_1896edaa65985545.pdf,304,25,applicationPublication,1,0,0,1,"[""201937052142 A""]",INFORMATION PROCESSING METHOD AND COMMUNICATION DEVICE,{},""""""
20200207_06-2020_1_10fc09c08916f794.pdf,340,25,applicationPublication,1,0,0,1,"[""202011003476 A""]",SOLAR POWERED ARTIFICIAL GLOVE WITH GESTURES FOR DEAF AND DUMB,{},""""""
20200207_06-2020_2_a710332d966a452c.pdf,444,25,applicationPublication,1,0,0,2,"[""201821029025 A""]",REFRIGERATION SYSTEM HAVING DRAIN PAN,{},""""""
20200207_06-2020_3_fa8c5ebfdb7f642d.pdf,367,25,applicationPublication,1,0,0,2,"[""201937049600 A""]",COMMUNICATION METHOD AND DEVICE,{},""""""
20200214_07-2020_1_f9e81d30ec04838d.pdf,434,25,applicationPublication,1,1,0,1,"[""202011004322 A""]","SYSTEM AND METHOD FOR CRYPTOGRAPHY USING CHAOTIC TENT MAP AND IMPROVED SALP (51) (71)Name of International:H04L0009080000,H03M0013290000,H04W0004021000,A61B0003140000,G06F0011360000Applicant : classification 1)Supriya Khaitan (31) Priority Address of Document:NA Applicant :School of No Computing Science and (32) Priority:NA Engineering, Galgotias Date University, Plot 2, (33) Name Sector 17-A, Yamuna of priority:NA Expressway, Greater country Noida, Gautam Buddh (86) Nagar, UP 201306 International Uttar Pradesh India Application:NA 2)Dr. Rashi Agarwal No :NA 3)Prakash Chandra Filing 4)Dr. Raju Date Shanmugam (87) (72)Name of Inventor International: NA : Publication 1)Supriya Khaitan No 2)Dr. Rashi Agarwal (61) Patent 3)Prakash Chandra of Addition 4)Dr. Raju to :NA Shanmugam Application:NA Number Filing Date (62) Divisional to Application:NA Number :NA Filing Date","{""Missing applicants"":1}",""""""
20200214_07-2020_2_cc70d6f39af20039.pdf,399,25,applicationPublication,1,0,0,2,"[""201917053386 A""]",ELECTRODE BINDER SLURRY COMPOSITION FOR LITHIUM ION ELECTRICAL STORAGE DEVICES,{},""""""
20200214_07-2020_3_dcf0bbcdc7a7b51e.pdf,504,25,applicationPublication,1,1,0,0,"[""201821029962 A""]",AN APPARATUS AND A PROCESS FOR PREPARATION OF A TEXTURIZED YARN,"{""Missing classifications"":1}",""""""
20200221_08-2020_1_c6a8b0dfd139fcb3.pdf,416,25,applicationPublication,1,1,0,0,"[""202011005996 A""]",SYSTEM AND METHOD FOR DETECTION AND CONTROL OF CYBERATTACKS IN LARGE NETWORK USING DATA MINING,"{""Missing classifications"":1}",""""""
20200221_08-2020_2_2ffa3396a53a4064.pdf,324,25,applicationPublication,1,0,0,1,"[""201821030680 A""]",PREVENTIVE HEALTHCARE DATA MANAGEMENT USING BLOCK CHAIN SYSTEMS AND METHODS,{},""""""
20200221_08-2020_3_026aba98545aae08.pdf,177,25,frontMatter,0,0,0,0,[],"""""",{},""""""
20200228_09-2020_1_aa71abaf914d797f.pdf,481,25,applicationPublication,1,0,0,1,"[""202011006923 A""]",A METHOD FOR PREPARATION OF REINFORCED PAPER STRUCTURE FROM WASTE-PAPER,{},""""""
20200228_09-2020_2_630eaa789933c8e6.pdf,351,25,applicationPublication,1,1,0,0,"[""201821031668 A""]",TECHBIN,"{""Missing classifications"":1}",""""""
20200228_09-2020_3_2084a5e6687c6d05.pdf,314,25,applicationPublication,1,0,0,2,"[""202037002287 A""]",METHOD AND APPARATUS FOR SYNCHRONIZATION SIGNALS AND PBCH BLOCK ENHANCEMENT,{},""""""
20200306_10-2020_1_a129edb5174b9b19.pdf,539,25,applicationPublication,1,0,0,1,"[""202011007303 A""]",VAT-MACHINES : VIRTUAL AUTOMATED TELLER MACHINES,{},""""""
20200306_10-2020_2_60f52234d3287ac0.pdf,410,25,applicationPublication,1,0,0,1,"[""201821032535 A""]",AN INTERIOR ARRANGEMENT AND A SEATING ARRANGEMENT FOR A VEHICLE,{},""""""
20200306_10-2020_3_0aacf47fe2501fc0.pdf,325,25,weeklyFer,0,0,0,0,[],"""""",{},""""""
20200313_11-2020_1_83b4a776b4138a7a.pdf,278,25,applicationPublication,1,0,0,1,"[""202021003503 A""]",COMPUTER IMPLEMENTED METHOD OF CANCER MODEL FOR THE CANCER TREATMENT WITH USING DIFFERENTMATHEMATICAL OPERATORS,{},""""""
20200313_11-2020_2_4a45939ac280a861.pdf,360,25,applicationPublication,1,1,0,0,"[""201821033593 A""]",AUTOMATED PATTERN TEMPLATE GENERATION SYSTEM USING BULK TEXT MESSAGES•,"{""Missing classifications"":1}",""""""
20200313_11-2020_3_47a119ae5c015c39.pdf,232,25,applicationPublication,1,0,0,3,"[""202037000068 A""]",LOW-DOSE BRIMONIDINE COMBINATIONS AND USES THEREOF,{},""""""
20200320_12-2020_1_70b7bd491bfea334.pdf,397,25,applicationPublication,1,0,0,1,"[""202011008907 A""]",IOT-BASED CAR DEVICE: ANALYZE THE SIGNAL STRENGTH OF A CAR DEVICE,{},""""""
20200320_12-2020_2_3584015e64589912.pdf,355,25,applicationPublication,1,1,0,0,"[""201821034680 A""]",AN APPARATUS FOR MICROFINISHING THE SURFACE OF A WORKPIECE,"{""Missing classifications"":1}",""""""
20200320_12-2020_3_057222476d828ac6.pdf,196,25,applicationPublication,1,0,0,1,"[""201934036817 A""]",ESTABLISHING A PROTECTED COMMUNICATION CHANNEL,{},""""""
20200327_13-2020_1_8af8565ba71ebc42.pdf,562,25,applicationPublication,1,0,0,5,"[""201921009969 A""]",ELECTROMAGNETIC ACTUATOR FOR TACTILE DISPLAYS,{},""""""
20200403_14-2020_1_3f3ca6eb3be15303.pdf,483,25,applicationPublication,1,0,0,5,"[""201811036392 A""]",AUTOMATIC TEMPERATURE CONTROLLING DEVICE,{},""""""
20200410_15-2020_1_3a13831424318a18.pdf,297,25,applicationPublication,1,0,0,5,"[""201811037415 A""]",PARKING LOCK MECHANISM,{},""""""
20200417_16-2020_1_3242b3abcb66eb94.pdf,379,25,applicationPublication,1,0,0,4,"[""201811038287 A""]",METHOD AND ARRANGEMENT FOR MANUFACTURING CONFORMAL MICROWAVE ABSORBING STRUCTURE BASED ON ARTIFICIAL ELECTROMAGNETIC (AEM) PATTERNS,{},""""""
20200424_17-2020_1_5502e4d2dcfee722.pdf,292,25,applicationPublication,1,0,0,1,"[""202041005638 A""]",DEEP WATER TUNNEL SYSTEM,{},""""""
20200501_18-2020_1_4d0ab668313303c5.pdf,539,25,applicationPublication,1,0,0,5,"[""202011012308 A""]",TRANSETHOSOMAL GEL OF NEEM OIL: INCREASED PATIENT COMPLIANCE AND ACCEPTABILITY,{},""""""
20200508_19-2020_1_2f216b5b4e313f4c.pdf,430,25,applicationPublication,1,1,0,0,"[""202041011839 A""]",ROTARY FABRIC HANGING DRIER,"{""Missing classifications"":1}",""""""
20200515_20-2020_1_e3ebf3de12f2bac2.pdf,614,25,applicationPublication,1,0,0,4,"[""202017015635 A""]",INVERTER WITH AC FORWARD BRIDGE AND IMPROVED DC/DC TOPOLOGY,{},""""""
20200522_21-2020_1_693368186f027fc3.pdf,572,25,applicationPublication,1,0,0,4,"[""201921027375 A""]",MULTI-PURPOSE TESTING EQUIPEMENT FOR TESTING MODEL PILES,{},""""""
20200522_21-2020_2_ca019bc2472b9744.pdf,439,25,applicationPublication,1,0,0,5,"[""201934047236 A""]",CNC MILLING MACHINE COMBINED WITH PICKING ROBOTIC ARM UNIT,{},""""""
20200529_22-2020_1_929f5749e52841c1.pdf,512,25,applicationPublication,1,1,0,0,"[""202041012011 A""]",SMART CRUSHING CUMMOULDING MACHINE FOR PLASTIC COMPONENTS,"{""Missing classifications"":1}",""""""
20200605_23-2020_1_ca944e6340d578fc.pdf,511,25,applicationPublication,1,0,0,5,"[""202021017003 A""]",A HERBAL COMPOSITION FOR BURN,{},""""""
20200605_23-2020_2_547200a09cf73b89.pdf,322,25,applicationPublication,1,0,0,2,"[""202037003857 A""]",POLLEN PRESERVATION METHOD,{},""""""
20200612_24-2020_1_5b4724b4feb7d47c.pdf,532,25,applicationPublication,1,0,0,1,"[""201941044763 A""]",PRODUCTION OF AMORPHOUS SILICA BASED RICE HUSK ASH FOR CEMENT REPLACEMENT&NBSP;USING COMBUSTION TECHNIQU,{},""""""
20200612_24-2020_2_378b46bebbf5d20d.pdf,533,25,applicationPublication,1,0,0,4,"[""202047017398 A""]",CONJUGATES AND PREPARATION AND USE THEREOF,{},""""""
20200619_25-2020_1_516c172fc65f9748.pdf,516,25,applicationPublication,1,0,0,4,"[""202011006608 A""]",WATER HARVESTING AND MULTIPLE ENERGY HARVESTING SYSTEM,{},""""""
20200619_25-2020_2_df31b8451c16a726.pdf,304,25,applicationPublication,1,0,0,4,"[""202047021049 A""]","USE OF A CARBONACEOUS COATING FOR PROTECTING A PASSIVE ELECTRIC COMPONENT FROM ATTACK BY AMMONIA AND SYSTEM COMPRISING A PASSIVE ELECTRICAL COMPONENT, WHICH IS PROTECTED AGAINST ATTACK BY AMMONIA",{},""""""
20200626_26-2020_1_d52e2ce7183a884d.pdf,513,25,applicationPublication,1,0,0,5,"[""202011014305 A""]",SMART SHOES TO SUPPORT CORRECT WALKING AND METHOD TO MAINTAINBLOOD CIRCULATION IN LOWER LIMBS,{},""""""
20200626_26-2020_2_85a7ea1a14eb26a7.pdf,461,25,applicationPublication,1,0,0,5,"[""201841048141 A""]",NESTED HOST MANAGER IN A HYPER-CONVERGED INFRASTRUCTURE,{},""""""
20200703_27-2020_1_1dfffc78dd0947d4.pdf,396,25,applicationPublication,1,0,0,5,"[""202021015771 A""]",A MEDICAL FACE MASK DEMOLISHER,{},""""""
20200703_27-2020_2_c5b8be29b4e0381b.pdf,467,25,applicationPublication,1,0,0,4,"[""201841049194 A""]","METHOD, SYSTEM AND APPARATUS FOR PHASE SHIFT CORRECTION IN DIRECT DIGITAL SYNTHESIS-PHASE LOCKED LOOP",{},""""""
20200710_28-2020_1_9bd1d0c38ee27849.pdf,408,25,applicationPublication,1,0,0,1,"[""202021023077 A""]",AN EYE EXERCISER AND A METHOD FOR RELIEVING EYE STRAIN,{},""""""
20200710_28-2020_2_d7e15fba3dba2d92.pdf,465,25,applicationPublication,1,0,0,2,"[""202037018777 A""]",DOWNLINK CONTROL INFORMATION DETERMINATION METHOD AND COMMUNICATION DEVICE,{},""""""
20200717_29-2020_1_9552f4fbd072e0dd.pdf,598,25,applicationPublication,1,0,0,4,"[""201921031211 A""]",BIORESORBABLE CRANIOTOMY PLUG IMPLANT AND METHOD OF MANUFACTURING THEREOF,{},""""""
20200717_29-2020_2_7c58b5f37287e91c.pdf,215,25,frontMatter,0,0,0,0,[],"""""",{},""""""
20200724_30-2020_1_f5d9d229aa4e8e53.pdf,560,25,applicationPublication,1,0,0,5,"[""202021024064 A""]",VIRUS DETECTION 5-G MOBILE APP: AN APP WHICH ENABLES A MOBILE PHONE TO DETECT THE VIRUS (COVID19).,{},""""""
20200724_30-2020_2_f8472a62cdd5c659.pdf,202,25,frontMatter,0,0,0,0,[],"""""",{},""""""
20200731_31-2020_1_cb5a9fcba00c69e4.pdf,624,25,applicationPublication,1,0,0,4,"[""201921026057 A""]",SYSTEM AND METHOD FOR MODELLING AND MONITORING PROCESSES IN ORGANIZATIONS USING DIGITALTWINS,{},""""""
20200731_31-2020_2_91c2b9679617215d.pdf,624,25,applicationPublication,1,0,0,1,"[""201741005782 A""]",TIME SLOT DETERMINATION,{},""""""
20200731_31-2020_3_dae3a2d5f5ad27d7.pdf,169,25,frontMatter,0,0,0,0,[],"""""",{},""""""
20200807_32-2020_1_21fe9e135c334540.pdf,593,25,applicationPublication,1,0,0,5,"[""201911041279 A""]",METHODS AND SYSTEMS FOR ONLINE TRANSACTIONS USING CONTRACT-DEPENDENT CRYPTOGRAPHIC VALUE TOKENS,{},""""""
20200807_32-2020_2_ea8ac859f15fde9f.pdf,579,25,applicationPublication,1,0,0,4,"[""201921003955 A""]",A THREE-DIMENSIONAL DENTITION MODEL,{},""""""
20200814_33-2020_1_7398f78513d6ffd6.pdf,592,25,applicationPublication,1,0,0,1,"[""202011028098 A""]",AN OBJECT SANITIZATION APPARATUS,{},""""""
20200814_33-2020_2_532e7f97d0473c09.pdf,532,25,applicationPublication,1,0,0,4,"[""202017013563 A""]",ION SELECTIVE MEMBRANE FOR SELECTIVE ION PENETRATION IN ALKALINE BATTERIES,{},""""""
20200814_33-2020_3_8dc58bf08e5913a9.pdf,558,25,applicationPublication,1,0,0,4,"[""202017020906 A""]",MECHATRONIC MODULE HAVING A HYBRID CIRCUIT ARRANGEMENT,{},""""""
20200821_34-2020_1_391d1fcf039f0398.pdf,488,25,applicationPublication,1,0,0,4,"[""202011029142 A""]",FOLDABLE BRIDGE ASSEMBLY,{},""""""
20200821_34-2020_2_f1c8678a1e50d4e9.pdf,541,25,applicationPublication,1,0,0,2,"[""202017011436 A""]",FORWARD ERROR CORRECTION WITH COMPRESSION CODING,{},""""""
20200821_34-2020_3_37a21ef39b0604f1.pdf,448,25,applicationPublication,1,0,0,4,"[""201921006197 A""]",PROCESS FOR PREPARATION OF MOLINDONE,{},""""""
20200828_35-2020_1_cd0b8687354b1644.pdf,488,25,applicationPublication,1,0,0,8,"[""202011028490 A""]",IVH-SANITIZER SYSTEM: INTELLIGENT VEHICLE HAND SANITIZER SYSTEM USING PRE- INSTRUCTION.,{},""""""
20200828_35-2020_2_de17a98214a74137.pdf,574,25,applicationPublication,1,0,0,5,"[""202017007294 A""]",DRIVE SYSTEM AND VEHICLE,{},""""""
20200828_35-2020_3_12be601d4ad9bcd5.pdf,522,25,applicationPublication,1,0,0,1,"[""202017015644 A""]",NOVEL COMPUTER PROGRAMMING LANGUAGE,{},""""""
20200904_36-2020_1_16394419ae3f11df.pdf,591,25,applicationPublication,1,0,0,4,"[""202011004575 A""]",AN AUTOMATED LIQUID SOAP DISPENSER AND ROOM REJUVENATOR,{},""""""
20200904_36-2020_2_0d2773bbeceb8bcd.pdf,560,25,applicationPublication,1,0,0,1,"[""202017007096 A""]","METHOD FOR ACTUATING THE CUTTINGDISCS OF THE LINE DIVIDERS IN A HARVESTER, HARVESTER, AND HARVESTING PLATFORM",{},""""""
20200904_36-2020_3_2e1e1c257482f0a2.pdf,558,25,applicationPublication,1,0,0,1,"[""202017028260 A""]",SILICON-BASED MODULATOR WITH OPTIMIZED DOPING PROFILES AND DIFFERENT TRANSITION ZONE THICKNESSES,{},""""""
20200911_37-2020_1_ef487a757b848675.pdf,596,25,applicationPublication,1,0,0,5,"[""202011033136 A""]",SYSTEM AND METHOD FOR AUTOMATIC PREVENTION OF FLUID CLOGGING,{},""""""
20200911_37-2020_2_453e9ee82ac3aec9.pdf,590,25,applicationPublication,1,0,0,4,"[""202017023437 A""]",COMPOSITION,{},""""""
20200911_37-2020_3_aa9ed593e98e343e.pdf,544,25,applicationPublication,1,0,0,3,"[""202018030036 A""]",DRUG DELIVERY DEVICE,{},""""""
20200918_38-2020_1_de7bc7b0866f646d.pdf,528,25,applicationPublication,1,0,0,5,"[""202011031956 A""]",AN ACCIDENT DETECTION SYSTEM AND METHOD,{},""""""
20200918_38-2020_2_e01259f2592fcca7.pdf,550,25,applicationPublication,1,0,0,5,"[""202017032459 A""]",GRAIN-ORIENTED ELECTRICAL STEEL SHEET,{},""""""
20200918_38-2020_3_a87e3afae7f1ed12.pdf,595,25,applicationPublication,1,0,0,4,"[""201941009566 A""]",A METHOD FOR FABRICATION OF METALLIC NANOWIRES BY GALVANIC DISPLACEMENT REACTION USING AAO TEMPLATES,{},""""""
20200925_39-2020_1_57fdf28ab646bdcb.pdf,598,25,applicationPublication,1,0,0,4,"[""202011033881 A""]","AN ADAPTIVE, ENERGY EFFICIENT AND ENERGY BALANCED DATA GATHERING APPROACH FOR WIRELESS SENSOR NETWORKS",{},""""""
20200925_39-2020_2_8bf334e651c6f8de.pdf,587,25,applicationPublication,1,0,0,1,"[""202017035617 A""]","CELL RESELECTION METHOD AND DEVICE, AND COMPUTER STORAGE MEDIUM",{},""""""
20200925_39-2020_3_90c14bbb20c00671.pdf,381,25,applicationPublication,1,0,0,3,"[""202047039823 A""]",DOUBLE STENT,{},""""""
20201002_40-2020_1_3533070f5048a777.pdf,685,25,applicationPublication,1,0,0,5,"[""202021025596 A""]",A NOVEL TELLER CASH SANITIZER,{},""""""
20201002_40-2020_2_8b85fef6b4f35091.pdf,686,25,applicationPublication,1,0,0,5,"[""202017024511 A""]",INTERNAL OLEFIN SULFONATE COMPOSITION AND METHOD FOR PRESERVING INTERNAL OLEFIN SULFONATE,{},""""""
20201002_40-2020_3_2efedadf70b2dac8.pdf,688,25,applicationPublication,1,0,0,3,"[""202017027238 A""]",SOLID FORMS OF A PLASMA KALLIKREIN INHIBITOR AND SALTS THEREOF,{},""""""
20201009_41-2020_1_1c0ec02d9ab09238.pdf,559,25,applicationPublication,1,0,0,5,"[""202011008491 A""]",A SMART SYSTEM FOR CONSUMING ELECTRICITY IN HOSTELS,{},""""""
20201009_41-2020_2_b67a9ab24f65350a.pdf,514,25,applicationPublication,1,0,0,5,"[""201941013177 A""]",CLOUD RESOURCE PREDICTION PLATFORM,{},""""""
20201016_42-2020_1_23abc72287120c0b.pdf,473,25,applicationPublication,1,0,0,5,"[""202011020310 A""]",AN ANTIDIABETIC FORMULATION OF PONGAMIA PINNATA,{},""""""
20201016_42-2020_2_087d4fad7d664848.pdf,399,25,applicationPublication,1,0,0,4,"[""201941014542A""]",MAPPING OF USER-MADE SKETCHES TO OBJECTS,{},""""""
20201023_43-2020_1_3659f0a4df833457.pdf,521,25,applicationPublication,1,0,0,2,"[""202011042085 A""]",SMART HYBRIDKITCHEN,{},""""""
20201023_43-2020_2_89825738b2a7af4f.pdf,271,25,applicationPublication,1,0,0,2,"[""202037039942 A""]",SYNCHRONIZATION METHOD AND APPARATUS IN WIRELESS COMMUNICATION SYSTEM,{},""""""
20201030_44-2020_1_2203c866d20ad3d4.pdf,459,25,applicationPublication,1,0,0,5,"[""201911053324 A""]",MAGNETIC CLAW HAMMER,{},""""""
20201030_44-2020_2_bced5e108fffd525.pdf,475,25,applicationPublication,1,0,0,4,"[""201941016148 A""]",A BATTERY PACK THERMAL MANAGEMENT SYSTEM,{},""""""
20201106_45-2020_1_76ae7504d15b79c6.pdf,739,25,applicationPublication,1,0,0,5,"[""202011009975 A""]",WATERCLOSET SYSTEM,{},""""""
20201106_45-2020_2_54669c259dfc2ae1.pdf,291,25,frontMatter,0,0,0,0,[],"""""",{},""""""
20201113_46-2020_1_cc3f520e4fffeb84.pdf,601,25,applicationPublication,1,0,0,5,"[""202011012157 A""]",ANIMAL TRANSPORTATION SYSTEM,{},""""""
20201113_46-2020_2_782538fb775d20fd.pdf,321,25,applicationPublication,1,0,0,3,"[""202047047760 A""]",COMPOSITIONS AND METHODS FOR LONG LASTING DISINFECTION,{},""""""
20201120_47-2020_1_3dec26fbf74962f1.pdf,448,25,applicationPublication,1,0,0,3,"[""202011048323 A""]",IOT ENABLED SOLAR POWERED AERATION SYSTEM,{},""""""
20201120_47-2020_2_9d18dabe93f80686.pdf,112,25,frontMatter,0,0,0,0,[],"""""",{},""""""
20201127_48-2020_1_a2b4b84fc08f13c2.pdf,527,25,applicationPublication,1,0,0,3,"[""202011049197 A""]",A SMART COTTON SWAB DISPENSING MACHINE,{},""""""
20201127_48-2020_2_bce647077334d3f2.pdf,135,25,weeklyFer,0,0,0,0,[],"""""",{},""""""
20201204_49-2020_1_80557d65e74328bd.pdf,619,25,applicationPublication,1,0,0,4,"[""202011014058 A""]",PROTECTIVE DEVICE FORHAND OPERATED CUTTING MACHINES,{},""""""
20201204_49-2020_2_f4e4c0e93565606f.pdf,624,25,applicationPublication,1,0,0,4,"[""201941022051 A""]",UPDATING APPLICATION CODE,{},""""""
20201211_50-2020_1_7b1293c86df76586.pdf,500,25,applicationPublication,1,0,0,2,"[""202011052132 A""]",A BLUETOOTH BASED HELMET HAVING SMARTGPS,{},""""""
20201211_50-2020_2_285b95856ad99b8c.pdf,385,25,applicationPublication,1,0,0,5,"[""202047007878 A""]",A MODULAR LIGHTING SYSTEM WITH FORCED COOLING,{},""""""
20201218_51-2020_1_ce835e794396b782.pdf,559,25,applicationPublication,1,0,0,2,"[""202011054057 A""]",OPTIMIZED SMART SENSOR BASED ILLUMINATION LIGHT SYSTEM,{},""""""
20201225_52-2020_1_9701e306a244f3e9.pdf,588,25,applicationPublication,1,0,0,7,"[""202021046494 A""]",DESIGN AND SYNTHESIS NOVEL BENZIMIDAZOLE DERIVATIVES USEFUL AS ANTITUBERCULAR AGENTS,{},""""""
20201225_52-2020_2_77286430e17c8ce6.pdf,503,25,applicationPublication,1,0,0,3,"[""202047054029 A""]","NOVEL KETOGENIC COMPOUNDS, COMPOSITIONS, METHODSAND USE THEREOF",{},""""""
20210101_01-2021_1_fbd0029ec26b71fe.pdf,658,25,applicationPublication,1,0,0,3,"[""202011050140 A""]",A WIRELESS ELECTRICAL ENERGY MONITORING SYSTEM FOR A POWER SOCKET,{},""""""
20210101_01-2021_2_b4e82e986857474c.pdf,559,25,applicationPublication,1,0,0,3,"[""202027045887 A""]",VEHICULAR BELT MOLDINGS,{},""""""
20210108_02-2021_1_6b4def72045410c0.pdf,422,25,applicationPublication,1,0,0,2,"[""202011057348 A""]",AN INTELLIGENT ELECTRIC MOVING MACHINE (IEMM) EMBEDDED SYSTEM,{},""""""
20210108_02-2021_2_c4fdf3ce834a184b.pdf,473,25,applicationPublication,1,0,0,4,"[""201941026566 A""]",A NUTRIENT DENSE CEREAL PRODUCT AND A PROCESS OF PREPARATION THEREOF,{},""""""
20210115_03-2021_1_40a150f564bfbd00.pdf,596,25,applicationPublication,1,0,0,3,"[""202111000601 A""]",ELECTROENCEPHALOGRAPHY (EEG) MONITORING DEVICE,{},""""""
20210115_03-2021_2_cc1a419ad7499218.pdf,133,25,applicationPublication,1,0,0,5,"[""202034017785 A""]",A CLEANER CAPABLE OF CONTROLLING MOTOR POWER AND CONTROL METHOD THEREOF,{},""""""
20210122_04-2021_1_a5de3b41f4bbb411.pdf,602,25,applicationPublication,1,0,0,2,"[""202011056913 A""]",A TACTILE ELECTRONICS DEVICE FOR VISUALLY IMPAIRED,{},""""""
20210122_04-2021_2_b6b51d6f09c346fa.pdf,589,25,applicationPublication,1,0,0,2,"[""202017044285 A""]",CATHETER SYSTEM WITH REMOTE INSTRUMENT DELIVERY,{},""""""
20210129_05-2021_1_805ed3d08c859fc9.pdf,674,25,applicationPublication,1,0,0,3,"[""202111000760 A""]",SYSTEM AND METHOD FOR ON DEMAND GRINDING OF EDIBLE ITEMS,{},""""""
20210129_05-2021_2_9e4d4c3d2c94d83e.pdf,172,25,frontMatter,0,0,0,0,[],"""""",{},""""""
20210205_06-2021_1_ac7ac6813ac1ab5e.pdf,524,25,applicationPublication,1,0,0,4,"[""202021039559 A""]",A DEVICE FOR DESEEDING AND CUTTING A FRUIT,{},""""""
20210205_06-2021_2_e20cf08755bc6f62.pdf,700,25,applicationPublication,1,0,0,4,"[""201941030677 A""]",GREEN PROCESS FOR PREPARATION OF BENZIMIDAZOLE DERIVATIVES,{},""""""
20210212_07-2021_1_c38bd2faea972f92.pdf,682,25,applicationPublication,1,0,0,5,"[""202111002170 A""]",MODIFIED ARMOURED BULLET RESISTANT BUNKER (ANGAD) FOR BORDER GUARDING,{},""""""
20210212_07-2021_2_c3e431d1ee5d2cab.pdf,685,25,applicationPublication,1,0,0,5,"[""202017048372 A""]","PD-L1 BINDING AFFIMERS, AND USES RELATED THERETO",{},""""""
20210212_07-2021_3_c4f98ec4cd46aa7d.pdf,669,25,applicationPublication,1,0,0,4,"[""201941031762 A""]",CARBON ELECTRODE FROM SPENT HONEYCOMB FOR AQUEOUS AND NON-AQUEOUS SUPERCAPACITORS AND LITHIUM-ION BA,{},""""""
20210219_08-2021_1_c87f455ca52c42c7.pdf,540,25,applicationPublication,1,0,0,4,"[""202111005949 A""]",AN ANTI-MICROBIAL FLUORESCEIN COMPOUND INCLUDING AN OLIGOMER CHAIN GROUP AND A MODIFIED GEDUNIN,{},""""""
20210219_08-2021_2_41206e13045e35fb.pdf,354,25,applicationPublication,1,0,0,5,"[""201941032747 A""]",WATER ACTIVITY METER USING THE HUMIDITY AND TEMPERATURE SENSOR,{},""""""
20210226_09-2021_1_89c754daa207dd04.pdf,672,25,applicationPublication,1,0,0,4,"[""202111005769 A""]",PROTECTIVE RELAY FOR THE CABLE FAULT IN MICROGRID,{},""""""
20210226_09-2021_2_0e5a6ceddd7c24d4.pdf,702,25,applicationPublication,1,0,0,5,"[""202017053981 A""]",VEHICLE WINDOW COMPRISING A TRANSPONDER,{},""""""
20210305_10-2021_1_9cd28fb5f25a8cd1.pdf,624,25,applicationPublication,1,0,0,5,"[""202011051146 A""]",A POTPROCESS FOR SYNTHESIS OF NANOMETAL CARBON HYBRIDS AND BIO-OILS FROM METAL CONTAMINATED WASTE WATER AND BIOMASS,{},""""""
20210305_10-2021_2_77c4bb762ff9c37c.pdf,561,25,applicationPublication,1,0,0,5,"[""201921034910 A""]",HEADLAMP ASSEMBLY FOR TWOWHEELER,{},""""""
20210305_10-2021_3_bfbff1adfdd02a0f.pdf,398,25,frontMatter,0,0,0,0,[],"""""",{},""""""
20210312_11-2021_1_077d49c065e97ac7.pdf,630,25,applicationPublication,1,0,0,4,"[""202111006878 A""]",A HIGH PERFORMANCE VEHICLE WHEEL,{},""""""
20210312_11-2021_2_a45fb6ac323e2c2d.pdf,522,25,applicationPublication,1,0,0,5,"[""201941036021 A""]",SYSTEM AND METHOD FOR EXTRACTING TABULAR DATA FROM A DOCUMENT,{},""""""
20210319_12-2021_1_8c89ae9f453b26ab.pdf,551,25,applicationPublication,1,0,0,5,"[""202111009913 A""]",MOOD MONITORING SYSTEMAND METHOD THEREOF,{},""""""
20210319_12-2021_2_d687096030d0a236.pdf,661,25,applicationPublication,1,0,0,4,"[""201921036993 A""]",STABLE INJECTABLEPHARMACEUTICAL COMPOSITION OF EPINEPHRINE,{},""""""
20210326_13-2021_1_e7d5ce965294d641.pdf,600,25,applicationPublication,1,0,0,4,"[""202011051813 A""]",A QUALITY INSPECTION WELDING GRIPPER,{},""""""
20210326_13-2021_2_231804d659d1989b.pdf,526,25,applicationPublication,1,0,0,5,"[""202117003473 A""]","ONLINE SERVICE PROVISION SYSTEM, IC CHIP, AND APPLICATION PROGRAM",{},""""""
20210326_13-2021_3_1d6ffe98c0c923ed.pdf,468,25,applicationPublication,1,0,0,5,"[""202137006138 A""]",BLOWER FOR AIR-CONDITIONED GARMENT AND AIR-CONDITIONED GARMENT,{},""""""
20210402_14-2021_1_f4b8ba02f93d73a1.pdf,599,25,applicationPublication,1,0,0,4,"[""202111012714 A""]",A PROCESS FOR FABRICATING PANI-CSA BASED TEMPERATURE SENSOR AND A PRODUCTTHEREOF,{},""""""
20210402_14-2021_2_9175f5f6079fcae9.pdf,511,25,applicationPublication,1,0,0,5,"[""202147013095 A""]",ALDEHYDE DEHYDROGENASE VARIANTS AND METHODS OF USING SAME,{},""""""
20210409_15-2021_1_1bef75b607166705.pdf,674,25,applicationPublication,1,0,0,5,"[""202111009738 A""]",MOISTURE FREE AIR COOLER,{},""""""
20210409_15-2021_2_0bf536aaa01331ef.pdf,521,25,applicationPublication,1,0,0,5,"[""201921040129 A""]",METHOD AND SYSTEM FOR AUTOMATED AND OPTIMIZED CODE GENERATION FOR CONTRADICTORY NON-FUNCTIONAL REQUIREMENTS (NFRS),{},""""""
20210416_16-2021_1_45504914a4758cd1.pdf,560,25,applicationPublication,1,0,0,4,"[""202111015994 A""]",METHOD AND APPARATUS FOR THE TREATMENT OF INDUSTRIAL WASTEWATER,{},""""""
20210416_16-2021_2_1242817295b9d19b.pdf,385,25,applicationPublication,1,0,0,4,"[""201941041277 A""]",Methods and systems for managing decoding of control channels on a multi-SIM UE,{},""""""
20210423_17-2021_1_c49529c593f338d4.pdf,572,25,applicationPublication,1,0,0,4,"[""202111017401 A""]",SYSTEM AND METHOD FOR MANAGING VIRTUAL ENVIRONMNET OF A HOST PLACE,{},""""""
20210423_17-2021_2_2b8b03ee39bc2f59.pdf,376,25,applicationPublication,1,0,0,4,"[""201941042091 A""]",SILVER GOLD PRODUCTION,{},""""""
20210430_18-2021_1_12b1290fb31b8676.pdf,468,25,applicationPublication,1,0,0,4,"[""202111018503 A""]",A LIGHT FIDELITY (LI-FI) BASED SINGLE LASER STEREO AUDIO AND VIDEO TRANSMISSION SYSTEM USING FREQUENCY DIVISION MULTIPLEXING (FDM),{},""""""
20210430_18-2021_2_dd9edfbfd3871053.pdf,387,25,applicationPublication,1,0,0,5,"[""201941043173 A""]",AN AUTONOMOUS MOBILE DISINFECTING AND DEODORIZING SYSTEM AND METHOD,{},""""""
20210507_19-2021_1_0fcbfd7217eb7ea7.pdf,553,25,applicationPublication,1,0,0,4,"[""202111019468 A""]",A NOVEL SIMPLIFIED EQUIVALENT MODELING METHOD FOR MICROSTRIP LINE INTERCONNECTS,{},""""""
20210507_19-2021_2_7d030b0bfa28bb5b.pdf,453,25,applicationPublication,1,0,0,1,"[""201941007530 A""]",HYPERBOLE INTRAOCULAR LENS TO REDUCE DYSPHOTOPSIA,{},""""""
20210514_20-2021_1_a2b17a941f0915c2.pdf,622,25,applicationPublication,1,0,0,5,"[""202111020986 A""]",VENTILATED HELMET COMBINED WITH AERATED PREVENTIVE PROTECTIVE EQUIPMENT KIT,{},""""""
20210521_21-2021_1_9af4cb18a786b933.pdf,632,25,applicationPublication,1,0,0,5,"[""202111007872 A""]",CUSTOMIZED PLANT WATERING AND PROTECTION SYSTEM,{},""""""
20210521_21-2021_2_bb2cd1198525ef7c.pdf,132,25,frontMatter,0,0,0,0,[],"""""",{},""""""
20210528_22-2021_1_b940385428054e5e.pdf,542,25,applicationPublication,1,0,0,4,"[""201911047767 A""]","""ARTIFICIAL INTELLIGENCE BASED SYSTEM AND METHOD FOR MULTI-CLASS CLASSIFICATION OF HEART DISEASES""",{},""""""
20210528_22-2021_2_b52c06467b33a4a3.pdf,174,25,frontMatter,0,0,0,0,[],"""""",{},""""""
20210604_23-2021_1_e883648a005eb7f6.pdf,431,25,applicationPublication,1,0,0,4,"[""202021002189 A""]",A POLYSILOXANES ORTHOPAEDIC SPLINT,{},""""""
20210611_24-2021_1_5e463e7ed84b77c8.pdf,532,25,applicationPublication,1,0,0,4,"[""202111023181 A""]",A SYSTEM AND METHOD FOR DEMEANOR BASED TRUST MEASUREMENT AND JOB PLACEMENT IN FOG COMPUTING MILIEU,{},""""""
20210611_24-2021_2_e2ed6fa8e6803b91.pdf,629,25,applicationPublication,1,0,0,1,"[""201941009734 A""]",A CAPPING AND BAGGING DEVICE.,{},""""""
20210618_25-2021_1_8808c6d88cf27091.pdf,674,25,applicationPublication,1,0,0,5,"[""202111022142 A""]",A SYSTEM FOR PERSONALISED DATA RECOMMENDATION SYSTEM AND A METHOD THEREOF,{},""""""
20210618_25-2021_2_0da5cee5612e29f7.pdf,129,25,frontMatter,0,0,0,0,[],"""""",{},""""""
20210625_26-2021_1_06b3ca5f16750442.pdf,642,25,applicationPublication,1,0,0,5,"[""202121003278 A""]",AN AUTOMATED TIP FORMING ASSEMBLY MACHINE,{},""""""
20210625_26-2021_2_1dd26079857fc2fb.pdf,536,25,applicationPublication,1,0,0,5,"[""202147024370 A""]",POLYALKYLENEIMINE-MODIFIED POLYAMIDE 4,{},""""""
20210702_27-2021_1_7b7e4d11b9578fce.pdf,605,25,applicationPublication,1,0,0,4,"[""202121011175 A""]",RNA ELUTION ACTIVE SYSTEM USING DENDRITIC FIBROUS NANOSILICA (DFNS),{},""""""
20210702_27-2021_2_d65e830bc9410c37.pdf,551,25,applicationPublication,1,0,0,5,"[""202147027111 A""]",TEMPERATURE ADJUSTMENT CIRCUIT,{},""""""
20210709_28-2021_1_b6c32d3ef05392e3.pdf,565,25,applicationPublication,1,0,0,4,"[""202121021686 A""]",GRAVEL PACK FOR UNCONSOLIDATED RESERVOIR,{},""""""
20210709_28-2021_2_d0afbf3658c6db40.pdf,230,25,frontMatter,0,0,0,0,[],"""""",{},""""""
20210716_29-2021_1_06633a84013ed398.pdf,543,25,applicationPublication,1,0,0,5,"[""202111025353 A""]",SYSTEM AND METHOD FOR EXCHANGING DIGITAL CURRENCY VIA A SMART DIGITAL WALLET,{},""""""
20210716_29-2021_2_49d1811a7a9a9bfa.pdf,488,25,applicationPublication,1,0,0,5,"[""202041001045 A""]",QUERIES IN A NETWORK,{},""""""
20210723_30-2021_1_5a653d2e7c820205.pdf,641,25,applicationPublication,1,0,0,5,"[""202111029005 A""]","PREPARATION OF BIOPLASTIC USING PARAALI, ALOE VERA WASTE, PVA AND GLYCEROL PLASTICIZER",{},""""""
20210723_30-2021_2_984afbe1f7462f90.pdf,133,25,frontMatter,0,0,0,0,[],"""""",{},""""""
20210730_31-2021_1_8bac04a37bbd2298.pdf,624,25,applicationPublication,1,0,0,4,"[""202111029989 A""]",EXTRUDED FRIED SNACK FROM TARO,{},""""""
20210730_31-2021_2_692772b30c99d059.pdf,244,25,applicationPublication,1,0,0,5,"[""202134003664 A""]",DOCKING STATION FOR AUTONOMOUS FLOOR CLEANER,{},""""""
20210806_32-2021_1_36d47236e842077d.pdf,553,25,applicationPublication,1,0,0,5,"[""202021028205 A""]",A HERBAL COMPOSITION AND A PROCESS FOR PREPARATION THEREOF,{},""""""
20210806_32-2021_2_607f2957088d8233.pdf,573,25,applicationPublication,1,0,0,4,"[""202041004333 A""]",COMMUNICATION ASSET USING METRICS,{},""""""
20210813_33-2021_1_f391f83d4e6a2d49.pdf,546,25,applicationPublication,1,0,0,5,"[""202121024557 A""]",A COST EFFICIENT AUDIO AND TEXT BASED ENGLISH READING PLATFORM PROCESSED BY ARTIFICIAL INTELLIGENCE FOR BLIND OR PARTIALLY BLIND PEOPLE UTILIZED BY SEQUENTIAL TOUCH,{},""""""
20210813_33-2021_2_3eebe36cb7bae42a.pdf,352,25,applicationPublication,1,0,0,5,"[""202041005656 A""]",TECHNIQUES FOR PROTECTION AND ACCURACY OF SYSTEM TIME,{},""""""
20210820_34-2021_1_8a141ac2523da748.pdf,593,25,applicationPublication,1,0,0,4,"[""202111010702 A""]",HEALTH MONITORING: WOMEN HEALTH MONITORING USING ELECTRONIC GOLD JEWELRY,{},""""""
20210820_34-2021_2_dca1c0ce4c83066c.pdf,669,25,applicationPublication,1,0,0,5,"[""202027035966 A""]",EFFICIENT AND LOW LATENCY AUTOMATED ASSISTANT CONTROL OF SMART DEVICES,{},""""""
20210827_35-2021_1_39d88379b1c52c54.pdf,623,25,applicationPublication,1,0,0,4,"[""202111026967 A""]",AN AUTOMATEDSYSTEM FOR HEART DISEASE DIAGNOSIS USING REGULARIZED DEEP NEURAL NETWORK,{},""""""
20210827_35-2021_2_319678444c71986e.pdf,571,25,applicationPublication,1,0,0,4,"[""202021007334 A""]",A PROCESS FOR PREPARATION OF SUPERABSORBENT POLYMER,{},""""""
20210903_36-2021_1_f2ef41434794b4a5.pdf,672,25,applicationPublication,1,0,0,5,"[""202111005767 A""]","DISCOVEY OF (3S,4R)-4-(4-FLUOROPHENYL)-1-METHYL- 3((TRITYLOXY)METHYL)PIPERIDINE FOR TREATING TUBERCULOSIS",{},""""""
20210903_36-2021_2_f441fa2a8187b255.pdf,666,25,applicationPublication,1,0,0,5,"[""202011008584 A""]",A FENDER LINING STRUCTURE,{},""""""
20210903_36-2021_3_ae599524eb50abab.pdf,378,25,applicationPublication,1,0,0,1,"[""100/KOLNP/2011 A""]",NICKEL BASE GAMMA PRIME STRENGTHENED SUPERALLOY,{},""""""
20210910_37-2021_1_5922c10f2ab1ce89.pdf,655,25,applicationPublication,1,0,0,5,"[""202111025193 A""]",A RAINFALL SIMULATOR FOR MOVING STORM CONDITION,{},""""""
20210910_37-2021_2_2034539b53329dca.pdf,689,25,applicationPublication,1,0,0,5,"[""202127001483 A""]",ORAL CARE COMPOSITION,{},""""""
20210917_38-2021_1_8d22e4348c98dbab.pdf,499,25,applicationPublication,1,0,0,5,"[""202117040515 A""]",OPERATION CONDITION DETERMINATION SYSTEM OF PRE-COOLING OPERATION AND PRE-WARMING OPERATION OF AIR CONDITIONER,{},""""""
20210917_38-2021_2_5331be6cc50add78.pdf,427,25,applicationPublication,1,0,0,4,"[""202041010268 A""]","NOVEL PROCESS FOR THE PREPARATION OF 4-[N-(5,6-DIPHENYLPYRAZIN-2-YL)-N- ISOPROPYLAMINO]-1-BUTANOL",{},""""""
20210924_39-2021_1_360cb058e8a774a4.pdf,598,25,applicationPublication,1,0,0,5,"[""202111040502 A""]",THE EFFECTIVE ADVANCED PROMOTIONAL TOOL FOR MARKETING OLD/ NEW PRODUCT.,{},""""""
20210924_39-2021_2_2fdb2498e81b0577.pdf,567,25,applicationPublication,1,0,0,5,"[""202017045058 A""]",PRODUCING RECOMBINANT PROTEINS WITH REDUCED LEVELS OF HOST CELL PROTEINS,{},""""""
20211001_40-2021_1_81210a8b7cea802b.pdf,590,25,applicationPublication,1,0,0,1,"[""202111041327 A""]",SMART NUTRIENT TRACKING CASSEROLE,{},""""""
20211001_40-2021_2_84561347f55ee73b.pdf,516,25,applicationPublication,1,0,0,4,"[""202021012734 A""]",SYSTEM AND METHOD FOR BICYCLING SIMULATOR FOR CHILD CYCLIST BY USING VIRTUAL REALITY TECHNOLOGY,{},""""""
20211001_40-2021_3_faf08794fde9fc4e.pdf,313,25,applicationPublication,1,0,0,5,"[""202031013575 A""]",ANTI-SNORING NASAL DEVICE,{},""""""
20211008_41-2021_1_f54151e8dc4e543c.pdf,537,25,applicationPublication,1,0,0,5,"[""202113036143 A""]",A REALTIME NUTRITION AND HEALTH MONITORING SYSTEM AND METHOD OF OPERATION THEREOF,{},""""""
20211008_41-2021_2_6d1e8b5f6ebfa8bf.pdf,646,25,applicationPublication,1,0,0,4,"[""202021013955 A""]",A SYSTEM AND A METHOD FOR EXTRACTING PARTICULATE MATTER FROM EXHAUST AFTER-TREATMENTUNIT OF A VEHICLE,{},""""""
20211008_41-2021_3_9b7a1d84e0b6e708.pdf,162,25,frontMatter,0,0,0,0,[],"""""",{},""""""
20211013_42-2021_1_09c1180715702b82.pdf,541,25,applicationPublication,1,0,0,5,"[""202111033082 A""]",NOVEL ELECTRO-THERMAL TRANDERMAL DEVICE AND PROCESS THEREOF,{},""""""
20211013_42-2021_2_8440c3bdd54d69d7.pdf,158,25,frontMatter,0,0,0,0,[],"""""",{},""""""
20211022_43-2021_1_bd7246aa592c59ca.pdf,597,25,applicationPublication,1,0,0,5,"[""202111041032 A""]",SYSTEM AND METHOD FOR DEVELOPING IMMUNODOMINANT PEPTIDE VACCINE AGAINST FISH NERVOUS NECROSIS VIRUS,{},""""""
20211022_43-2021_2_70c816946e95e340.pdf,530,25,applicationPublication,1,0,0,5,"[""202021016457 A""]",METHOD AND SYSTEM FOR AUTOMATED GENERATION OF TEST SCENARIOS AND AUTOMATION SCRIPTS,{},""""""
20211029_44-2021_1_f40810797f6ec219.pdf,641,25,applicationPublication,1,0,0,5,"[""202111005760 A""]",A DEVICE FOR DEPOSITION OF FLUID FOR CHROMATOGRAPHY,{},""""""
20211029_44-2021_2_4da74f6ba78ae704.pdf,560,25,applicationPublication,1,0,0,5,"[""202117020961 A""]",MOBILE HANDWASHING SYSTEM,{},""""""
20211029_44-2021_3_d16147d1324c1857.pdf,416,25,applicationPublication,1,0,0,5,"[""202117023038 A""]",POWER-DRIVEN TOOL,{},""""""
20211105_45-2021_1_13837a378915d5c5.pdf,601,25,applicationPublication,1,0,0,5,"[""202111034867 A""]",AN ARTIFICIAL INTELLIGENCE-BASED LEARNING ASSESSMENT SYSTEM FOR DETERMINING IMPROVEMENTS USING COLLECTED DATA FROM VARIOUS EQUIPMENT,{},""""""
20211105_45-2021_2_58d19b61165bdcac.pdf,533,25,applicationPublication,1,0,0,5,"[""202117024201 A""]",PHOTOCHROMIC ARTICLE,{},""""""
20211105_45-2021_3_f3f00695967f8afb.pdf,200,25,frontMatter,0,0,0,0,[],"""""",{},""""""
20211112_46-2021_1_eb3dbb18e9033254.pdf,631,25,applicationPublication,1,0,0,5,"[""202111025118 A""]",A SYSTEM OF CONNECTING TWO LANS WITH ROUTER AND METHODS THEREOF,{},""""""
20211112_46-2021_2_93cf3041748fa3d6.pdf,346,25,applicationPublication,1,0,0,4,"[""202021019714 A""]",SYSTEM AND METHOD FOR DETECTION OF DISPLAY BLEED OF A SCREEN OF AN ELECTRONIC DEVICE,{},""""""
20211119_47-2021_1_54878a4b64d1d3a6.pdf,588,25,applicationPublication,1,0,0,5,"[""202111045800 A""]",ORDERING OF UNREAD MESSAGES IN AN INSTANT MESSAGING APPLICATION BASED ON SAVED/UNSAVED CONTACT IN ADDRESS BOOK,{},""""""
20211119_47-2021_2_2b1c68427b436eb1.pdf,598,25,applicationPublication,1,0,0,5,"[""202117026387 A""]",ACCESSORY FOR AN INJECTION DEVICE INCLUDING AN EXPOSED CAP REMOVER,{},""""""
20211119_47-2021_3_db256c043dc49711.pdf,178,25,frontMatter,0,0,0,0,[],"""""",{},""""""
20211126_48-2021_1_9d6f6c12528d707d.pdf,523,25,applicationPublication,1,0,0,5,"[""202111047591 A""]",E. SHOES-HEAT & COOL,{},""""""
20211126_48-2021_2_31dadbb457e277bc.pdf,513,25,applicationPublication,1,0,0,5,"[""202117027050 A""]","OSTOMY CONDITION CLASSIFICATION WITH IMAGE DATA TRANSFORMATION, DEVICES AND RELATEDMETHODS",{},""""""
20211126_48-2021_3_0699967b5563a006.pdf,422,25,applicationPublication,1,0,0,4,"[""202041021080 A""]",MACHINE FOR PULVERIZING FIELD SURFACE,{},""""""
20211203_49-2021_1_959bfa397e65696d.pdf,544,25,applicationPublication,1,0,0,5,"[""202111048400 A""]",A HYBRID AUTONOMOUS UNDERWATER VEHICLE SYSTEM FOR FLOOD RELIEF OPERATIONS,{},""""""
20211203_49-2021_2_b5832d914d74630f.pdf,662,25,applicationPublication,1,0,0,4,"[""202011022404 A""]",IMPROVED SIDE STAND SWITCH ASSEMBLY,{},""""""
20211203_49-2021_3_515497fe93fbef0d.pdf,580,25,applicationPublication,1,0,0,5,"[""202021021988 A""]",PROTEIN EXTRACTION METHODS ANDQUANTIFICATION ASSAY FOR BIOLOGICALLY IMPORTANT PROTEINS IN LABEO ROHITA,{},""""""
20211210_50-2021_1_6587d024f1530d01.pdf,619,25,applicationPublication,1,0,0,5,"[""202111051179 A""]",A METHOD FOR SYNTHESIS OF ALUMINIUM OXIDE/COPPER OXIDE HYBRID BIODEGRADABLE NANOFLUID,{},""""""
20211210_50-2021_2_13a459d517f4277a.pdf,686,25,applicationPublication,1,0,0,5,"[""202114003123 A""]",MASK APPARATUS,{},""""""
20211210_50-2021_3_201dcdbf8077f540.pdf,607,25,applicationPublication,1,0,0,5,"[""202117038356 A""]","USE OF AN ACIDIC SALT OF IRON (III) AS ADDITIVE FOR CEMENT, MORTAR OR CONCRETE",{},""""""
20211217_51-2021_1_2d3098562fa1dd83.pdf,597,25,frontMatter,0,0,0,0,[],"""""",{},""""""
20211217_51-2021_2_27f9c1b16dacded7.pdf,596,25,applicationPublication,1,0,0,5,"[""202114022241 A""]","METHOD FOR PROTECTING LINES, AND PROTECTION ASSEMBLY",{},""""""
20211217_51-2021_3_2fc790cf60ef0cb0.pdf,253,25,applicationPublication,1,0,0,4,"[""202031025224 A""]",SWIRL FLAME LPG CANTEEN BURNER,{},""""""
20211224_52-2021_1_47219b18eeb6e8f0.pdf,579,25,applicationPublication,1,0,0,5,"[""202111015148 A""]",AUTOMATIC OPTICAL FIBERS JOINTING DEVICE,{},""""""
20211224_52-2021_2_169e6549d6864c1c.pdf,369,25,applicationPublication,1,0,0,4,"[""202021025449 A""]",HERBAL FORMULATION FOR RESPIRATORY WELLNESS,{},""""""
20211231_53-2021_1_c2faea904bc855b1.pdf,608,25,applicationPublication,1,0,0,5,"[""202111037305 A""]",SYSTEM AND METHOD FOR CULTIVATING LAND,{},""""""
20211231_53-2021_2_89d812a107919144.pdf,555,25,applicationPublication,1,0,0,5,"[""202117042140 A""]",ENVIRONMENT RECOGNITION DEVICE,{},""""""
20211231_53-2021_3_592def7318c8d83b.pdf,136,25,frontMatter,0,0,0,0,[],"""""",{},""""""
20220107_01-2022_1_3d7d834fb26d0f78.pdf,594,25,applicationPublication,1,0,0,5,"[""202111061078 A""]",NON-CONTACT CONDITION MONITORING (NCM) LOW ALTITUDE FLYING DRONE FOR INSPECTING UNDRGROUND PIPELINES CONDITION,{},""""""
20220107_01-2022_2_bc4672f188adc3a6.pdf,612,25,applicationPublication,1,0,0,5,"[""202117043225 A""]",VAGINAL TABLET FORMULATION,{},""""""
20220114_02-2022_1_c294f81596cd11ce.pdf,598,25,applicationPublication,1,0,0,5,"[""202111031757 A""]",METHOD TO DEVELOP ORDERED NANOPOROUS BIOPOLYMERS MEMBRANES,{},""""""
20220114_02-2022_2_783f538b86ead05c.pdf,535,25,applicationPublication,1,0,0,5,"[""202117018055 A""]",RIDE EVACUATION SYSTEMS AND METHODS,{},""""""
20220114_02-2022_3_d2bb0b45689405f7.pdf,278,25,applicationPublication,1,0,0,5,"[""202137044915 A""]",PRESSURE REDUCING VALVE WITH SHUT-OFF MECHANISM,{},""""""
20220121_03-2022_1_57a88f36adf87266.pdf,601,25,applicationPublication,1,0,0,5,"[""202111036396 A""]",HYGIENIC BEVERAGE STORAGE DEVICE,{},""""""
20220121_03-2022_2_380cde48c2902154.pdf,552,25,applicationPublication,1,0,0,5,"[""202117019492 A""]","OPTICAL LENS ASSEMBLY, IMAGING MODULE, AND ELECTRONICDEVICE",{},""""""
20220121_03-2022_3_eb8a626f579bf76e.pdf,146,25,frontMatter,0,0,0,0,[],"""""",{},""""""
20220128_04-2022_1_baf06186bbec898b.pdf,599,25,applicationPublication,1,0,0,5,"[""202111015201 A""]",DISCOVEY OF LINACLOTIDE FOR TREATING CORONAVIRIDAE FAMILY OF VIRUS,{},""""""
20220128_04-2022_2_afac385fdead1ddd.pdf,618,25,applicationPublication,1,0,0,5,"[""202118004600 A""]","A RECOMBINANT ANTIBODYMOLECULE, OR AN A4-BINDING FRAGMENT THEREOF",{},""""""
20220128_04-2022_3_927793df5c92d2dd.pdf,164,25,frontMatter,0,0,0,0,[],"""""",{},""""""
20220204_05-2022_1_e79d4d8c6b5b6284.pdf,602,25,applicationPublication,1,0,0,5,"[""202211001030 A""]",A SYSTEM AND A METHOD FOR PERFORMING INTERACTIVE SPIRITUAL PRACTICE,{},""""""
20220204_05-2022_2_12f94ff3ac5ba347.pdf,626,25,applicationPublication,1,0,0,5,"[""202241004048 A""]",Multi-Task Human Activity Detection and Recognition System for Security Surveillance Environments,{},""""""
20220204_05-2022_3_1a33d2c74ed47da1.pdf,693,25,applicationPublication,1,0,0,5,"[""202118027032 A""]",A METHOD FOR IMPROVING DISEASE DIAGNOSIS USING MEASURED ANALYTES,{},""""""
20220211_06-2022_1_eea8d05f93d93f47.pdf,596,25,applicationPublication,1,0,0,5,"[""202111046102 A""]",METHODOLOGY FOR MANAGEMENT OF RECRUITMENT AND VACANCIES,{},""""""
20220211_06-2022_2_edb78484c42ddb6f.pdf,598,25,applicationPublication,1,0,0,5,"[""202118040141 A""]",INTEGRATED OPTOELECTRONIC READ HEAD AND FLUIDICCARTRIDGE USEFUL FOR NUCLEIC ACID SEQUENCING,{},""""""
20220211_06-2022_3_0159988b421e5950.pdf,137,25,frontMatter,0,0,0,0,[],"""""",{},""""""
20220218_07-2022_1_9d773e638092d97d.pdf,583,25,applicationPublication,1,0,0,5,"[""202211003938 A""]",TRAINING SYSTEM FOR PLAYING CHORDOPHONE INSTRUMENTS,{},""""""
20220218_07-2022_2_56e7f4033742b4ff.pdf,512,25,applicationPublication,1,0,0,5,"[""202118025046 A""]",TECHNIQUES FOR MANAGING DISPLAY USAGE,{},""""""
20220218_07-2022_3_867b5567ba053010.pdf,206,25,frontMatter,0,0,0,0,[],"""""",{},""""""
20220225_08-2022_1_d4b7a309ea082ef4.pdf,579,25,applicationPublication,1,0,0,5,"[""202211004032 A""]",MULTIFUNCTIONAL PADLOCK SYSTEM,{},""""""
20220225_08-2022_2_a02f36ab1ee7eee7.pdf,571,25,applicationPublication,1,0,0,5,"[""202117048543 A""]",SYSTEM AND METHODS OF PROVIDING POINT-OF-NEED FINANCING,{},""""""
20220225_08-2022_3_17b471ad1c00c98a.pdf,206,25,frontMatter,0,0,0,0,[],"""""",{},""""""
20220304_09-2022_1_6e3b38576c445b3c.pdf,615,25,applicationPublication,1,0,0,5,"[""202111014636 A""]",ADJUSTABLE SUPPORTING APPARATUS,{},""""""
20220304_09-2022_2_3b5c7b1b8724c3d2.pdf,614,25,applicationPublication,1,0,0,5,"[""202114038684 A""]",SECTION SEGMENTATION BASED INFORMATION RETRIEVAL WITHENTITY EXPANSION,{},""""""
20220304_09-2022_3_1a1294f07530a290.pdf,679,25,applicationPublication,1,0,0,5,"[""202247000892 A""]",PRIMARY COOLING PROCESS AND DEVICE UTILIZING CIRCULATING AMMONIA WATER REFRIGERATION,{},""""""
20220311_10-2022_1_37fe45ec26970680.pdf,558,25,applicationPublication,1,0,0,3,"[""202111024164 A""]",SYSTEM AND METHOD FOR SPLITTING DATA DOWNLOADING,{},""""""
20220311_10-2022_2_2f6c1e13b9ee33a9.pdf,532,25,applicationPublication,1,0,0,5,"[""202117050436 A""]","3-SUBSTITUTED PIPERIDINE COMPOUNDS FOR CBL-B INHIBITION, AND USE OF A CBL-B INHIBITOR IN COMBINATION WITH A CANCER VACCINE AND/OR ONCOLYTIC VIRUS",{},""""""
20220311_10-2022_3_885b14d9ece9d165.pdf,588,25,applicationPublication,1,0,0,4,"[""202041038551 A""]",AN INTERACTIVE SYSTEM FORDISPENSING PRODUCTS AND A METHOD TO OPERATE THE SAME,{},""""""
20220318_11-2022_1_ce6cc94f7abdbd88.pdf,621,25,applicationPublication,1,0,0,5,"[""202211008979 A""]",A SMART MEDICINE VENDING MACHINE,{},""""""
20220318_11-2022_2_4d8af8635f84ce59.pdf,548,25,applicationPublication,1,0,0,4,"[""202021040152 A""]",A SYSTEM FOR VEGETABLE HARVESTING,{},""""""
20220318_11-2022_3_fb7a4a8191e1b997.pdf,288,25,frontMatter,0,0,0,0,[],"""""",{},""""""
20220325_12-2022_1_ca96e59573cf7984.pdf,590,25,applicationPublication,1,0,0,5,"[""202211013853 A""]",WIDEBAND POLYGON RING MICROSTRIP ANTENNA WITH STRUCTURE SHAPED GROUND,{},""""""
20220325_12-2022_2_aa97d2cc13e86df9.pdf,527,25,applicationPublication,1,0,0,5,"[""202217002596 A""]","HOT ROLLED STEEL STRIP MEANDER CONTROL METHOD AND MEANDER CONTROL DEVICE, AND HOT ROLLING EQUIPMENT",{},""""""
20220325_12-2022_3_453482a327549ea3.pdf,480,25,applicationPublication,1,0,0,5,"[""202147044043 A""]",METHOD AND APPARATUS FOR EFFICIENT SIGNALINGOF PICTURE SIZE AND PARTITIONING INFORMATION IN VIDEO BITSTREAM,{},""""""
20220401_13-2022_1_570524c25f14e369.pdf,602,25,applicationPublication,1,0,0,5,"[""202211007561 A""]",DRAWING COMPASS WITH TELESCOPIC CUM SLIDING MECHANISM,{},""""""
20220401_13-2022_2_a5e81f04ab9071f6.pdf,600,25,applicationPublication,1,0,0,5,"[""202217004101 A""]",PHARMAEUTICAL COMPOSITION COMPRISING ENSIFENTRINE,{},""""""
20220401_13-2022_3_f928564f6f5ac896.pdf,381,25,applicationPublication,1,0,0,5,"[""202247017127 A""]",UPLINK TRANSMISSION (UL TX) PREPARATION TIME,{},""""""
20220408_14-2022_1_dd520e21109fe3f6.pdf,610,25,applicationPublication,1,0,0,5,"[""202211012195 A""]",A SYSTEM OF WATER SECURITY PLAN FOR REMOTE VILLAGES IN UTTARAKHAND HILLS,{},""""""
20220408_14-2022_2_3f98ad6bdef7af38.pdf,600,25,applicationPublication,1,0,0,5,"[""202117053871 A""]",IMPROVED COATED BATTERY SEPARATORS AND BATTERIES,{},""""""
20220408_14-2022_3_15e1f3efcef13b93.pdf,670,25,applicationPublication,1,0,0,5,"[""202217008140 A""]",LOW COST METAL ELECTRODES,{},""""""
20220415_15-2022_1_5e60779ac28022b7.pdf,587,25,applicationPublication,1,0,0,5,"[""202211018032 A""]",DEVELOPMENT OF SCENE PERCEPTION SYSTEM FOR VISUALLY IMPAIRED PEOPLE USING IOT BASED SYSTEM,{},""""""
20220415_15-2022_2_2d805ac87ba4f7ed.pdf,551,25,applicationPublication,1,0,0,4,"[""202021044248 A""]",SMART SLATE FOR ONLINE CLASS,{},""""""
20220422_16-2022_1_1b7c491d4215627a.pdf,602,25,applicationPublication,1,0,0,5,"[""202211013546 A""]",METHOD AND SYSTEM TO MINIMIZE A TEMPERATURE OF A FLUID,{},""""""
20220422_16-2022_2_a8c0d7263dd27216.pdf,612,25,applicationPublication,1,0,0,5,"[""202217010040 A""]",MOVEABLE OVERFLOW,{},""""""
20220422_16-2022_3_70ea72ca074b66a0.pdf,199,25,applicationPublication,1,0,0,5,"[""202137053678 A""]","DATA TRANSMISSION, ENCODING AND DECODING METHOD, APPARATUS AND DEVICE, AND STORAGE MEDIUM",{},""""""
20220429_17-2022_1_a6a80d6340ec9937.pdf,565,25,applicationPublication,1,0,0,5,"[""202211021687 A""]",SMART WAREHOUSE MANAGEMENT,{},""""""
20220429_17-2022_2_68ded63395cf6420.pdf,620,25,applicationPublication,1,0,0,5,"[""202021042681 A""]",A MICROWAVE HEATING APPARATUS,{},""""""
20220506_18-2022_1_9946daa74ba79160.pdf,710,25,applicationPublication,1,0,0,5,"[""202211015718 A""]",ANAPPARATUS FOR SECURE AND CONSISTENT PATH SELECTION IN WIRELESS COOPERATIVE COMMUNICATION AND IMPROVED METHOD THEREOF,{},""""""
20220506_18-2022_2_97d7894afcfd6452.pdf,762,25,applicationPublication,1,0,0,5,"[""202021047845 A""]",METHOD AND SYSTEM FOR INSPECTING AND DETECTING FLUID IN A PIPELINE,{},""""""
20220513_19-2022_1_ac102338035a7439.pdf,545,25,applicationPublication,1,0,0,5,"[""202211025108 A""]","AN AUTOMATIC, INTEGRATED POND AND LIVESTOCK SHELTER",{},""""""
20220513_19-2022_2_c4fd0c4c56cd16a4.pdf,677,25,applicationPublication,1,0,0,5,"[""202011048888 A""]",A CONTROL SYSTEM FOR OPERATING A THREE PHASE INDUCTION MOTOR DRIVE AND A METHOD FOR OPERATING MOTOR-DRIVE,{},""""""
20220513_19-2022_3_b699a593fc27502c.pdf,111,25,frontMatter,0,0,0,0,[],"""""",{},""""""
20220520_20-2022_1_0f624e57e9d42eb6.pdf,697,25,applicationPublication,1,0,0,5,"[""202211016866 A""]",ASSISTIVE SYSTEM FOR INTERACTION WITH PUBLIC GATHERINGS,{},""""""
20220520_20-2022_2_b299e8deb2637835.pdf,224,25,applicationPublication,1,0,0,4,"[""202041050088 A""]",MULTI-FACETED DASHBOARDASSEMBLY OF A VEHICLE,{},""""""
20220527_21-2022_1_62489486e50df368.pdf,621,25,applicationPublication,1,0,0,5,"[""202211027918 A""]",MICROPHONE AND SENSOR INTEGRATED SMART MASK,{},""""""
20220527_21-2022_2_3d9c43b280d8c973.pdf,594,25,applicationPublication,1,0,0,4,"[""201721041343 A""]","SYNTHESIS AND ANTICANCER ACTIVITY OF 3-{4-[(4-METHOXYPHENYL) SULFAMOYL] PHENYL}-N-(3-BENZYL-5-OXO-1, 5-DIHYDRO-4H-1, 2, 4-TRIAZOL-4-YL) PROP-2-ENAMIDE",{},""""""
20220603_22-2022_1_2a017e3a43dde174.pdf,571,25,applicationPublication,1,0,0,5,"[""202211027591 A""]",CYBER THREAT DETECTION USING DEEP LEARNING.,{},""""""
20220603_22-2022_2_551b6b20a27af52f.pdf,804,25,applicationPublication,1,0,0,5,"[""201921034589 A""]",METHOD AND SYSTEM FOR GENERATING MODEL DRIVEN APPLICATIONS USING ARTIFICIAL INTELLIGENCE,{},""""""
20220603_22-2022_3_e2b052c749c221f9.pdf,245,25,applicationPublication,1,0,0,5,"[""202237011853 A""]",COMPOUNDS COMPRISING CURCUMIN AND BASIC AMINO ACIDS,{},""""""
20220610_23-2022_1_9ad86fdbe07d4b85.pdf,610,25,applicationPublication,1,0,0,5,"[""202211028847 A""]",STUDENT STUDY PERFORMANCE MONITORING USING IOT BASED,{},""""""
20220610_23-2022_2_cb8910a7baaa2d76.pdf,613,25,applicationPublication,1,0,0,5,"[""202217011078 A""]",MULTI-TARGETING EFFECTOR CELLS AND USE THEREOF,{},""""""
20220610_23-2022_3_7540d7674bc6a747.pdf,546,25,applicationPublication,1,0,0,5,"[""202247029709 A""]",HEAT-SHRINKABLE POLYESTER-BASED FILM ROLL,{},""""""
20220617_24-2022_1_cc9088034d82c1c9.pdf,603,25,applicationPublication,1,0,0,5,"[""202211027222 A""]",ANTI-ROTATIONAL PADS FOR HELMET,{},""""""
20220617_24-2022_2_d35fdccf870eb4b4.pdf,658,25,applicationPublication,1,0,0,5,"[""202011054146 A""]",APPARATUS FOR DISPENSING LIQUID SANITIZER,{},""""""
20220617_24-2022_3_d80b74d5f4f04ed7.pdf,706,25,applicationPublication,1,0,0,4,"[""202021040718 A""]",A METHOD OF MANUFACTURING IRON ORE SINTER USING HIGH LOSS-ON-IGNITION(LOI) IRON ORE.,{},""""""
20220624_25-2022_1_b792a0953a043fe4.pdf,623,25,applicationPublication,1,0,0,5,"[""202211032706 A""]",AN INTRAVENOUS FLUID POLYPROPYLENE CONTAINER WITH HELMET HEAD [FIG. 5 & 6],{},""""""
20220624_25-2022_2_35bdbbe842c891fc.pdf,603,25,applicationPublication,1,0,0,5,"[""202117059901 A""]",AMINOPYRIMIDINE AMIDE AUTOPHAGY INHIBITORS AND METHODS OF USE THEREOF,{},""""""
20220624_25-2022_3_c1786d0071c7b443.pdf,644,25,applicationPublication,1,0,0,4,"[""202041055074 A""]",A DATA RETRIEVAL SYSTEM,{},""""""
20220701_26-2022_1_ceefadae74697eda.pdf,611,25,applicationPublication,1,0,0,5,"[""202211013515 A""]",A SYSTEM OF RISK MONITORING ENABLED HELMET FOR COAL MINERS,{},""""""
20220701_26-2022_2_7e2cd89ccafa8022.pdf,628,25,applicationPublication,1,0,0,5,"[""202117060048 A""]",SECURE INVENTORY ACCESS AND CONTROL MECHANISM,{},""""""
20220701_26-2022_3_f4ee926802333458.pdf,373,25,applicationPublication,1,0,0,5,"[""202247034483 A""]",USER EQUIPMENT TO NETWORK RELAY,{},""""""
20220708_27-2022_1_1ad21110f141a391.pdf,574,25,applicationPublication,1,0,0,5,"[""202111046393 A""]",DRIVING LICENSE VERIFICATION SYSTEM,{},""""""
20220708_27-2022_2_4684e8ff242f9d9a.pdf,550,25,applicationPublication,1,0,0,5,"[""202217015490 A""]",USE OF CYCLODEXTRINS AS A RADIOSTABILIZER,{},""""""
20220708_27-2022_3_6df5f6406e620b32.pdf,297,25,applicationPublication,1,0,0,5,"[""202247038731 A""]",A RECEIVER COMPRISING COILS FOR WIRELESSLY RECEIVING POWER,{},""""""
20220715_28-2022_1_91a28135d3a06dc7.pdf,664,25,applicationPublication,1,0,0,5,"[""202111052973 A""]",AUTOMATIC BALLOON INFLATING DEVICE,{},""""""
20220715_28-2022_2_37e11cc56e8426d1.pdf,602,25,applicationPublication,1,0,0,5,"[""202027043087 A""]",SRS CARRIER SWITCHING WITH STTI/SPT,{},""""""
20220722_29-2022_1_b29dfd9988286631.pdf,562,25,applicationPublication,1,0,0,5,"[""202111038776 A""]",A SYSTEMAND METHOD FOR EXTRACTING SHIKIMIC ACID FROM CHIR PINE NEEDLES,{},""""""
20220722_29-2022_2_2a5d388f59e1d475.pdf,588,25,applicationPublication,1,0,0,5,"[""202214003048 A""]",CONTROLLER FOR ABLUTIONARY SETTINGS,{},""""""
20220722_29-2022_3_031dc87bef8cffc1.pdf,363,25,applicationPublication,1,0,0,5,"[""202147040764 A""]",ENERGY STORAGE SYSTEM AND PHOTOVOLTAIC ENERGY STORAGE SYSTEM,{},""""""
20220729_30-2022_1_e60ee89885e8dc95.pdf,603,25,applicationPublication,1,0,0,5,"[""202211016669 A""]",MITTI BALL-BASED COOLING PAD FOR EVAPORATIVE COOLERS,{},""""""
20220729_30-2022_2_7138e0847880ccce.pdf,602,25,applicationPublication,1,0,0,5,"[""202217022548 A""]",SYSTEM AND METHOD FOR DETECTING AND ISOLATING AN ELECTROMAGNETIC PULSE FOR PROTECTION OF A MONITORED INFRASTRUCTURE,{},""""""
20220729_30-2022_3_0a5fa270e6bfa8eb.pdf,554,25,applicationPublication,1,0,0,5,"[""202227014785 A""]",BEAM SWITCHING GAP,{},""""""
20220805_31-2022_1_8f2ced289f166204.pdf,601,25,applicationPublication,1,0,0,5,"[""202211042587 A""]",METHOD OF ISOLATION OF IMPERATORIN FROM AEGLE MARMELOS CORREA,{},""""""
20220805_31-2022_2_8626faf20c1852b9.pdf,601,25,applicationPublication,1,0,0,5,"[""202217025090 A""]",STEERING WHEEL ASSEMBLY,{},""""""
20220805_31-2022_3_87819a63306443c3.pdf,304,25,applicationPublication,1,0,0,5,"[""202247043313 A""]",BATTERY MODULE FOR ENERGY STORAGE DEVICE,{},""""""
20220812_32-2022_1_90e5ea4891a9a7a2.pdf,616,25,applicationPublication,1,0,0,5,"[""202111032586A""]",SMART MATCHSTICK BOX,{},""""""
20220812_32-2022_2_b512a05479be8b1b.pdf,525,25,applicationPublication,1,0,0,5,"[""202127055433 A""]","FIELD-ADJUSTABLE, SEAL-LESS FRANGIBLE DOWNHOLE PRESSURE CONTROL AND ISOLATION DEVICE AND SUBASSEMBLY FOR CONDUIT IN WELLBORE",{},""""""
20220819_33-2022_1_c633fdc8b5c36e1c.pdf,604,25,applicationPublication,1,0,0,5,"[""202211008857 A""]",HAIR LOSS APPEARANCE CONCEALING DEVICE,{},""""""
20220819_33-2022_2_c0fa93a30f49aba5.pdf,684,25,applicationPublication,1,0,0,5,"[""202117008695 A""]",NEGATIVE PRESSURE TREATMENT INCLUDING MECHANICAL AND CHEMICAL PUMP,{},""""""
20220819_33-2022_3_cdb16dd0ad566e02.pdf,129,25,frontMatter,0,0,0,0,[],"""""",{},""""""
20220826_34-2022_1_26e5583e01f43246.pdf,638,25,applicationPublication,1,0,0,5,"[""202211008888 A""]",AUTOMATED MATTRESS CLEANING DEVICE,{},""""""
20220826_34-2022_2_e83afb4335b06564.pdf,626,25,applicationPublication,1,0,0,5,"[""202214008149 A""]",AXLE ASSEMBLY HAVING A BARREL CAM,{},""""""
20220826_34-2022_3_a2695f722bc4bacc.pdf,282,25,applicationPublication,1,0,0,5,"[""202247047227 A""]",PYRIMIDINE-BASED BICYCLES AS ANTIVIRAL AGENTS FOR THE TREATMENT AND PREVENTION OF HIV INFECTION,{},""""""
20220902_35-2022_1_dfaf81f58d381cd5.pdf,621,25,applicationPublication,1,0,0,5,"[""202211043150 A""]",IOT AND PIR SENSOR GESTURE BASED SMART SWITCH BOARD DEVICE,{},""""""
20220902_35-2022_2_a1a106dea5224024.pdf,648,25,applicationPublication,1,0,0,5,"[""202217015519 A""]",ASSESSING OPERATING CONDITIONS OF A RECEIVER IN A COMMUNICATION NETWORK BASED ON FORWARD ERROR CORRECTION DECODING PROPERTIES,{},""""""
20220902_35-2022_3_0cb057033fc3f4d8.pdf,292,25,applicationPublication,1,0,0,5,"[""202237024997 A""]","METHOD FOR DISPLAYING MULTIPLE WINDOWS, AND ELECTRONIC DEVICE AND SYSTEM",{},""""""
20220909_36-2022_1_ca91e622d34774bb.pdf,618,25,applicationPublication,1,0,0,5,"[""202211048685 A""]",MACHINELEARNING BASED APPROACH TO STUDY AND ANALYSE THE ANTIBACTERIAL EFFECTS OF SILVER NANOPARTICLES FOR HEALING DENTAL ISSUES,{},""""""
20220909_36-2022_2_7b3a5e182796fc85.pdf,624,25,applicationPublication,1,0,0,5,"[""202215009160 A""]","IMAGING OPTICAL LENS ASSEMBLY, IMAGE CAPTURING APPARATUS AND ELECTRONIC DEVICE",{},""""""
20220909_36-2022_3_1e1c8a86992d463b.pdf,352,25,applicationPublication,1,0,0,5,"[""202247049183 A""]",A MYOCARDIAL SPECTROMETER PROBE AND A METHOD OF MONITORING THE HEART MUSCLE,{},""""""
20220916_37-2022_1_a8dc6d5df0490d87.pdf,649,25,applicationPublication,1,0,0,5,"[""202211038276 A""]",IMPROVED SUPPLY AND DEMAND OPTIMIZATION BY BAYESIAN PREDICTION WITH LSTM-RNN BASE FEATURE MAPPING USING XG BOOST REGRESSION,{},""""""
20220916_37-2022_2_0059ed9199402bf7.pdf,660,25,applicationPublication,1,0,0,4,"[""202011045019 A""]",IMPROVED PROCESS FOR THE PREPARATION OF BEMPEDOIC ACID,{},""""""
20220916_37-2022_3_a4479ff29cf1fff3.pdf,636,25,applicationPublication,1,0,0,5,"[""202227033748 A""]",CAPACITIVE POWER TRANSMISSION CABLE,{},""""""
20220923_38-2022_1_14ed6797a7fd8261.pdf,645,25,applicationPublication,1,0,0,5,"[""202211043112 A""]",COUPLING UNIT WITH FRICTION FIT ARRANGEMENT,{},""""""
20220923_38-2022_2_c73704c954050d6a.pdf,633,25,applicationPublication,1,0,0,5,"[""202111002586 A""]",STREAKING DEVICE FOR INOCULATING BIOLOGICAL CULTURE,{},""""""
20220923_38-2022_3_223f362d0c822c9c.pdf,535,25,applicationPublication,1,0,0,5,"[""202141012051 A""]",A SYSTEM AND A METHOD OF PROVIDING AN INTERACTIVE GAME IN AN ONLINE ENVIRONMENT,{},""""""
20220930_39-2022_1_8dba9abcc8de1d12.pdf,604,25,applicationPublication,1,0,0,5,"[""202211053881 A""]",ADOPTION OF BLOCKCHAIN-EMPOWERED DATA DRIVEN NETWORK IN SPORTS INDUSTRY,{},""""""
20220930_39-2022_2_e7344f2799ba0a93.pdf,691,25,applicationPublication,1,0,0,5,"[""202121012802 A""]",A TRANSMISSION ASSEMBLY OPERATIONAL SYSTEM,{},""""""
20221007_40-2022_1_e975235faa305eed.pdf,669,25,applicationPublication,1,0,0,5,"[""202211013589 A""]",MODULAR WALL REFURBISHING ASSISTANCE DEVICE,{},""""""
20221007_40-2022_2_5eb150329380cf63.pdf,684,25,applicationPublication,1,0,0,4,"[""202111009338 A""]",SINGLE-HAND MANEUVERED SURGICAL APPARATUS,{},""""""
20221007_40-2022_3_1e52de12c5efc3b3.pdf,308,25,applicationPublication,1,0,0,5,"[""202247054514 A""]","CO-PRODUCTION OF METHANOL, AMMONIA AND UREA",{},""""""
20221014_41-2022_1_e09f4d339310720f.pdf,631,25,applicationPublication,1,0,0,5,"[""202211052931 A""]",SYSTEM TO DETECT THE BEHAVIOUR OF FISH TO IDENTIFY WATER POLLUTION AND CONTAMINATION LEVEL,{},""""""
20221014_41-2022_2_28b42479611b5d54.pdf,652,25,applicationPublication,1,0,0,5,"[""202011054893 A""]",TAILOR MADE AND GENE RAL MOBILE APPLICATION SASED ADUERTISMENT REPORTING SYSTEM BY PUBLIC TRANS PORT,{},""""""
20221014_41-2022_3_6bc793dd430932d7.pdf,674,25,applicationPublication,1,0,0,5,"[""202127056880 A""]",METHODS AND APPARATUS FOR ACK FOR SPS REACTIVATION DCI,{},""""""
20221021_42-2022_1_89d9bac2c1fdb0a1.pdf,624,25,applicationPublication,1,0,0,5,"[""202211045824 A""]",LOTUS HANGING WITH JHUMKA (EARRINGS),{},""""""
20221021_42-2022_2_0586cf4899d73416.pdf,636,25,applicationPublication,1,0,0,5,"[""202217034359 A""]",REPORTING OCCURRENCE OF AN EVENT IN A MOBILE COMMUNICATION NETWORK,{},""""""
20221021_42-2022_3_db782f95313dada2.pdf,173,25,applicationPublication,1,0,0,5,"[""202247059447 A""]",SOLID ELECTROLYTE MATERIAL AND BATTERY USING SAME,{},""""""
20221028_43-2022_1_bb672cc7ed2ec48d.pdf,566,25,applicationPublication,1,0,0,5,"[""202211059652 A""]",ARTIFICIAL INTELLIGENCE-BASED DATA AUTHENTICATION FOR CYBER SECURITY OF HOTEL'S PROPERTY MANAGEMENT SYSTEM USING DEEP LEARNING,{},""""""
20221028_43-2022_2_08513cd7a437c77e.pdf,538,25,applicationPublication,1,0,0,5,"[""202141018593 A""]",AIR SANITISER APPARATUS,{},""""""
20221104_44-2022_1_3228ba25cf4e4558.pdf,612,25,applicationPublication,1,0,0,5,"[""202211001806 A""]",CIRCUIT AND A METHOD FOR OPERATING QUASI FLOATING BULK DIRECT GATE DRIVEN MOSFET,{},""""""
20221104_44-2022_2_03e1b15cfb4f967e.pdf,610,25,applicationPublication,1,0,0,5,"[""202217037336 A""]","NETWORK SLICE MESSAGE TRANSMISSION METHOD, ELECTRONIC DEVICE AND STORAGE MEDIUM",{},""""""
20221104_44-2022_3_c6d452f796fadb6b.pdf,328,25,applicationPublication,1,0,0,5,"[""202247060966 A""]",THERMAL MANAGEMENT SYSTEM,{},""""""
20221111_45-2022_1_1a170bda7f273d41.pdf,427,25,applicationPublication,1,0,0,5,"[""202211062427 A""]",P38 KINASE INHIBITOR COMPOSITIONS AND RELATED METHODS FOR TREATING INFLAMMATORY DISEASE,{},""""""
20221111_45-2022_2_12e21846e3253d41.pdf,308,25,applicationPublication,1,0,0,5,"[""202141020443 A""]",AN IMPROVED SCENE TEXT IDENTIFICATION SYSTEM WITH SKEW ANGLE ESTIMATION FEATURE,{},""""""
20221118_46-2022_1_65a551b497a05adf.pdf,624,25,applicationPublication,1,0,0,5,"[""202111027201 A""]",AN ELECTRIC VEHICLE DRIVETRAIN SYSTEM FOR REDUCING CURRENT SURGES IN BATTERY AND PROVIDING DRIVING ASSISTANCE,{},""""""
20221118_46-2022_2_0e201d86bf65b370.pdf,619,25,applicationPublication,1,0,0,5,"[""202017057245 A""]","INNERCIRCUMFERENTIAL SEAL STRUCTURE, SEAT STRUCTURE, AND VALVE",{},""""""
20221118_46-2022_3_6378d3912e918b38.pdf,112,25,frontMatter,0,0,0,0,[],"""""",{},""""""
20221125_47-2022_1_4cf026d05beee6ef.pdf,624,25,applicationPublication,1,0,0,5,"[""202211008576 A""]",A METHOD OF FABRICATION OF SUPERHYDROPHOBIC MEMBRANE,{},""""""
20221125_47-2022_2_fa6f0d64e086d582.pdf,637,25,applicationPublication,1,0,0,5,"[""202241064062 A""]",AN INVESTIGATION ON THE USE OF MACHINE LEARNING METHODS FOR PREDICTING EMPLOYEE PERFORMANCE,{},""""""
20221125_47-2022_3_4927785c7ad89888.pdf,650,25,applicationPublication,1,0,0,5,"[""202127040784 A""]","METHOD FOR TWO-STEP RANDOM ACCESS, TERMINAL DEVICE AND NETWORK DEVICE",{},""""""
20221202_48-2022_1_b246f08ce261c1c8.pdf,639,25,applicationPublication,1,0,0,5,"[""202211060077 A""]",SYSTEM AND METHOD FOR STOCKPILE OPERATION OF A STORE,{},""""""
20221202_48-2022_2_0dcfa8ccee1cf968.pdf,670,25,applicationPublication,1,0,0,5,"[""202217040152 A""]",ERROR RECOVERY FOR NON-VOLATILE MEMORY MODULES,{},""""""
20221202_48-2022_3_78aeb8366087f327.pdf,201,25,frontMatter,0,0,0,0,[],"""""",{},""""""
20221209_49-2022_1_6625fb3daa60d0b8.pdf,565,25,applicationPublication,1,0,0,5,"[""202211020991 A""]",SYSTEM AND SMART LEARNING DEVICE FOR SPEECH PERCEPTION PROBLEM,{},""""""
20221209_49-2022_2_1b8eb646048d049e.pdf,655,25,applicationPublication,1,0,0,4,"[""202021054537 A""]",WEARABLE DEVICE FOR CONTROLLED ADMINISTRATION OF INJECTABLE SUBSTANCES,{},""""""
20221216_50-2022_1_92c6fba9b09efb80.pdf,548,25,applicationPublication,1,0,0,5,"[""202211028367 A""]",MEDICINAL HAIR OIL COMPOSITION COMPRISING HERBAL INGREDIENTS,{},""""""
20221216_50-2022_2_87e1699c9165463e.pdf,570,25,applicationPublication,1,0,0,4,"[""202111013587 A""]",METHOD FOR PRODUCING BIO-FUEL FROM PLASTIC WASTE,{},""""""
20221223_51-2022_1_cbcae78100629841.pdf,553,25,applicationPublication,1,0,0,5,"[""202211025265 A""]",CHAETOMIUM GLOBOSUM MEDIATED GREEN SYNTHESIZED IRON NANOPARTICLES AS A BIOCONTROL AGENT,{},""""""
20221223_51-2022_2_9835c2be07642fa8.pdf,324,25,applicationPublication,1,0,0,5,"[""202121027623 A""]",HEALTH AND NUTRITIONAL SUPPLEMENT COMPOSITION TO BOOST ENDOGENOUS NITRIC OXIDE SYNTHESIS PATHWAY,{},""""""
20221230_52-2022_1_82bf7be1b8ef70a4.pdf,684,25,applicationPublication,1,0,0,5,"[""202211011253 A""]",METHOD FOR MAKING BIODEGRADABLE SHELLAC AND SYNTHETIC RESIN BASED MOULDED PRODUCTS AND PCB BASE,{},""""""
20221230_52-2022_2_1bf55be2cb06a088.pdf,683,25,applicationPublication,1,0,0,5,"[""202211075208 A""]",SMART VISITOR EMOTION ANALYZER FOR FATAL INTENTIONS,{},""""""
20221230_52-2022_3_4a750517579bb6d4.pdf,684,25,applicationPublication,1,0,0,5,"[""202241073111 A""]",OBJECT LIFTING ASSISTIVE DEVICE,{},""""""
20230106_01-2023_1_47fd37ff2437bd59.pdf,663,25,applicationPublication,1,0,0,5,"[""202211057004 A""]",SYSTEM AND METHOD FOR REMOTE PATIENT MONITORING AND DRUG DELIVERY,{},""""""
20230106_01-2023_2_2a533d8b2d0a7fbf.pdf,675,25,applicationPublication,1,0,0,5,"[""202241077272 A""]",Reduce deterioration of sucrose level in Sugarcane using E coil bacteria,{},""""""
20230106_01-2023_3_42e11d8ecefeff81.pdf,688,25,applicationPublication,1,0,0,4,"[""202141030030 A""]",ELECTRONIC WATCHDOG BASED BURGLARY ALERT SYSTEM,{},""""""
20230113_02-2023_1_848ebc9d1a75a5b3.pdf,673,25,applicationPublication,1,0,0,5,"[""202111019322 A""]",A WHEEL ANTI-THEFT SYSTEM AND A METHOD THEREOF,{},""""""
20230113_02-2023_2_6ada293374420c06.pdf,643,25,applicationPublication,1,0,0,5,"[""202331002411 A""]",A SYSTEM AND METHOD FOR CONCRETE MANUFACTURING USING COOLANT DISPENSING SYSTEM ONTO AGGREGATE CARRIED CONVEYANCE DEVICE,{},""""""
20230120_03-2023_1_046e9b32cb0d4537.pdf,553,25,applicationPublication,1,0,0,5,"[""202211054675 A""]",SYSTEM AND METHOD FORBLOCKCHAIN-BASED AGRICULTURAL SUPPLY CHAIN MANAGEMENT,{},""""""
20230120_03-2023_2_ef640a7bfd8e31f6.pdf,556,25,applicationPublication,1,0,0,5,"[""202121032176 A""]",SYSTEM AND METHOD FOR MOLECULAR PROPERTY PREDICTION USING EDGE CONDITIONED IDENTITY MAPPING CONVOLUTION NEURAL NETWORK,{},""""""
20230120_03-2023_3_cc63fa4675a6375c.pdf,166,25,frontMatter,0,0,0,0,[],"""""",{},""""""
20230127_04-2023_1_77dfbe92d8b4f179.pdf,694,25,applicationPublication,1,0,0,5,"[""202311003525 A""]",SYSTEM FOR OPTIMAL ROUTE PLANNING OF EVS,{},""""""
20230127_04-2023_2_ebae596d73dc6b62.pdf,627,25,applicationPublication,1,0,0,4,"[""202141032740 A""]",CONTEXTUAL TRANSACTIONAL MECHANISM IMPLEMENTED IN A COMPUTING PLATFORM,{},""""""
20230203_05-2023_1_65fc6828e3c90661.pdf,656,25,applicationPublication,1,0,0,5,"[""202211017365 A""]",SLING SHOT DEVICE,{},""""""
20230203_05-2023_2_de863e7aeb1909a9.pdf,660,25,applicationPublication,1,0,0,4,"[""202111015294 A""]",ADAPTIVE DEVICE FOR OPERATING MUD STOVES,{},""""""
20230203_05-2023_3_9709dba8278172b7.pdf,232,25,applicationPublication,1,0,0,1,"[""202347005492 A""]",MODULAR OPTICAL PARTICLE COUNTER SENSOR AND APPARATUS,{},""""""
20230210_06-2023_1_95312fb37ec75703.pdf,614,25,applicationPublication,1,0,0,5,"[""202211047764 A""]",THERMOELECTRIC GENERATORBASED DUAL POWER AIR CONDITIONING SYSTEM,{},""""""
20230210_06-2023_2_7913e7c59984e19f.pdf,636,25,applicationPublication,1,0,0,5,"[""202121035596 A""]",METHODS AND SYSTEM FOR GOAL-CONDITIONED EXPLORATION FOR OBJECT GOAL NAVIGATION,{},""""""
20230217_7-2023_1_9f2c6037199e2d16.pdf,590,25,applicationPublication,1,0,0,5,"[""202211053080 A""]",METHOD AND SYSTEM FOR DETERMININGCHARACTERISTICS OF A DISEASE,{},""""""
20230217_7-2023_2_8c57eb5e4619f9dd.pdf,690,25,applicationPublication,1,0,0,4,"[""202111013001 A""]",DUAL BAND TELEMETRY TRANSMITTER AND RECEIVER,{},""""""
20230217_7-2023_3_21efb529dcc28589.pdf,148,25,frontMatter,0,0,0,0,[],"""""",{},""""""
20230224_8-2023_1_39d7f93628382e6a.pdf,724,25,applicationPublication,1,0,0,5,"[""202211076787 A""]",A PROCESS FOR PREPARATION OF GREEN CORROSION INHIBITOR FOR STEEL STRUCTURES,{},""""""
20230224_8-2023_2_2967600ec246c9a1.pdf,540,25,applicationPublication,1,0,0,4,"[""202121037445 A""]",IMPROVED SHORT PROCESS FOR SYNTHESIS OF MOLNUPIRAVIR,{},""""""
20230303_09-2023_1_12ff189f2ce1483c.pdf,841,25,applicationPublication,1,0,0,5,"[""202311009250 A""]",KHEJRI FORESTS ON THE VERGE OF EXTINCTION DUE TO PROMOTION OFHORTICULTURE IN HARYANA,{},""""""
20230303_09-2023_2_b634df3d9cdd617c.pdf,175,25,frontMatter,0,0,0,0,[],"""""",{},""""""
20230310_10-2023_1_8c48bda57f822a6f.pdf,487,25,applicationPublication,1,0,0,5,"[""202221075709 A""]",COMPUTER-BASED SYSTEM AND METHOD FOR REAL-TIME OPTIMIZATION AND INTELLIGENT CONTROL OF SERVER RESOURCE AND OPERATION-CYCLE,{},""""""
20230310_10-2023_2_8569e0f4cf16bc4f.pdf,189,25,frontMatter,0,0,0,0,[],"""""",{},""""""
20230317_11-2023_1_085ce4e3e0b1275d.pdf,660,25,applicationPublication,1,0,0,5,"[""202211064591A""]",WATERBORNE HEAT SEAL COATING COMPOSITION AND A PROCESS FOR ITS PREPARATION,{},""""""
20230317_11-2023_2_c1c6f8b531c89998.pdf,519,25,applicationPublication,1,0,0,4,"[""202341011107 A""]",A NOVEL IOT-BASED MULTI HEAD FOOD EXTRUSION UTILITY SYSTEM,{},""""""
20230317_11-2023_3_a2b9100a1ba71160.pdf,481,25,applicationPublication,1,0,0,5,"[""202111038746 A""]",SYSTEMS AND METHODS FOR ALERTING A USER OF A POSSIBILITY OF INFECTION,{},""""""
20230324_12-2023_1_85e6dc3724b56e9f.pdf,543,25,applicationPublication,1,0,0,5,"[""202211073410 A""]",A NEW CHEMICAL DRUG AGAINST GRAM NEGATIVE NOSOCOMIAL PATHOGEN TO PREVENT ANTI-MICROBIAL RESISTANCE AND METHODTHEREOF,{},""""""
20230324_12-2023_2_3c2014943f29de8f.pdf,408,25,applicationPublication,1,0,0,5,"[""202121042715 A""]",HERBAL SANITIZER OF CATECHIN,{},""""""
20230331_13-2023_1_91bdec0839c122ce.pdf,685,25,applicationPublication,1,0,0,5,"[""202311017753 A""]",PLASMA TREATMENT OF TEXTILES,{},""""""
20230331_13-2023_2_0516fc9ec556b337.pdf,641,25,applicationPublication,1,0,0,4,"[""202141043680 A""]",A distributed ledger system (DLS) adapted to calculate an attribute of a plurality of components and a method thereof,{},""""""
20230331_13-2023_3_b260368a9b2c0f30.pdf,241,25,applicationPublication,1,0,0,3,"[""202337015918 A""]","PROCESS FOR MANUFACTURING AN OSB OR WAFER BOARD, SYSTEM FOR MANUFACTURING OSB OR WAFER BOARDS, AND OSB OR WAFER BOARD",{},""""""
20230407_14-2023_1_a6552c5426c117d1.pdf,510,25,applicationPublication,1,0,0,5,"[""202321014111 A""]",FORMULATION OF POLYHERBAL JELLY,{},""""""
20230407_14-2023_2_5378b890d2ba9185.pdf,251,25,applicationPublication,1,0,0,4,"[""202141045305 A""]",Slide Bush Assembly for Suspension Unit of a Vehicle,{},""""""
20230414_15-2023_1_234d3e22be782855.pdf,618,25,applicationPublication,1,0,0,5,"[""202221046201 A""]",HIGH PERFORMANCE INCENSE STICK FAN DRYER,{},""""""
20230421_16-2023_1_30042c6f08ebd55a.pdf,471,25,applicationPublication,1,0,0,5,"[""202321021846 A""]",A PLANETARY GEARBOX WITH GROOVED FLEX PIN AND DOUBLE CANTILEVER ARRANGEMENT FOR LOAD DISTRIBUTION.,{},""""""
20230421_16-2023_2_90f53f26d388e4d8.pdf,107,25,frontMatter,0,0,0,0,[],"""""",{},""""""
20230428_17-2023_1_a2cbbea1459ebf33.pdf,564,25,applicationPublication,1,0,0,5,"[""202221053439 A""]",A COMMUNICATION SYSTEM FOR OPERATING AGRICULTURAL APPLIANCES,{},""""""
20230428_17-2023_2_3a66930e3f29db61.pdf,119,25,frontMatter,0,0,0,0,[],"""""",{},""""""
20230505_18-2023_1_6eb47c62b4a1f2f1.pdf,670,25,applicationPublication,1,0,0,5,"[""202211022489 A""]",SMART BIOMASS COOKING STOVE,{},""""""
20230505_18-2023_2_8bda56aef3348760.pdf,675,25,applicationPublication,1,0,0,4,"[""202341030577 A""]",MATHEMATICAL MODELS FOR PREDICTING AND ANALYZING COMPLEX SYSTEMS,{},""""""
20230505_18-2023_3_517fefb5d97740b6.pdf,154,25,applicationPublication,1,0,0,5,"[""202234013857 A""]","OPTICAL PHOTOGRAPHING SYSTEM, IMAGE CAPTURING UNIT AND ELECTRONIC DEVICE",{},""""""
20230512_19-2023_1_85d7237d4dc4cd4d.pdf,523,25,applicationPublication,1,0,0,4,"[""202311016885 A""]",A DOPED COBALT ZINC FERRITE PHOTOCATALYST AND ITS PROCESS OF PREPARING THE SAME,{},""""""
20230512_19-2023_2_371f95ea7e21410f.pdf,480,25,applicationPublication,1,0,0,5,"[""202111051113 A""]",DIAMOND-LIKE CARBON DIELECTRIC BASED GRAPHENE TFET,{},""""""
20230519_20-2023_1_26d3481aefc8cc5b.pdf,696,25,applicationPublication,1,0,0,5,"[""202211017974 A""]",A PROCESS FOR PREPARING A REUSABLE ADHESIVE AND A PRODUCT THEREOF,{},""""""
20230519_20-2023_2_a3d1e11ba30ca42d.pdf,701,25,applicationPublication,1,0,0,4,"[""202311030840 A""]",A MEDICAL VENDING MACHINE FOR MEDICINE RECOMMENDATION AND SYSTEM THEREOF,{},""""""
20230526_21-2023_1_693a9fb82f0618b2.pdf,650,25,applicationPublication,1,0,0,5,"[""202211077651 A""]",SEDIMENT EXTRACTOR,{},""""""
20230526_21-2023_2_6286c9dedc9c8e98.pdf,639,25,applicationPublication,1,0,0,4,"[""202111014943 A""]",A PROCESS FOR THE PHOTOCATALYTIC ALLYLIC OXIDATION OF OLEFINS USING CARBON DIOXIDE,{},""""""
20230602_22-2023_1_c7cac2c2670973e3.pdf,694,25,applicationPublication,1,0,0,5,"[""202211070187 A""]",MENTAL HEALTH MONITORING SYSTEM,{},""""""
20230602_22-2023_2_81610bdaa6a8c511.pdf,233,25,applicationPublication,1,0,0,4,"[""202121055145 A""]",METHOD AND MONITORING SYSTEM FOR REMOTEMONITORING OF A DRIVER OF A COMMERCIAL VEHICLE,{},""""""
20230609_23-2023_1_6565a3a383512ab3.pdf,569,25,applicationPublication,1,0,0,4,"[""202311031231 A""]",SMART AGRICULTURE AND IRRIGATION WATER MANAGEMENT SYSTEM USING OPTIMIZED IOT MODEL,{},""""""
20230609_23-2023_2_825925373ab1c4e0.pdf,220,25,applicationPublication,1,0,0,4,"[""202121057005 A""]",ESOMEPRAZOLE ENTERIC COATED TABLET,{},""""""
20230616_24-2023_1_53b866323f041f31.pdf,696,25,applicationPublication,1,0,0,4,"[""202311031981 A""]",AUTOMATED HYDROPONIC FARMING FOR HIGH-YIELD CROP PRODUCTION,{},""""""
20230616_24-2023_2_1cb10d7169350a6a.pdf,642,25,applicationPublication,1,0,0,4,"[""202341037432 A""]",A PLUG-IN ELECTRIC VEHICLES INTEGRATED INTO A POWER DISTRIBUTION SYSTEM WITH A DYNAMIC VOLTAGE REGULATOR AND ENERGY STORAGE,{},""""""
20230616_24-2023_3_1df9310a4d0424ec.pdf,684,25,applicationPublication,1,0,0,5,"[""202141057582 A""]",FERTILIZER COMPOSITION AND A PROCESS FOR ITS PREPARATION,{},""""""
20230623_25-2023_1_9d2450544e6fbf9f.pdf,653,25,applicationPublication,1,0,0,5,"[""202211014281 A""]","SYNTHESIS, CHARACTERIZATION AND APPLICATION OF HEXAMETHYLENE DIISOCYNATE BASED SUPRAMOLECULAR ORGANO OIL GELATORS",{},""""""
20230623_25-2023_2_90c4bd32b6041b11.pdf,274,25,applicationPublication,1,0,0,5,"[""202121059189 A""]",A NOVEL TEMPERATURE BASED PROCESS FOR INCREASING YIELD OF L-ASPARAGINASE FROM LACTOBACILLUS CRISPATUS CLS-3,{},""""""
20230630_26-2023_1_5289401fb85252b0.pdf,661,25,applicationPublication,1,0,0,3,"[""202311036369 A""]",NIGHT VISION SYSTEM AND METHODFOR IDENTIFYING OBJECTS IN LOW-LIGHT CONDITIONS,{},""""""
20230630_26-2023_2_f7d0d91860d17cc4.pdf,684,25,applicationPublication,1,0,0,5,"[""202111060914 A""]",A REINFORCEMENT STRUCTURE FOR A VEHICLE REAR,{},""""""
20230630_26-2023_3_5411e0b80b570f3e.pdf,456,25,applicationPublication,1,0,0,5,"[""202347012664 A""]",SYSTEMS AND METHODS FOR UE CONTEXT MANAGEMENT IN SIDELINK RELAY SCENARIOS,{},""""""
20230707_27-2023_1_6c33378122ca19fd.pdf,636,25,applicationPublication,1,0,0,4,"[""202311037912 A""]",NETWORK TRAFFIC ANALYZER USING NODEMCU-32,{},""""""
20230707_27-2023_2_d07b6e77eb2cea4d.pdf,273,25,applicationPublication,1,0,0,4,"[""202221001003 A""]",A PROCESS FOR PREPARATION OF DEXMEDETOMIDINE HYDROCHLORIDE,{},""""""
20230714_28-2023_1_3507cdba2643c4de.pdf,645,25,applicationPublication,1,0,0,4,"[""202311033667 A""]",SYSTEM AND METHOD FOR MEDICINAL PLANT LEAVES DETECTION,{},""""""
20230721_29-2023_1_0aa4059a0b5bc555.pdf,604,25,applicationPublication,1,0,0,5,"[""202211070221 A""]",BLOCKCHAIN-ENABLED IOT SYSTEM AND METHOD FOR SECURING REAL TIME DATA IN A MICROCONTROLLER-BASED BLOCKCHAIN NETWORK,{},""""""
20230721_29-2023_2_00f7ac90c379a527.pdf,287,25,applicationPublication,1,0,0,4,"[""202221002400 A""]",SYSTEM AND METHOD OF MONITORING ULTRASOUND TESTS,{},""""""
20230728_30-2023_1_5a81b50e2e707d48.pdf,666,25,applicationPublication,1,0,0,5,"[""202211036304 A""]",MEDICAL TUBE HOLDING DEVICE,{},""""""
20230804_31-2023_1_f41ef89b48aa047e.pdf,605,25,applicationPublication,1,0,0,4,"[""202311044975 A""]",THREE-LAYERED BIO FREQUENCYWEARABLE PATCH,{},""""""
20230804_31-2023_2_13a3131e7931c403.pdf,246,25,applicationPublication,1,0,0,4,"[""202241005277 A""]",A STATOR WINDING ARRANGEMENT FOR A UNIVERSAL MOTOR,{},""""""
20230811_32-2023_1_6ec1e4cd1c7fece8.pdf,636,25,applicationPublication,1,0,0,4,"[""202311047378 A""]",BLOCK CHAIN-BASED SECURE DATA MANAGEMENT SYSTEM FORINTERNET OF THINGS (IOT) DEVICES,{},""""""
20230811_32-2023_2_e8a3c954c8067aa5.pdf,427,25,applicationPublication,1,0,0,4,"[""202217059765 A""]",CORN SWEET STEEPING,{},""""""
20230818_33-2023_1_4e76817bd26ee9cd.pdf,643,25,applicationPublication,1,0,0,4,"[""202321040666 A""]",A PERFORATED CHALK DUST COLLECTOR,{},""""""
20230818_33-2023_2_8f3bfa0b2f81b9dd.pdf,272,25,applicationPublication,1,0,0,5,"[""202221008186 A""]",IMPROVED PROCESS FOR THE PREPARATION OF (R)-1-(TERT-BUTOXYCARBONYL)-2- METHYLPYRROLIDINE-2-CARBOXYLIC ACID,{},""""""
20230825_34-2023_1_1d23e5ebb7ed8c5a.pdf,731,25,applicationPublication,1,0,0,5,"[""202311048686 A""]",ORTHOCARE FORMULATION,{},""""""
20230825_34-2023_2_f20e12a50c4b390a.pdf,174,25,grantList,0,0,0,0,[],"""""",{},""""""
20230901_35-2023_1_27bdf3f71abd128c.pdf,696,25,applicationPublication,1,0,0,5,"[""202311050795 A""]",ONLINE EDUCATION MODE OF MUSIC COURSE BASED USING AI,{},""""""
20230901_35-2023_2_75a4201442cf28c5.pdf,672,25,applicationPublication,1,0,0,5,"[""202341042169 A""]",SYSTEM AND METHOD FORTREE ROOT CONDITION IDENTIFICATION TO SAFEGUARD AGAINST RAIN AND STORM HAZARDS,{},""""""
20230901_35-2023_3_0b49deee80276bb9.pdf,672,25,applicationPublication,1,0,0,5,"[""202341047883 A""]",An integrated planning tool for the Conservation of Blue-Green Areasduring Urban Expansion in Peri- Urban Regions,{},""""""
20230908_36-2023_1_33268b099c85646b.pdf,670,25,applicationPublication,1,0,0,5,"[""202311053720 A""]",SYSTEM FOR PHISHING DETECTION IN INSTANT MESSAGING (IM),{},""""""
20230908_36-2023_2_aa8d8d91012e85cf.pdf,696,25,applicationPublication,1,0,0,4,"[""202217065369 A""]",OZONISING MODULE AND REMOTE MANAGEMENT SYSTEM OF A PLURALITY OF SUCH MODULES,{},""""""
20230908_36-2023_3_04a6f7932f3c2aa4.pdf,230,25,applicationPublication,1,0,0,4,"[""202337033035 A""]",STABILITY AND ACTIVITY OF ENZYMES BY IMMOBILIZATION,{},""""""
20230915_37-2023_1_121f81e48b1055bc.pdf,644,25,applicationPublication,1,0,0,5,"[""202311052475 A""]",STABILIZED WOODEN STONE SUBBASE FOR FLEXIBLE PAVEMENT WITH CEMENT AND NANOMATERIALS,{},""""""
20230915_37-2023_2_fe5e2a4b68329e18.pdf,583,25,applicationPublication,1,0,0,5,"[""202217061227 A""]","IMAGE DECODING METHOD FOR RESIDUAL CODING, AND DEVICE THEREFOR",{},""""""
20230915_37-2023_3_6faa7fd475740784.pdf,545,25,applicationPublication,1,0,0,4,"[""202234030668 A""]",SEMICONDUCTOR DEVICE,{},""""""
20230922_38-2023_1_97d45c5d78cf54dd.pdf,662,25,applicationPublication,1,0,0,5,"[""202311056225 A""]",A SYSTEM AND METHOD FOR BATTERY HEALTH MANAGEMENT BY INTERNAL OPTICAL SENSING,{},""""""
20230922_38-2023_2_00cddcb1c4aaa70f.pdf,654,25,applicationPublication,1,0,0,4,"[""202211014534 A""]",ADAPTABLE NUT OPENING DEVICE,{},""""""
20230922_38-2023_3_c24037e42ba40e90.pdf,226,25,weeklyFer,0,0,0,0,[],"""""",{},""""""
20230929_39-2023_1_79d801b8543644f5.pdf,684,25,applicationPublication,1,0,0,3,"[""202311051566 A""]",AN ELECTRO-PNEUMATIC INTEGRATED DRILLING SYSTEM AND PROCESS OF MANUFACTURING THE SAME,{},""""""
20230929_39-2023_2_76f310b4c31b15c5.pdf,672,25,applicationPublication,1,0,0,5,"[""202331051243 A""]",CLOUD DATA MIGRATION AUTOMATIC VALIDATION,{},""""""
20230929_39-2023_3_3912d6392914666d.pdf,250,25,applicationPublication,1,0,0,4,"[""202337042663 A""]",EDGE PROTECTING STRUCTURE AND FOLDABLE DISPLAY TERMINAL,{},""""""
20231006_40-2023_1_01a29e45b4fae4e0.pdf,660,25,applicationPublication,1,0,0,5,"[""202311051261 A""]",FORMULATION OFEFFERVESCENT GRANULES COMPRISING NATURAL DETOXIFYING AGENT INTO GASTRORETENTIVE ORAL DOSAGE FORM,{},""""""
20231006_40-2023_2_a427883dd5b0dc5f.pdf,649,25,applicationPublication,1,0,0,5,"[""202341059799 A""]",A SWITCHED CAPACITOR SEVEN-LEVEL INVERTER WITH SELF VOLTAGE BALANCING ABILITY,{},""""""
20231006_40-2023_3_b946726ab3f3fd89.pdf,696,25,applicationPublication,1,0,0,4,"[""202217075462 A""]",WATER ELECTROLYSIS DEVICE FOR HYDROGEN PRODUCTION,{},""""""
20231013_41-2023_1_c45183185560d8a5.pdf,660,25,applicationPublication,1,0,0,5,"[""202211072383 A""]",AN ATTENTIVE ENCODER-DECODER BASEDSYSTEM FOR TRAFFIC LIGHT DETECTION,{},""""""
20231013_41-2023_2_24c491c074750937.pdf,635,25,applicationPublication,1,0,0,5,"[""202321053875 A""]",STUDY OF GREEN CORROSION INHIBITOR FOR ACID CLEANING IN DESALINATION PROCESS.,{},""""""
20231013_41-2023_3_2deb3a59bba17557.pdf,491,25,applicationPublication,1,0,0,5,"[""202317002139 A""]",SMALL MOLECULE MODULATORS OF IL-17,{},""""""
20231020_42-2023_1_7915c5c200f7d9bf.pdf,684,25,applicationPublication,1,0,0,5,"[""202311036387 A""]",AN OPTICAL FIBER CABLE COLORING MACHINE,{},""""""
20231020_42-2023_2_9f5d306fedb57f80.pdf,774,25,applicationPublication,1,0,0,5,"[""202341068062 A""]",ENHANCED YOLOV7 AND DEEPSORT: A POWERFUL DUO FOR HUMAN DETECTION AND TRACKING IN RESIDENTIAL SECURITY CAMERAS,{},""""""
20231020_42-2023_3_2aedb3c8236bd415.pdf,190,25,designPublication,0,0,0,0,[],"""""",{},""""""
20231020_42-2023_3_cea8c7a25014f26c.pdf,598,25,applicationPublication,1,0,0,5,"[""202241022071 A""]",MULTIPURPOSE WATER BOTTLE,{},""""""
20231027_43-2023_1_77499f42ecbe2d4d.pdf,637,25,applicationPublication,1,0,0,5,"[""202311067001 A""]",ARTIFICIAL INTELLIGENCE-BASED PROBLEM CLASSIFICATION METHOD AND DEVICE,{},""""""
20231027_43-2023_2_679cf9bbd7ebe347.pdf,579,25,applicationPublication,1,0,0,5,"[""202317017768A""]",METHOD AND DEVICE FOR MANAGING NON-DESTRUCTIVE EDITING CONTENT,{},""""""
20231103_44-2023_1_330061553cfa4457.pdf,661,25,applicationPublication,1,0,0,2,"[""202311069992 A""]",A CYCLE OPERATED FOODGRAIN MILL,{},""""""
20231110_45-2023_1_69bbe0529dc7534d.pdf,567,25,applicationPublication,1,0,0,5,"[""202341027786 A""]",A RETROFITTING APPARATUS USING A SPRAYUNIT FOR SPRAYING A COMPOSITION ON A SURFACE,{},""""""
20231117_46-2023_1_2acf1e582616fe3c.pdf,521,25,applicationPublication,1,0,0,5,"[""202221077707 A""]",A PLANT HEALTH MONITORING SYSTEM FOR VERTICAL FARMING,{},""""""
20231124_47-2023_1_a18ccc8da505bc8e.pdf,695,25,applicationPublication,1,0,0,5,"[""202211060178 A""]",FLUID MANAGEMENT AND VISUALIZATION PLATFORM FOR INCUBATOR BASED CELL CULTURE APPLICATIONS,{},""""""
20231124_47-2023_2_00a40a102457fec5.pdf,683,25,applicationPublication,1,0,0,6,"[""202321066005 A""]",A COMPREHENSIVE BIO-STIMULANT FOR SUSTAINABLE AGRICULTURE AND METHOD OF ITS PREPARATION,{},""""""
20231124_47-2023_3_d7e62f5a59b42344.pdf,692,25,applicationPublication,1,0,0,5,"[""202331077668 A""]",A NON-INTEGER ORDER CONTROLLING SYSTEM FOR SECOND ORDER SYSTEM AND METHOD THEREOF,{},""""""
20231201_48-2023_1_ad6f7b6e3d7f63df.pdf,696,25,applicationPublication,1,0,0,5,"[""202311073942 A""]",HIGHLY ECONOMICAL & SUSTAINABLE ONE-POT METHOD FORDIRECT C-N BOND FORMATION BY THE REACTION OF NITRO COMPOUNDS WITH BORONIC ACID,{},""""""
20231201_48-2023_2_ea7047df43947fa5.pdf,696,25,applicationPublication,1,0,0,5,"[""202317045042 A""]",COMPOSITION FOR THE SIMULTANEOUS BLEACHING AND DYEING OF KERATIN FIBRES AND PROCESS USING THIS COMPOSITION,{},""""""
20231201_48-2023_3_3f50bf47eeb97fe0.pdf,590,25,applicationPublication,1,0,0,4,"[""202317049798 A""]",ANTIBODY COMPOSITIONS AND METHODS OF USE THEREOF,{},""""""
20231208_49-2023_1_62d3f01984c6e64d.pdf,696,25,applicationPublication,1,0,0,3,"[""202311060924 A""]",SYSTEM FOR CONTROLLING A MOBILITY VEHICLE ON AN ESCALATOR AND METHOD THEREOF,{},""""""
20231208_49-2023_2_7c1bbaa38a52d984.pdf,694,25,applicationPublication,1,0,0,4,"[""202317053349 A""]","INFORMATION PROCESSING APPARATUS, INFORMATION PROCESSING METHOD, AND PROGRAM",{},""""""
20231208_49-2023_3_c81a6a34b5d015ee.pdf,490,25,applicationPublication,1,0,0,2,"[""202317063900 A""]",METHOD FOR PRODUCING A SYNTHESIS GAS MIXTURE,{},""""""
20231215_50-2023_1_9efd3b512fcca3f9.pdf,696,25,applicationPublication,1,0,0,5,"[""202311061803 A""]",A SYSTEM AND METHOD FOR ASSESSING THE QUALITY OF INTERMEDIATION IN THE BANKING SECTOR TO PREDICT ECONOMIC GROWTH,{},""""""
20231215_50-2023_2_906fb7594733e9ed.pdf,685,25,applicationPublication,1,0,0,5,"[""202341081724 A""]",AUTOMATIC ROLLER CLAMP,{},""""""
20231215_50-2023_3_08571ee21795ce69.pdf,648,25,applicationPublication,1,0,0,1,"[""202317061101 A""]",STAND FOR SIMULATING HUMAN EXTERNAL RESPIRATION,{},""""""
20231222_51-2023_1_8bb8eb366af4f441.pdf,1506,25,applicationPublication,1,0,0,5,"[""202311067531 A""]",ION PROPULSION SYSTEM,{},""""""
20231222_51-2023_2_85f9c1b392ff2d68.pdf,668,25,applicationPublication,1,0,0,4,"[""202221034376 A""]",METHOD AND SYSTEM FOR TIME SENSITIVE PROCESSING OF TCP SEGMENTS INTO APPLICATION LAYER MESSAGES,{},""""""
20231222_51-2023_3_78dc4029a665e99c.pdf,500,25,frontMatter,0,0,0,0,[],"""""",{},""""""
20231229_52-2023_1_03052d9c769c028d.pdf,696,25,applicationPublication,1,0,0,5,"[""202311078074 A""]",A SYSTEM AND METHOD FOR ARTIFICIAL INTELLIGENCE (AI) DRIVEN FULLY AUTOMATED COMPACT 3D ULTRASOUND COMPUTED TOMOGRAPHY (UCT) SYSTEM,{},""""""
20231229_52-2023_2_2f9762298f591d4d.pdf,698,25,applicationPublication,1,0,0,5,"[""202341039548 A""]",BENTONITE SLURRY AGITATOR WITH FRP STORAGE TANK WITH LIQUID LEVEL INDICATOR,{},""""""
20231229_52-2023_3_4d989fcfc2df3e32.pdf,688,25,applicationPublication,1,0,0,5,"[""202327050939 A""]",METHODS FOR MANUFACTURE OF NEURONAL PRECURSORS,{},""""""
20240105_01-2024_1_f7e48a8316d51764.pdf,696,25,applicationPublication,1,0,0,5,"[""202311075725 A""]",SMART WATER MANAGEMENT SYSTEM FOR HOUSEHOLD CHORES,{},""""""
20240105_01-2024_2_3dab1cd057246da3.pdf,697,25,applicationPublication,1,0,0,5,"[""202341087099 A""]",GRAPHENEOXIDE-CHITOSAN BASED SCAFFOLDS AS A POTENTIAL DRUG DELIVERY CARRIER,{},""""""
20240105_01-2024_3_347ec432311f7bed.pdf,377,25,applicationPublication,1,0,0,2,"[""202347082329 A""]",(METH)ACRYLATE BASED REACTIVE DILUENT COMPOSITIONS FOR UNSATURATED POLYESTER RESINS,{},""""""
20240112_02-2024_1_45430b96d6c95ff1.pdf,698,25,applicationPublication,1,0,0,2,"[""202311053740 A""]",A GREEN PROCESS FOR SYNTHESIS OF ALDEHYDES,{},""""""
20240112_02-2024_2_70f5e175d2e48de4.pdf,706,25,applicationPublication,1,0,0,5,"[""202341084920 A""]",SYSTEM AND METHOD FOR REMOTE PRINTING OF DOCUMENTS,{},""""""
20240112_02-2024_3_d3b37b2e10ba0462.pdf,686,25,applicationPublication,1,0,0,4,"[""202211015181 A""]",SOIL ORGANIC MATTER ANALYZING DEVICE,{},""""""
20240119_03-2024_1_21d8952f4ff915a9.pdf,659,25,applicationPublication,1,0,0,5,"[""202311085692 A""]",PORTABLE MEDICINE BOX,{},""""""
20240119_03-2024_2_f784cfe7f522bc90.pdf,689,25,applicationPublication,1,0,0,4,"[""202211040287 A""]",INTELLIGENT ARTIFICIAL LIGHTING SYSTEM FOR PLANTS,{},""""""
20240119_03-2024_3_0e097e924a200b5e.pdf,721,25,applicationPublication,1,0,0,2,"[""202218044406 A""]",DRIVE DEVICE FOR AN AIRCRAFT,{},""""""
20240126_04-2024_1_50a5be7637c2eafc.pdf,650,25,applicationPublication,1,0,0,5,"[""202221035421 A""]",SYSTEM AND METHOD FOR ANALYSIS OF ASPHALTENE OR OTHER SCALE-FORMING DEPOSITION IN PIPELINES,{},""""""
20240126_04-2024_2_752ddd026d9412b8.pdf,642,25,applicationPublication,1,0,0,4,"[""202211041998 A""]",SYSTEM AND METHOD FOR PROVIDING SAFE AND SEAMLESS TRAVEL IN TRANSPORT VEHICLES,{},""""""
20240126_04-2024_3_0c2cae5d7d519183.pdf,393,25,applicationPublication,1,0,0,5,"[""202241041719 A""]",DETECTION OF MICRO CRACKS IN SOLAR PANEL,{},""""""
20240202_05-2024_1_0adcbff81e3cb3b6.pdf,689,25,applicationPublication,1,0,0,5,"[""202311041395 A""]",VISION BASED VIBRATION SUPPRESSION OF FLEXIBLE OBJECTS BY ROBOT WRIST MOTION FOR ASSEMBLY,{},""""""
20240202_05-2024_2_ab3ee1a1e4838d7a.pdf,663,25,applicationPublication,1,0,0,5,"[""202441002398 A""]",A HYBRID DEEP GENERATIVE ARCHITECTURE FOR ACCURATE PREDICTION OF LUNG TUMOR MOTION AND POSITIONING FOR RADIOTHERAPY TREATMENT PLANNING AND DELIVERY,{},""""""
20240202_05-2024_3_482c84f8968f99bd.pdf,676,25,applicationPublication,1,0,0,4,"[""202211019279 A""]","DISCOVERY OF AS INHIBITORS OF 9-(((E)-4-((2S,3R,4R,5S)-3,4-DIHYDROXY-5-(((2S,3S)-3- ((2S,3S)-3-HYDROXYBUTAN-2-YL)OXIRAN-2-YL)METHYL)TETRAHYDRO-2H-PYRAN-2-YL)-3-METHYLBUT-2- ENOYL)OXY)NONANOIC ACID P53-MDM2 AS POTENTIAL ANTICANCER AGENTS",{},""""""
20240209_06-2024_1_b6fa048352254593.pdf,697,25,applicationPublication,1,0,0,5,"[""202311036860 A""]",NOVEL SYNTHETIC SELECTIVE BIOLOCATORS AND IDENTIFIERS FOR MULTI COPY NRDB GENE,{},""""""
20240209_06-2024_2_6717d386175205e3.pdf,657,25,applicationPublication,1,0,0,5,"[""202441003625 A""]","A SYSTEM FACILITATING USER ASSISTANCE USING SMART DIAPERS, AND METHOD THEREOF",{},""""""
20240209_06-2024_3_a42be19415506dc6.pdf,698,25,applicationPublication,1,0,0,5,"[""202214051883 A""]",OPTIMIZED DISTRIBUTED PRIVATE MATRIX MULTIPLICATION,{},""""""
20240216_07-2024_1_da19f5fefaf6dc5b.pdf,704,25,applicationPublication,1,0,0,5,"[""202311025720 A""]",PROLONG CYCLING STABILITY OF HARD CARBON-BASED ANODE DERIVED FROM ALMOND SHELL (PRUNUS DULCIS) BIOWASTE FOR SODIUM-ION BATTERIES,{},""""""
20240216_07-2024_2_dce9378fa05b9fa1.pdf,689,25,applicationPublication,1,0,0,5,"[""202214061214 A""]",DYNAMIC INTELLIGENT LOG ANALYSIS TOOL,{},""""""
20240216_07-2024_3_a42a26ef3dd2b668.pdf,698,25,applicationPublication,1,0,0,4,"[""202218054257 A""]",SYNTHESIS OF SUBSTANTIALLY DIASTEREOMERICALLY PURE PHOSPHATE PROTIDES,{},""""""
20240223_08-2024_1_80ebb00d93f4a83a.pdf,694,25,applicationPublication,1,0,0,7,"[""202311066591 A""]",ENHANCING ENERGY STORAGE AND PHOTO-CATALYTIC APPLICATIONS THROUGH RGO- ASSISTED MOF-DERIVED SNFS,{},""""""
20240223_08-2024_2_31aa82a8d2355e47.pdf,699,25,applicationPublication,1,0,0,5,"[""202341039134 A""]",A DEVICE FOR DETECTION AND PROGNOSIS OF PATHOLOGICAL GAIT,{},""""""
20240223_08-2024_3_f16641924e0c15b0.pdf,639,25,applicationPublication,1,0,0,3,"[""202417008851 A""]",A HEAT-CURABLE-REACTION-RESIN MIXTURE,{},""""""
20240301_09-2024_1_f58cd58d8ba8619f.pdf,698,25,applicationPublication,1,0,0,5,"[""202411011713 A""]",BAMBOO-INFUSED PAVEMENT QUALITY CONCRETE,{},""""""
20240301_09-2024_2_500e4f6929b6f7b3.pdf,689,25,applicationPublication,1,0,0,1,"[""202317042526 A""]",METHOD AND SYSTEM FOR INTELLIGENT MANAGEMENT AND CONTROL OF USE OF SCREEN TERMINAL BY CHILD,{},""""""
20240301_09-2024_3_8c98966c03f4cc3b.pdf,500,25,applicationPublication,1,0,0,2,"[""202237061924 A""]",TEST STRIP FOR THE DETECTION OF NEUTRAL ANALYTES IN A SAMPLE,{},""""""
20240308_10-2024_1_bd246e0d6974c5fc.pdf,602,25,applicationPublication,1,0,0,5,"[""202312067169 A""]","A PROCESS FOR PREPARATION OF TETRAHYDROPYRROLO[4,3,2-DE]QUINOLINE DERIVATIVES VIA DEAROMATIVE DOMINO RING-OPENING CYCLIZATION",{},""""""
20240308_10-2024_2_f8be7cd1ca2bb696.pdf,595,25,applicationPublication,1,0,0,5,"[""202441009920 A""]",BRAIN TUMOR DETECTION USING DEEP CONVOLUTIONAL NEURAL NETWORK,{},""""""
20240308_10-2024_3_d9947f806bbf9d8f.pdf,468,25,applicationPublication,1,0,0,5,"[""202431011220 A""]",Hii-Tech Security Lock with Key Detection.,{},""""""
20240315_11-2024_1_62f65b301b86cc59.pdf,699,25,applicationPublication,1,0,0,5,"[""202321036163 A""]",SMART IRRIGATION SYSTEM WITH MOISTURE AND WEATHER PREDICTION OF SOIL USING INTERNETOF THINGS,{},""""""
20240315_11-2024_2_81e98e60f01c39fd.pdf,692,25,applicationPublication,1,0,0,5,"[""202417007140 A""]",PROCESSES FOR SUPPRESSING EMISSION OF MERCURY VAPOR,{},""""""
20240315_11-2024_3_86152d1d23291a0a.pdf,691,25,applicationPublication,1,0,0,4,"[""202241051531 A""]",SYSTEM AND METHOD FOR FACILITATING MULTI-FACTOR FACE AUTHENTICATION OF USER,{},""""""
20240322_12-2024_1_0ddf2d6ac073de6b.pdf,699,25,applicationPublication,1,0,0,6,"[""202321014956 A""]","""A LIPID-POLYMER NANOPARTICULATE COMPOSITION FOR TREATMENT AND/OR MANAGEMENT OF PSORIASIS""",{},""""""
20240322_12-2024_2_f68854299cef9c2d.pdf,698,25,applicationPublication,1,0,0,5,"[""202417008301 A""]",INTEGRATED HYDROGEN PRODUCTION METHOD AND SYSTEM,{},""""""
20240322_12-2024_3_84bcdc5961278757.pdf,542,25,applicationPublication,1,0,0,4,"[""202447017777 A""]","METHODS, SYSTEMS, AND COMPUTER READABLE MEDIA FOR RESTRICTING A NUMBER OF HOPS CONDUCTED IN A COMMUNICATIONS NETWORK",{},""""""
20240329_13-2024_1_138da0c06973658f.pdf,697,25,applicationPublication,1,0,0,3,"[""202321082995 A""]",A NOVEL DEVICE INTEGRATION METHOD FOR DENTAL SAFETY.,{},""""""
20240329_13-2024_2_f2750d91e276505c.pdf,670,25,applicationPublication,1,0,0,5,"[""202431019377 A""]",INNOVATIVE STRATEGIES FOR THE REDUCTION OF WEAR AND FATIGUE IN MECHANICAL COMPONENTS EXTENDING LIFESPAN AND DURABILITY,{},""""""
20240329_13-2024_3_3fed25725c5806e2.pdf,173,25,applicationPublication,1,0,0,1,"[""202437018992 A""]",WIRELESS COMMUNICATION METHOD AND COMMUNICATION APPARATUS,{},""""""
20240405_14-2024_1_d14cd771421640f6.pdf,667,25,applicationPublication,1,0,0,6,"[""202411016014 A""]",BIO-COMPOSITE MATERIAL COMPOSED USING COCONUT COIR WITH REINFORCEMENT OF EPOXY RESIN MATERIALS,{},""""""
20240405_14-2024_2_003ce36c19eab0d0.pdf,703,25,applicationPublication,1,0,0,3,"[""202314002165 A""]",AIRBORNE CONTAMINANT DETECTION AND LOCALIZATION IN DUCTING SYSTEMS,{},""""""
20240405_14-2024_3_fdea474e4750f77c.pdf,134,25,frontMatter,0,0,0,0,[],"""""",{},""""""
20240412_15-2024_1_a60c103b00da374d.pdf,691,25,applicationPublication,1,0,0,5,"[""202411017554 A""]",AN IOT MEDTECH: ADVANCING HEALTHCARE THROUGH INTELLIGENT CONNECTIVITY,{},""""""
20240412_15-2024_2_ab752e88995c9bd1.pdf,614,25,applicationPublication,1,0,0,5,"[""202317003259 A""]",ATTACHMENT DEVICE FOR CLAMPING TO A STRUCTURAL COMPONENT,{},""""""
20240412_15-2024_3_71032e4d03f02136.pdf,111,25,frontMatter,0,0,0,0,[],"""""",{},""""""
20240419_16-2024_1_eeb99bdf4a91448c.pdf,661,25,applicationPublication,1,0,0,3,"[""202411017181 A""]","SYSTEM & METHOD FOR BUILDING SMART URBAN SOLUTIONS USING IOT, AI, ML AND CLOUD-BASED TECHNOLOGY",{},""""""
20240419_16-2024_2_3cc2be4c15edf7cf.pdf,692,25,applicationPublication,1,0,0,5,"[""202211059466 A""]",MANAGEMENT SYSTEM FOR IMAGE PROCESSING,{},""""""
20240419_16-2024_3_ddb965f447bbbcf3.pdf,516,25,applicationPublication,1,0,0,2,"[""202428017853 A""]",ENHANCED ONLINE PRIVACY,{},""""""
20240426_17-2024_1_4e71b6a48cd5f75e.pdf,607,25,applicationPublication,1,0,0,8,"[""202311089196 A""]",A METHOD FOR SYNTHESIZING AMINE FUNCTIONALIZED POLYMER MEMBRANE FOR ELECTROCHEMICAL REDUCTION OF CO2 TO HYDROCARBONS,{},""""""
20240426_17-2024_2_4aa97628a4e4fff6.pdf,694,25,applicationPublication,1,0,0,5,"[""202211060663 A""]",A PROCESS FOR SYNTHESIS OF POROUS CRYSTALLINE COVALENT ORGANIC FRAMEWORK FOR CH4 STORAGE,{},""""""
20240426_17-2024_3_5a8d2498797e297a.pdf,201,25,applicationPublication,1,0,0,4,"[""202334070563 A""]",METHOD AND COLLOIDAL MIXER FOR COLLOIDAL PROCESSING OF A SLURRY,{},""""""
20240503_18-2024_1_57c959477fcb05c4.pdf,444,25,corrigendum,0,0,0,0,[],"""""",{},""""""
20240503_18-2024_2_aec1317a8d81eb5d.pdf,327,25,applicationPublication,1,0,0,4,"[""202421023929 A""]",NOVEL SYSTEM AND PROCESS OF ELECTRIC VEHICLE CHARGER TEST BENCH WITH SCALABLE ARCHITECTURE,{},""""""
20240503_18-2024_3_ed19488153e2e6a1.pdf,544,25,applicationPublication,1,0,0,5,"[""202441032841 A""]",FEASIBILITY STUDY ON FERROCK CONCRETE WITH PARTIAL REPLACEMENT OF CEMENT,{},""""""
20240510_19-2024_1_37fc26e0ee7a53c9.pdf,694,25,applicationPublication,1,0,0,5,"[""202311065156 A""]",SYSTEM AND METHOD FOR ENSURING SAFETY OF INDIVIDUAL USERS IN VIRTUAL IMMERSIVE ENVIRONMENTS,{},""""""
20240510_19-2024_2_5f171b2fed839bee.pdf,688,25,applicationPublication,1,0,0,4,"[""202421030246 A""]",FLEXIBLE PAVEMENT DESIGN BY USING BLAST FURNACE SLAG,{},""""""
20240510_19-2024_3_daab016aa86def69.pdf,474,25,applicationPublication,1,0,0,4,"[""202223063265 A""]",A TEMPERATURE CONTROLLED PHOTOCATALYTIC REACTOR,{},""""""
20240517_20-2024_1_d1115ae0ac37f4eb.pdf,553,25,applicationPublication,1,0,0,5,"[""202311032139 A""]",RADIAL-RIBLESS ROTOR FOR SYNCHRONOUSRELUCTANCE MACHINE,{},""""""
20240517_20-2024_2_72e95f56edd94a08.pdf,494,25,applicationPublication,1,0,0,5,"[""202441036487 A""]",A PHARMACEUTICAL COMPOSITION AND A METHOD OF PREPARATION THEREOF,{},""""""
20240517_20-2024_3_fe0f2c852f022cb2.pdf,447,25,applicationPublication,1,0,0,4,"[""202241064588 A""]","""FEDERATED LEARNING AND MANAGEMENT OF GLOBAL AI MODEL IN WIRELESS COMMUNICATION SYSTEM""",{},""""""
20240524_21-2024_1_2d02d663dafc799a.pdf,571,25,applicationPublication,1,0,0,5,"[""202321006273 A""]",A SOLAR TRACKER SYSTEM,{},""""""
20240524_21-2024_2_b769cfd632987e4c.pdf,384,25,applicationPublication,1,0,0,8,"[""202324078358 A""]",BUS BAR ASSEMBLY AND CURRENT MEASURING DEVICE,{},""""""
20240531_22-2024_1_ba9c40e55b681a99.pdf,550,25,applicationPublication,1,0,0,5,"[""202411029928 A""]",LIGHTWEIGHT AGGREGATE CONCRETE,{},""""""
20240531_22-2024_2_0da72895caea0a95.pdf,622,25,applicationPublication,1,0,0,5,"[""202441039491 A""]",DESIGN AND METHOD OF DEVELOPING STARCH-BASED BIOPLASTICS WITH NANOFILLERS FOR SUSTAINABLE FOOD PACKAGING,{},""""""
20240531_22-2024_3_cd6099accd30e314.pdf,529,25,applicationPublication,1,0,0,5,"[""202221069049 A""]",A SYSTEM AND METHOD TO MANUFACTURE WETTED NITRO GUANIDINE,{},""""""
20240607_23-2024_1_cb076a4f884b31ec.pdf,643,25,applicationPublication,1,0,0,8,"[""202411014592 A""]","CHARGING, PROPULSION AND REGENERATIVE SYSTEM FOR LIGHT-PLUG ELECTRIC VEHICLES (LPEV) AND METHOD OF WORKING THEREOF",{},""""""
20240607_23-2024_2_017073795b08aaf2.pdf,565,25,applicationPublication,1,0,0,8,"[""202431042244 A""]",A NOVEL PHARMACEUTICAL FORMULATION FOR TREATMENT OF DIABETES AND PROCESS THERE OF,{},""""""
20240607_23-2024_3_73331ea963ab5355.pdf,126,25,frontMatter,0,0,0,0,[],"""""",{},""""""
20240614_24-2024_1_5a9c6ddbe66b40f5.pdf,826,25,applicationPublication,1,0,0,4,"[""202411015205 A""]",AERIAL GRASPING SYSTEM FOR PRECISION AGRICULTURE,{},""""""
20240614_24-2024_2_db1da40a24fde42c.pdf,642,25,applicationPublication,1,0,0,5,"[""202211070931 A""]",A DRIVE ARRANGEMENT FOR THE TWO-WHEELED VEHICLE,{},""""""
20240614_24-2024_3_687e0182991d3604.pdf,99,25,frontMatter,0,0,0,0,[],"""""",{},""""""
20240621_25-2024_1_539702aa5a49927e.pdf,802,25,applicationPublication,1,0,0,5,"[""202411021861 A""]",IMMUNO-MODULATING HYDROGEL AND METHOD OF SYNTHESIZING THE SAID FORMULATION,{},""""""
20240621_25-2024_2_f3c81e482c357dc2.pdf,797,25,applicationPublication,1,0,0,5,"[""202211073244 A""]",A METHOD AND KIT FOR DIFFERENTIAL DIAGNOSIS OF BOVINE TUBERCULOSIS,{},""""""
20240621_25-2024_3_48e5e6905f00ad18.pdf,123,25,frontMatter,0,0,0,0,[],"""""",{},""""""
20240628_26-2024_1_a0a1ec5311206d1d.pdf,456,25,applicationPublication,1,0,0,5,"[""202411043179 A""]",AN ADVANCED HAPTIC FEEDBACK BASED HELMET,{},""""""
20240628_26-2024_2_ce315b7726af7a7f.pdf,585,25,applicationPublication,1,0,0,5,"[""202211074839 A""]","""PROCESS FOR PREPARATION OF ESTERS""",{},""""""
20240628_26-2024_3_de1f59ba6bfbbe6a.pdf,119,25,frontMatter,0,0,0,0,[],"""""",{},""""""
20240705_27-2024_1_861a3f16577172ab.pdf,1021,25,applicationPublication,1,0,0,4,"[""202411025552 A""]",WASTEWATER AND SEWAGE TREATMENT SYSTEM AND METHOD THEREOF,{},""""""
20240705_27-2024_2_27e493cf2cdb2e59.pdf,943,25,applicationPublication,1,0,0,4,"[""202211076892 A""]",A MACHINING DEVICE FOR TURNING AND BORING OF AN ELECTRICALLY CONDUCTING WORKPIECE USING ELECTROCHEMICAL MACHINING,{},""""""
20240705_27-2024_3_2cc9251b36498dbc.pdf,129,25,frontMatter,0,0,0,0,[],"""""",{},""""""
20240712_28-2024_1_a353f2407b282a64.pdf,790,25,applicationPublication,1,0,0,5,"[""202411034469 A""]",PEROXIDE TESTING (PET) KIT FOR ADULTERANT DETECTION AND METHOD THEREOF,{},""""""
20240712_28-2024_2_a105ec19bbf5d46f.pdf,1103,25,applicationPublication,1,0,0,3,"[""202311000855 A""]",PORTABLE BOOKS STORAGE DEVICE,{},""""""
20240712_28-2024_3_42cbccbd5ff06c26.pdf,92,25,frontMatter,0,0,0,0,[],"""""",{},""""""
20240719_29-2024_1_ac6a2e1ff722e136.pdf,470,25,applicationPublication,1,0,0,5,"[""202411051510 A""]",AUTONOMOUS SAFETY SYSTEMS AND METHODS THEREOF,{},""""""
20240719_29-2024_2_33fcadd4a0825031.pdf,811,25,applicationPublication,1,0,0,1,"[""202311003261 A""]",A PROCESS FOR THE PREPARATION OF HIGHLY SELECTIVE DIHYDROPYRAN COMPOUNDS,{},""""""
20240719_29-2024_3_d847762b84d713b0.pdf,61,25,frontMatter,0,0,0,0,[],"""""",{},""""""
20240726_30-2024_1_3e460f7253232fe2.pdf,879,25,applicationPublication,1,0,0,7,"[""202411032759 A""]",ARTIFICIAL INTELLIGENCE BASED DIGITAL ASSISTIVE SYSTEM AND METHOD FOR MANAGING NETWORK MANAGEMENT SYSTEM OPERATIONS,{},""""""
20240726_30-2024_2_aa24679168ce414e.pdf,1589,25,applicationPublication,1,0,0,3,"[""202311004239 A""]",GLOVER - THE GLOWING PAVER,{},""""""
20240726_30-2024_3_816ea09d9e20dcb5.pdf,1010,25,applicationPublication,1,0,0,5,"[""202321005199 A""]",A SOLAR SYSTEM WITH INTEGRATED DUAL-AXIS TRACKING,{},""""""
20240802_31-2024_1_f2a5edc763b5c6e6.pdf,835,25,applicationPublication,1,0,0,5,"[""202411054030 A""]",ROLE OF SOCIAL LEARNING IN UNDERSTANDING ENVIRONMENTALLY SUSTAINABLE CONSUMPTION BEHAVIOR,{},""""""
20240802_31-2024_2_044913e01f405f99.pdf,817,25,applicationPublication,1,0,0,4,"[""202311005378 A""]",DAIRY PRODUCT SEGREGATION DEVICE,{},""""""
20240802_31-2024_3_b1a80e1e75623e39.pdf,800,25,applicationPublication,1,0,0,3,"[""202321005259 A""]",MAGNETIZATION OF SEEDS- EQUIPMENT & METHOD AND DEMAGNETIZER,{},""""""
20240809_32-2024_1_2de677699dd6d3c5.pdf,712,25,applicationPublication,1,0,0,5,"[""202411012632 A""]",AI-BASED IMAGE PROCESSING FOR PRECISION AGRICULTURE,{},""""""
20240809_32-2024_2_62967669d72c3b2d.pdf,984,25,applicationPublication,1,0,0,5,"[""202311007463 A""]",A GROOMING APPARATUS FOR HAIR TRIMMING,{},""""""
20240809_32-2024_3_e4ea0dae674b3848.pdf,67,25,frontMatter,0,0,0,0,[],"""""",{},""""""
20240816_33-2024_1_73a78f1785daaf3b.pdf,571,25,applicationPublication,1,0,0,5,"[""202411022717 A""]",RAINFALL PREDICTION USING LSTM FOR INDUSTRIES,{},""""""
20240816_33-2024_2_0f84c5295bc95808.pdf,957,25,applicationPublication,1,0,0,4,"[""202311008705 A""]",CARGO AREA OF VEHICLES,{},""""""
20240816_33-2024_3_825d9833033904ef.pdf,95,25,frontMatter,0,0,0,0,[],"""""",{},""""""
20240823_34-2024_1_ca045ae8cc3a3698.pdf,625,25,applicationPublication,1,0,0,4,"[""202411058914 A""]",HYBRID ISLANDING DETECTION METHOD COMBINING RATE OF CHANGE OF PHASE ANGLE DIFFERENCE AND INTERMITTENT BILATERAL REACTIVE POWER VARIATION FOR HYBRID AC/DC MICROGRID,{},""""""
20240823_34-2024_2_0d673252e51e0170.pdf,1395,25,applicationPublication,1,0,0,6,"[""202311010631 A""]",MULTI-PURPOSE STORAGE DEVICE FOR FOUR-WHEELER,{},""""""
20240823_34-2024_3_4127734c19b5ba4f.pdf,107,25,frontMatter,0,0,0,0,[],"""""",{},""""""
20240830_35-2024_1_083ee043f5cf9e73.pdf,1093,25,applicationPublication,1,0,0,6,"[""202411027141 A""]",NANOPARTICLES DERIVED FROM SARACA ASOCA AS HIGHLY EFFICIENT NANO-SORBENTS FOR ENVIRONMENTAL POLLUTANTS,{},""""""
20240830_35-2024_2_07289d08c2842428.pdf,1019,25,applicationPublication,1,0,0,8,"[""202311012284 A""]",UTENSILS DISTRIBUTION DEVICE FOR OCCASIONAL EVENTS,{},""""""
20240830_35-2024_3_27af2eab7cbf1853.pdf,140,25,weeklyFer,0,0,0,0,[],"""""",{},""""""
20240906_36-2024_1_b36ac92e1addb8d7.pdf,459,25,applicationPublication,1,0,0,3,"[""202321069278 A""]",A KIT FOR RAPID DETECTION OF BREAKPOINTS AND MINIMUM INHIBITORY CONCENTRATION OF ANTIBIOTICS AGAINST BACTERIAL PATHOGENS,{},""""""
20240906_36-2024_2_891d184a0506fa00.pdf,1833,25,applicationPublication,1,0,0,5,"[""202311014045 A""]",EMERGENCY BRAKING SYSTEM FOR ELEVATORS,{},""""""
20240906_36-2024_3_e12ef05008cd3023.pdf,122,25,frontMatter,0,0,0,0,[],"""""",{},""""""
20240913_37-2024_1_fb9ad1f42856b355.pdf,802,25,applicationPublication,1,0,0,6,"[""202411043287 A""]",PHAGE ENDOLYSIN ENCAPSULATED ANTIMICROBIAL FORMULATION TO AMELIORATE BIOFILMS,{},""""""
20240913_37-2024_2_7cb8ad9f50a8111f.pdf,1487,25,applicationPublication,1,0,0,5,"[""202311015153 A""]",PENGUIN WADDLE RACE TRAINING SYSTEM,{},""""""
20240913_37-2024_3_7a0e11cf7b42ba1f.pdf,79,25,frontMatter,0,0,0,0,[],"""""",{},""""""
20240920_38-2024_1_d4d30b82d71a9139.pdf,716,25,applicationPublication,1,0,0,2,"[""202411057647 A""]",A SHAPER MACHINE WITH DUAL TOOL CLAPPER BOX,{},""""""
20240920_38-2024_2_13d41d855c6d70a7.pdf,1769,25,applicationPublication,1,0,0,5,"[""202311016985 A""]",PORTABLE ELECTRICITY GENERATION DEVICE,{},""""""
20240920_38-2024_3_ad531b70e5c41503.pdf,81,25,frontMatter,0,0,0,0,[],"""""",{},""""""
20240927_39-2024_1_cbd8bc0b04b882c9.pdf,324,25,applicationPublication,1,0,0,6,"[""202311056323 A""]",A NOVEL AND SYNERGISTIC PESTICIDAL COMPOSITION AND METHOD OF PREPARATION THEREOF,{},""""""
20240927_39-2024_2_0d4924feb464e32f.pdf,2510,25,applicationPublication,1,0,0,5,"[""202311018744 A""]",WHISK CLEANING DEVICE,{},""""""
20240927_39-2024_3_22cd987d50122676.pdf,97,25,frontMatter,0,0,0,0,[],"""""",{},""""""
20241004_40-2024_1_b2ab717b16c1dcc9.pdf,1269,25,applicationPublication,1,0,0,5,"[""202411042565 A""]",SYSTEM AND METHOD FOR ANOMALY MANAGEMENT IN A DATABASE,{},""""""
20241004_40-2024_2_6c397c4f09ef6d8b.pdf,2625,25,applicationPublication,1,0,0,3,"[""202311021929 A""]",AUTOMATED CERVICAL TRACTION THERAPY DEVICE,{},""""""
20241004_40-2024_3_3da8b69ed96d5c59.pdf,112,25,frontMatter,0,0,0,0,[],"""""",{},""""""
20241011_41-2024_1_5b6dcae9a8773596.pdf,640,25,applicationPublication,1,0,0,5,"[""202411015723 A""]",DISTRIBUTED POLLING SYSTEM,{},""""""
20241011_41-2024_2_6baf2c66be7c4e58.pdf,1031,25,applicationPublication,1,0,0,5,"[""202311025886 A""]",APPARATUSES AND METHODS FOR FACILITATING MANAGEMENT AND USE OF RESOURCES IN RELATION TO RESTORATION PATHS OF NETWORKS AND SYSTEMS,{},""""""
20241011_41-2024_3_031e2854f06826c3.pdf,57,25,grantList,0,0,0,0,[],"""""",{},""""""
20241018_42-2024_1_b23e1499f5226b30.pdf,1040,25,applicationPublication,1,0,0,5,"[""202411049147 A""]",A COMPOSITE FORMULATION FOR PREPARING SNACKS AND METHOD THEREOF,{},""""""
20241018_42-2024_2_c5c65a5dd8e6e302.pdf,904,25,applicationPublication,1,0,0,5,"[""202311027594 A""]",METHOD FOR SEPARATING AND ANALYSING COMPONENTS OF A FLAME-RETARDANT FABRIC,{},""""""
20241018_42-2024_3_0c761efe509b7661.pdf,61,25,frontMatter,0,0,0,0,[],"""""",{},""""""
20241025_43-2024_1_28f3f8c1e47c31a8.pdf,1375,25,applicationPublication,1,0,0,5,"[""202411062579 A""]",DESIGN AND DEVELOPMENT OF AUTOMATIC ACCIDENT PRONE VEHICLE,{},""""""
20241025_43-2024_2_e5a5edb1b27147e9.pdf,1471,25,applicationPublication,1,0,0,5,"[""202311029111 A""]",METHOD AND SYSTEM FOR A HEALTH AUDIT ON A CURRENT WORKING ROUTE IN LAYER ZERO CONTROL PLANE NETWORKS,{},""""""
20241025_43-2024_3_bb5c4947f2dbfa20.pdf,92,25,frontMatter,0,0,0,0,[],"""""",{},""""""
20241101_44-2024_1_3a6607e0b383e10c.pdf,907,25,applicationPublication,1,0,0,5,"[""202311071587 A""]",A STABLE INSECTICIDAL COMPOSITION AND PREPARATION PROCESS THEREOF,{},""""""
20241101_44-2024_2_c535a238e9fc1697.pdf,1226,25,applicationPublication,1,0,0,5,"[""202311030876 A""]","BIALLELIC MUTATED OSCKX2 GENE FOR IMPROVED GRAIN YIELD, AND A METHOD FOR GENERATING THE SAME",{},""""""
20241101_44-2024_3_ddcb0ee42a49f0f6.pdf,118,25,frontMatter,0,0,0,0,[],"""""",{},""""""
20241108_45-2024_1_7649c32f381e2252.pdf,1042,25,applicationPublication,1,0,0,5,"[""202311073722 A""]",SYSTEM FOR CHARGING AUTHORIZATION IN ELECTRIC VEHICLES,{},""""""
20241108_45-2024_2_340d33376aa4e385.pdf,1092,25,applicationPublication,1,0,0,6,"[""202311031850 A""]",A METHOD FOR CHARGING CONTROL OF NORMAL INVERTERS AND SOLAR INTEGRATION OF LITHIUM BATTERY,{},""""""
20241108_45-2024_3_d9f4db60cde8ff49.pdf,67,25,frontMatter,0,0,0,0,[],"""""",{},""""""
20241115_46-2024_1_30cca1d07d69c21b.pdf,1428,25,applicationPublication,1,0,0,3,"[""202411081557 A""]",AN ACTIVE GATE DRIVING SYSTEM AND METHOD FOR THE VOLTAGE BALANCING OF SERIES CONNECTED GAN DEVICES FOR HIGHER VOLTAGE APPLICATION,{},""""""
20241115_46-2024_2_7fbe86baf2c9beb2.pdf,736,25,applicationPublication,1,0,0,5,"[""202311033003 A""]",LOW SOURCE CURRENT RIPPLE BI-POLAR BUCK-BOOST DC-DC CONVERTER,{},""""""
20241115_46-2024_3_e8b732d9aac58cdd.pdf,50,25,frontMatter,0,0,0,0,[],"""""",{},""""""
20241122_47-2024_1_c89e692d231d97b6.pdf,1376,25,applicationPublication,1,0,0,2,"[""202411067590 A""]","A TERRACOTTA PIPE, A SYSTEM AND A METHOD FOR COOLING ATMOSPHERIC AIR",{},""""""
20241122_47-2024_2_b581bc55f4b46689.pdf,908,25,applicationPublication,1,0,0,5,"[""202311034988 A""]",AN ASSEMBLY FOR FLYWHEEL EMERGENCY POWER BACKUP FOR ELECTRIC VEHICLES,{},""""""
20241122_47-2024_3_4a9143ba52d45a0e.pdf,67,25,frontMatter,0,0,0,0,[],"""""",{},""""""
20241129_48-2024_1_9437abc23b248b9f.pdf,1530,25,applicationPublication,1,0,0,3,"[""202411080263 A""]",A RENEWABLE PORTABLE COMMERCE PIVOT SYSTEM,{},""""""
20241129_48-2024_2_d3d094d0405ca131.pdf,1492,25,applicationPublication,1,0,0,3,"[""202311036618 A""]",A METHOD FOR SYNTHESIZING AND CHARACTERIZATION OF ZINC OXIDE NANOPARTICLES THROUGH TRICHODERMA SP.,{},""""""
20241129_48-2024_3_8a9b941fb1c43a91.pdf,88,25,frontMatter,0,0,0,0,[],"""""",{},""""""
20241206_49-2024_1_89ed9641afcefe1e.pdf,1151,25,applicationPublication,1,0,0,5,"[""202411090424 A""]",METHOD FOR OPTIMIZING OFF-SEASON FLOWER PRODUCTION IN CHRYSANTHEMUM (DENDRANTHEMA X GRANDIFLORA TZHELEV) CULTIVARS UNDER LOW HILL CLIMATIC CONDITIONS,{},""""""
20241206_49-2024_2_cb689ebd1207bc15.pdf,1509,25,applicationPublication,1,0,0,5,"[""202311037219 A""]",PROGRAMMABLE PATH COMPUTATION ENGINE,{},""""""
20241206_49-2024_3_12539102337e7964.pdf,113,25,frontMatter,0,0,0,0,[],"""""",{},""""""
20241213_50-2024_1_5a8bbac11244452e.pdf,1435,25,applicationPublication,1,0,0,2,"[""202311080270 A""]",SOLAR POWERED OIL-HEAT EXCHANGER,{},""""""
20241213_50-2024_2_c2b422c13444b7a8.pdf,1080,25,applicationPublication,1,0,0,5,"[""202311039617 A""]",A SANITARY HOMOGENIZER WITH CLEANABLE AND DRAINABLECOMPONENTS,{},""""""
20241213_50-2024_3_d89bbc8c3add0013.pdf,69,25,frontMatter,0,0,0,0,[],"""""",{},""""""
20241220_51-2024_1_6a25dbb68a9bf8b7.pdf,756,25,applicationPublication,1,0,0,6,"[""202411094458 A""]",A POST-SURGERY DIGESTIVE HEALTH TRACKER DEVICE,{},""""""
20241220_51-2024_2_bd17d01d54320515.pdf,2800,25,applicationPublication,1,0,0,3,"[""202311040652 A""]",IMPROVED SPOOL FOR A SPOOL VALVE,{},""""""
20241220_51-2024_3_77697d7cd6c845d8.pdf,2800,25,applicationPublication,1,0,0,5,"[""202417055144 A""]","NON-ORIENTED ELECTRICAL STEEL SHEET, METHOD FOR MANUFACTURING SAME, AND MOTOR CORE COMPRISING SAME",{},""""""
20241227_52-2024_1_07e052f5bb2cb068.pdf,718,25,applicationPublication,1,0,0,5,"[""202411067995 A""]",A 16-PORT MULTIPLE-INPUT-MULTIPLE-OUTPUT (MIMO) ANTENNA FOR SUB-6 GHZ COMMUNICATION SYSTEMS AND METHOD THEREOF,{},""""""
20241227_52-2024_2_db430200a5baab73.pdf,426,25,applicationPublication,1,0,0,6,"[""202311042898 A""]",A GREEN PROCESS FOR THE RECYCLING OF PHARMACEUTICAL BLISTER PACKAGING VIA METAL/ POLYMER DELAMINATION,{},""""""
20241227_52-2024_3_f7e221d85a9b956d.pdf,63,25,frontMatter,0,0,0,0,[],"""""",{},""""""
20250103_1-2025_1_c345313d537c2695.pdf,782,25,applicationPublication,1,0,0,5,"[""202411071266 A""]",A SMART SHOE WITH REAL TIME TRACKING FOR A USER AND METHOD THEREOF,{},""""""
20250103_1-2025_2_0be3d7885cc1d8bc.pdf,1025,25,applicationPublication,1,0,0,3,"[""202421051596 A""]",AI-ENABLED SIGN LANGUAGE TRANSLATION MODEL.,{},""""""
20250103_1-2025_3_c404ea2c5080df26.pdf,1072,25,applicationPublication,1,0,0,4,"[""202311043624 A""]",BELLOW MEMBER OF VEHICLE,{},""""""
20250110_02-2025_1_d4189946ac5cb860.pdf,1335,25,applicationPublication,1,0,0,4,"[""202411099624 A""]",OPTIMIZED ORGANIC ELECTRONIC DEVICE WITH ALUMINIUM-SILVER ELECTRODE,{},""""""
20250110_02-2025_2_d971424d9d0a65c7.pdf,2064,25,applicationPublication,1,0,0,5,"[""202311045627 A""]",A SYSTEM PROVIDED FOR ENERGIZING SMART CITIES FOR CLIMATE CHANGE ADAPTION AND METHOD THEREOF,{},""""""
20250110_02-2025_3_25ebda714dde28fe.pdf,60,25,frontMatter,0,0,0,0,[],"""""",{},""""""
20250117_03-2025_1_9a94ef0f61bd4746.pdf,730,25,applicationPublication,1,0,0,3,"[""202411094174 A""]",HERITAGE IDENTIFICATION OF MONUMENTS USING DEEP LEARNING TECHNIQUES,{},""""""
20250117_03-2025_2_3e68c08cca38cfed.pdf,1138,25,applicationPublication,1,0,0,5,"[""202311047328 A""]",SYSTEMS AND METHODS FOR DOCUMENT PARTITIONING AND PARTITION LABELING,{},""""""
20250117_03-2025_3_143da03e6f1f2408.pdf,76,25,frontMatter,0,0,0,0,[],"""""",{},""""""
20250124_04-2025_1_ab7a47e97c2a1f4b.pdf,743,25,applicationPublication,1,0,0,7,"[""202411077639 A""]",HERBAL LIPSTICK COMPOSITION AND ITS METHOD OF PREPARATION,{},""""""
20250124_04-2025_2_164527f4898dfbcc.pdf,875,25,applicationPublication,1,0,0,5,"[""202311048857 A""]",WATER TANK CLEANING DEVICE,{},""""""
20250124_04-2025_3_414a2ffc0e6cbd8f.pdf,170,25,weeklyFer,0,0,0,0,[],"""""",{},""""""
20250131_05-2025_1_d0c4ff2b01405f6e.pdf,1006,25,applicationPublication,1,0,0,5,"[""202411098477 A""]",AI-POWERED DIGITAL GATEKEEPER DEVICE,{},""""""
20250131_05-2025_2_6d7cb038968e523e.pdf,1511,25,applicationPublication,1,0,0,5,"[""202311050565 A""]",A PRESSURE SEAL DEVICE FOR A CYLINDRICAL TOOL HOUSING AND METHOD THEREOF,{},""""""
20250131_05-2025_3_c26429dabdffc423.pdf,200,25,frontMatter,0,0,0,0,[],"""""",{},""""""
20250207_06-2025_1_66304c824dc266dc.pdf,603,25,applicationPublication,1,0,0,5,"[""202511003404 A""]",SYSTEM AND METHOD FOR PATIENT MONITORING,{},""""""
20250207_06-2025_2_2a9c9dbe17558ab9.pdf,752,25,applicationPublication,1,0,0,2,"[""202218074304 A""]",AN AUTOMATED HAND,{},""""""
20250207_06-2025_3_1e905d900eef0364.pdf,110,25,frontMatter,0,0,0,0,[],"""""",{},""""""
20250214_07-2025_1_1533b767f02c9af6.pdf,1353,25,applicationPublication,1,0,0,3,"[""202411011164 A""]",EVEROLIMUS - ELUTING COBALT CHROMIUM CORONARY STENT WITH ABLUMINAL BIODEGRADABLE POLYMERS,{},""""""
20250214_07-2025_2_9e19728ba59415de.pdf,1107,25,applicationPublication,1,0,0,5,"[""202311053328 A""]",EXHAUST MUFFLER OF A VEHICLE,{},""""""
20250214_07-2025_3_485f880aa4f25ff6.pdf,132,25,frontMatter,0,0,0,0,[],"""""",{},""""""
20250221_08-2025_1_987a53706328e818.pdf,1047,25,applicationPublication,1,0,0,2,"[""202411084447 A""]","NIO, CEO2, CO3O4 CRYSTAL PHASES IDENTIFICATION OF FROM X-RAY DIFFRACTION ANALYSIS",{},""""""
20250221_08-2025_2_1acfb21f092983d9.pdf,1108,25,applicationPublication,1,0,0,5,"[""202311055714 A""]",INTEGRATED GIS-BASED CYCLONE WIND LOAD ASSESSMENT METHOD AND SYSTEM FOR TALL BUILDING DESIGN IN CYCLONE-PRONE REGIONS,{},""""""
20250221_08-2025_3_1dff2868ae5e54f7.pdf,189,25,frontMatter,0,0,0,0,[],"""""",{},""""""
20250228_09-2025_1_08323cbd2a2f38f1.pdf,720,25,applicationPublication,1,0,0,3,"[""202411104116 A""]",PESTICIDAL COMPOSITION CONTAINING KASUGAMYCIN,{},""""""
20250228_09-2025_2_de3bc2ff5797cd28.pdf,778,25,applicationPublication,1,0,0,7,"[""202311056699 A""]",PADDLE TENNIS RACKET HAVING MULTIPLE CORE MATERIAL LAYERS,{},""""""
20250228_09-2025_3_ac452ee3f437b1ed.pdf,142,25,frontMatter,0,0,0,0,[],"""""",{},""""""
20250307_10-2025_1_08150e9495330fc5.pdf,1182,25,applicationPublication,1,0,0,8,"[""202411059549 A""]",AYURVEDIC HAIR OILPROMOTING NEW HAIR GROWTH AND PREVENTING HAIR FALL,{},""""""
20250307_10-2025_2_210ac135dd8daf2b.pdf,907,25,applicationPublication,1,0,0,4,"[""202311058119 A""]",A VEHICLE,{},""""""
20250307_10-2025_3_24e85f8453ff78ab.pdf,459,25,applicationPublication,1,0,0,4,"[""202341058022 A""]",AN INNOVATIVE SMART DEVICE FOR VISUALLY IMPAIRED ASSISTANCE USING RENEWABLE RESOURCES,{},""""""
20250314_11-2025_1_e479da57a243dd02.pdf,783,25,applicationPublication,1,0,0,5,"[""202511009125 A""]",HOME BASED EDUCATION INTERVENTION FOR CHILDREN WITH SEVERE DISABILITIES,{},""""""
20250314_11-2025_2_d1b9f30cdff17fbd.pdf,832,25,applicationPublication,1,0,0,1,"[""202311061382 A""]",BRACE EXOSKELETON FOR LOWER LIMB OF USER,{},""""""
20250314_11-2025_3_234cc2b2c6e9a3cd.pdf,149,25,frontMatter,0,0,0,0,[],"""""",{},""""""
20250321_12-2025_1_34c872c064879c43.pdf,1381,25,applicationPublication,1,0,0,5,"[""202511018477 A""]","AN ADAPTIVE AUTOMATED CLOUD FRAMEWORK FOR OBSERVABILITY, SECURITY, AND DYNAMIC WORKLOAD OPTIMIZATION",{},""""""
20250321_12-2025_2_a89755d998ca9433.pdf,961,25,applicationPublication,1,0,0,5,"[""202311062258 A""]",INTEGRATED MULTI-FUNCTIONAL MASSAGING DEVICE WITH AN ADJUSTABLE FOOTREST SYSTEM FOR A VEHICLE,{},""""""
20250321_12-2025_3_be0986cceb220a44.pdf,192,25,frontMatter,0,0,0,0,[],"""""",{},""""""
20250328_13-2025_1_f061d529d4275c44.pdf,1139,25,applicationPublication,1,0,0,5,"[""202411055530 A""]",DESIGN OF ERGONOMIC VISUAL DISPLAY TERMINAL FOR PHYSICALLY CHALLENGED,{},""""""
20250328_13-2025_2_cfdb702c00535ba5.pdf,1146,25,applicationPublication,1,0,0,5,"[""202311063786 A""]","PLANT-DERIVED FLUORESCENT SELF-DOPED CARBON QUANTUM DOTS (S, N@CQDS) AND METHOD THEREOF",{},""""""
20250328_13-2025_3_c323e96fc4fd5519.pdf,281,25,frontMatter,0,0,0,0,[],"""""",{},""""""
20250404_14-2025_1_5ae59832f8918d98.pdf,630,25,applicationPublication,1,0,0,5,"[""202511018153 A""]",A SYSTEM AND METHOD FOR IOT-INTEGRATED TELEMEDICINE PLATFORM WITH AI-DRIVEN HEALTHCARE DELIVERY,{},""""""
20250404_14-2025_2_2fcc81adfbd3ff8d.pdf,638,25,applicationPublication,1,0,0,5,"[""202311065996 A""]","A SYSTEM AND METHOD FOR SMART DETECTION AND SEGREGATION OF PLASTIC, PAPER AND GARBAGE BAGS'",{},""""""
20250404_14-2025_3_672f4e183233d9d5.pdf,282,25,frontMatter,0,0,0,0,[],"""""",{},""""""
20250411_15-2025_1_9eb722dd2e5f8d87.pdf,727,25,applicationPublication,1,0,0,5,"[""202511023852 A""]","A REAL-TIME IOT-BASED INVENTORY MANAGEMENTSYSTEM, AND METHOD THEREOF",{},""""""
20250411_15-2025_2_f695f0a57d4f36c9.pdf,773,25,applicationPublication,1,0,0,4,"[""202311067119 A""]",LOW-COST HARDWARE FOR STATE-OF-CHARGE ESTIMATION FOR LI-ION CELLS USING CENTRAL DIFFERENCE KALMAN FILTER,{},""""""
20250411_15-2025_3_96dfcb82f850e896.pdf,121,25,frontMatter,0,0,0,0,[],"""""",{},""""""
20250418_16-2025_1_87f36eece7fdf6cb.pdf,669,25,applicationPublication,1,0,0,3,"[""202511002712 A""]",SYSTEM AND METHOD FOR ENHANCING LIFESPAN OF MULTI-STAGE CONSTANT CURRENT BASED GALLIUM NITRIDE SWITCHING CONVERTER,{},""""""
20250418_16-2025_2_462c8e98650b6ba8.pdf,1338,25,applicationPublication,1,0,0,5,"[""202311067949 A""]",AN IDLE AIR CONTROL VALVE,{},""""""
20250418_16-2025_3_2f5eb2155e3494ee.pdf,101,25,frontMatter,0,0,0,0,[],"""""",{},""""""
20250425_17-2025_1_0cb2fcc9c02f8991.pdf,937,25,applicationPublication,1,0,0,5,"[""202511014716 A""]",SMART LOCKING SYSTEM WITH INTELLIGENT KEY,{},""""""
20250425_17-2025_2_e8c9d6b723eb2bda.pdf,1234,25,applicationPublication,1,0,0,5,"[""202311071106 A""]",WORKPIECE SMOOTHENING DEVICE,{},""""""
20250425_17-2025_3_c57ee1c3a5556288.pdf,61,25,frontMatter,0,0,0,0,[],"""""",{},""""""
20250502_18-2025_1_051c653aaf238126.pdf,904,25,applicationPublication,1,0,0,5,"[""202511035911 A""]",AN ADAPTIVE LOAD-BALANCING SYSTEM FOR EFFICIENT JOB DISTRIBUTION IN CLOUD FEDERATION,{},""""""
20250502_18-2025_2_4cf4ef12821d6af6.pdf,855,25,applicationPublication,1,0,0,5,"[""202311073177 A""]",AUTOMATICALLY ENABLING DISPLAY FEATURES OF A DISPLAY DEVICE,{},""""""
20250502_18-2025_3_39af7db5ddb353e3.pdf,89,25,frontMatter,0,0,0,0,[],"""""",{},""""""
20250509_19-2025_1_91f1430d064db617.pdf,1142,25,applicationPublication,1,0,0,5,"[""202511022377 A""]",HOSPITAL BED MANAGEMENT SYSTEM IN A HEALTHCARE COMPUTING ENVIRONMENT AND A METHOD THEREOF,{},""""""
20250509_19-2025_2_ec0562463bab66be.pdf,796,25,applicationPublication,1,0,0,5,"[""202311073851 A""]",FRAME STRUCTURE OF AN ELECTRIC VEHICLE,{},""""""
20250509_19-2025_3_facdf59a4afadcb3.pdf,115,25,frontMatter,0,0,0,0,[],"""""",{},""""""
20250516_20-2025_1_4f657706ea9b19fa.pdf,1266,25,applicationPublication,1,0,0,5,"[""202511038029 A""]",DEEP LEARNING BASED ADAPTIVE CONTROL FOR AUTONOMOUS VEHICLE,{},""""""
20250516_20-2025_2_eb532042bc14d105.pdf,892,25,applicationPublication,1,0,0,5,"[""202311077700 A""]",A DOOR HINGE FOR IMPROVING SAFETY OF OCCUPANTS OF A VEHICLE,{},""""""
20250516_20-2025_3_284cf182da262c8b.pdf,71,25,weeklyFer,0,0,0,0,[],"""""",{},""""""
20250523_21-2025_1_b02452bfc13cb168.pdf,1009,25,applicationPublication,1,0,0,5,"[""202511038621 A""]",RETROFIT ATTACHMENT FOR CONVERTING BICYCLE TO E-CYCLE,{},""""""
20250523_21-2025_2_d82a19b6cd2901b4.pdf,842,25,applicationPublication,1,0,0,5,"[""202311075720 A""]",DEVICE AND METHOD FOR ADJUSTING WI-FI CONFIGURATION PARAMETERS BASED ON DEVICE ORIENTATION,{},""""""
20250523_21-2025_3_31c077ad03f420d2.pdf,70,25,frontMatter,0,0,0,0,[],"""""",{},""""""
20250530_22-2025_1_24f472bea87c4fc3.pdf,1974,25,applicationPublication,1,0,0,6,"[""202311076112 A""]",AI-DRIVEN RADIOGRAPHIC ANALYSIS AND PATIENT MANAGEMENT PLATFORM WITH REVENUE FORECASTING.,{},""""""
20250530_22-2025_2_2db62c2dd5a81900.pdf,1267,25,applicationPublication,1,0,0,5,"[""202311079877 A""]",AUTOMATED MULTI-ANGLE CUTTING DEVICE,{},""""""
20250530_22-2025_3_41fbd88ff1da995a.pdf,110,25,frontMatter,0,0,0,0,[],"""""",{},""""""
20250606_23-2025_1_55a66731b9e51869.pdf,787,25,applicationPublication,1,0,0,5,"[""202511005992 A""]",A METAGENOMICS ANALYSIS SYSTEM FOR DETECTING POLLUTANT-DEGRADING GENES AND PATHWAY,{},""""""
20250606_23-2025_2_3844f0c930e6421d.pdf,1285,25,applicationPublication,1,0,0,5,"[""202311081729 A""]",A NOISE DAMPER INTEGRATED SOLENOID VALVE,{},""""""
20250606_23-2025_3_cc060ad3a19ca949.pdf,68,25,frontMatter,0,0,0,0,[],"""""",{},""""""
20250613_24-2025_1_fde2677ad0d90801.pdf,1749,25,applicationPublication,1,0,0,5,"[""202511049323 A""]",MULTI-PHASE DUAL ATTENUATION ALGORITHM FOR UNDERWATER IMAGE AND VIDEO ENHANCEMENT,{},""""""
20250613_24-2025_2_c1997294e9123597.pdf,1438,25,applicationPublication,1,0,0,5,"[""202311083568 A""]",SYSTEM AND METHOD FOR TRACKING SECURITY SERVICES OF USER DEVICES BY A NETWORK,{},""""""
20250613_24-2025_3_c75753cde6d90a25.pdf,93,25,frontMatter,0,0,0,0,[],"""""",{},""""""
20250620_25-2025_1_7e076a7c19daa28b.pdf,1082,25,applicationPublication,1,0,0,5,"[""202411015613 A""]","AN ANTIBIOTIC FORMULATION COMPRISING OF A BETA-PROPIOLACTAM, A LACTAMASE INHIBITOR AND A CARBOXYLIC ACID",{},""""""
20250620_25-2025_2_ac12c89febbcd66c.pdf,543,25,applicationPublication,1,0,0,5,"[""202311084007 A""]",VEHICLE INSPECTION AND MAINTENANCE ASSISTIVE DEVICE,{},""""""
20250620_25-2025_3_70f6e687810ef844.pdf,75,25,frontMatter,0,0,0,0,[],"""""",{},""""""
20250627_26-2025_1_78fff585ee49b9cd.pdf,1058,25,applicationPublication,1,0,0,2,"[""202411071714 A""]",AN ENERGY STORAGE DEVICE AND A METHOD OF FABRICATION THEREOF,{},""""""
20250627_26-2025_2_4c7447732b8cf809.pdf,831,25,applicationPublication,1,0,0,2,"[""202517034893 A""]",SYSTEM AND METHODS TOIMPROVE THE PERFORMANCE OF FEDERATED LEARNING VIA SIDELINK COMMUNICATIONS,{},""""""
20250627_26-2025_3_64c73a8d33961c02.pdf,78,25,frontMatter,0,0,0,0,[],"""""",{},""""""
20250704_27-2025_1_beba4295d9df5680.pdf,1043,25,applicationPublication,1,0,0,5,"[""202511055820 A""]",Biodegradable Nano-Encapsulated BotanicalPesticide for EcoFriendly Plant Protection,{},""""""
20250704_27-2025_2_e813a0a679765399.pdf,1477,25,applicationPublication,1,0,0,5,"[""202311085826 A""]",AN APPARATUS FOR PROVIDING RETRACTABLE SEAT BELT IN A VEHICLE AND METHOD THEREOF,{},""""""
20250704_27-2025_3_8de0410d802eeb21.pdf,118,25,frontMatter,0,0,0,0,[],"""""",{},""""""
20250711_28-2025_1_3cea9510fc8a4431.pdf,1407,25,applicationPublication,1,0,0,7,"[""202511057110 A""]",A SPHERICAL GEAR-BASED LAPAROSCOPIC CAMERA HOLDER WITH INTEGRATED BRAKING,{},""""""
20250711_28-2025_2_1336beb9987f8a58.pdf,1388,25,applicationPublication,1,0,0,3,"[""202311088933 A""]",AMELIORATE RHIZOSPHERIC SOIL OF VIGNA RADIATA (L.) R. WILCZEK USING SELENIUM NANOPARTICLE INDUCED BACTERIAL EXOPOLYSACCHARIDES,{},""""""
20250711_28-2025_3_794c19af981fbdc0.pdf,111,25,weeklyFer,0,0,0,0,[],"""""",{},""""""
20250718_29-2025_1_d23cd45c22819cbc.pdf,800,25,applicationPublication,1,0,0,3,"[""202511038820 A""]",A LOAD-LIMITING DEVICE FOR SUSPENSION TOWERS AND METHOD THEREOF,{},""""""
20250718_29-2025_2_72a935937cfd963d.pdf,740,25,applicationPublication,1,0,0,3,"[""202414097154 A""]",MOTOR UNIT,{},""""""
20250718_29-2025_3_fa0f3f05ec4c5544.pdf,137,25,weeklyFer,0,0,0,0,[],"""""",{},""""""
20250725_30-2025_1_df931ccfd3e9060d.pdf,607,25,frontMatter,0,0,0,0,[],"""""",{},""""""
20250725_30-2025_2_9b20e0a3c1a0ee6f.pdf,638,25,applicationPublication,1,0,0,4,"[""202541066700 A""]",ELECTROLYTE COMPOSITION AND PROCESS FOR PRODUCING HYBRID CERAMIC-METAL COMPOSITE COATING ON METALLIC SUBSTRATE,{},""""""
20250725_30-2025_3_f5b5d1409aef8049.pdf,1009,25,applicationPublication,1,0,0,8,"[""202411001548 A""]",SUPPOSITORY COMPOSITIONS OF EUPHORBIA PROSTRATA,{},""""""
20250801_31-2025_1_4a260d11bf17b2f8.pdf,1163,25,applicationPublication,1,0,0,4,"[""202511062470 A""]",SYNTHESIS OF CHALCONE PYRAZOLE DERIVATIVES AS ANTICANCER AGENTS THERE OF,{},""""""
20250801_31-2025_2_5f84e1f94b2667c9.pdf,689,25,applicationPublication,1,0,0,5,"[""202411003675 A""]",ADAPTABLE TRAFFIC REGULATION SYSTEM,{},""""""
20250801_31-2025_3_3f9d41508ea500bc.pdf,102,25,frontMatter,0,0,0,0,[],"""""",{},""""""
20250808_32-2025_1_5722da3bf653e8da.pdf,583,25,applicationPublication,1,0,0,5,"[""202511060188 A""]",System and Method for Analysing Emotional Sentiment in Literary Texts,{},""""""
20250808_32-2025_2_720cb6a9400a9db2.pdf,1181,25,applicationPublication,1,0,0,5,"[""202411004054 A""]",REBAR CAGE SUPPORTING DEVICE FOR PILLAR CONSTRUCTION,{},""""""
20250808_32-2025_3_470bdd2696c2bbb7.pdf,91,25,frontMatter,0,0,0,0,[],"""""",{},""""""
20250815_33-2025_1_a6af35cec5361ab1.pdf,734,25,applicationPublication,1,0,0,7,"[""202511064185 A""]",METHOD FOR 3D INTERACTIVE VISUALIZATION OF PROPERTY LISTINGS ANDSYSTEM THEREOF,{},""""""
20250815_33-2025_2_1fc8353e787bb7bc.pdf,837,25,applicationPublication,1,0,0,3,"[""202411008497 A""]",ELECTRIC VEHICLE BATTERY CHARGING CONNECTOR,{},""""""
20250815_33-2025_3_ab29c87a19b5051d.pdf,136,25,frontMatter,0,0,0,0,[],"""""",{},""""""
20250822_34-2025_1_2cdc7b1c8368b8da.pdf,1259,25,applicationPublication,1,0,0,3,"[""202411091372 A""]",PORTABLE FIREARM RECEIVERHAVING PICCATINNY RAILLOCKING ASSEMBLIES WITHOUT PIN FOR REMOVABLE RECEIVER,{},""""""
20250822_34-2025_2_d7a2bb658844b002.pdf,1256,25,applicationPublication,1,0,0,4,"[""202411008913 A""]",AN ENGINEERED PLASMODIUM FALCIPARUM SPOROZOITE SURFACE PROTEIN FRAGMENT (PFCSP ) SPECIFIC scFv-Fc PROTEIN,{},""""""
20250822_34-2025_3_44a9c018e3805f27.pdf,86,25,frontMatter,0,0,0,0,[],"""""",{},""""""
20250829_35-2025_1_56e43847f912510a.pdf,861,25,applicationPublication,1,0,0,8,"[""202411060003 A""]",SYNERGISTIC INSECTICIDAL COMPOSITION AND METHOD OF PREPARATION THEREOF,{},""""""
20250829_35-2025_2_81bfd03413c7f0cd.pdf,1005,25,applicationPublication,1,0,0,5,"[""202411010717 A""]",WATER DISPENSING ASSISTIVE DEVICE,{},""""""
20250829_35-2025_3_1dbe520606df759a.pdf,85,25,frontMatter,0,0,0,0,[],"""""",{},""""""
20250905_36-2025_1_3e6215bd2ae4bfee.pdf,1179,25,applicationPublication,1,0,0,4,"[""202411061797 A""]",HIGH ALTITUDE SURVEILLANCE UAV SYSTEM AND METHOD THEREOF,{},""""""
20250905_36-2025_2_9fd5102a717939a3.pdf,1231,25,applicationPublication,1,0,0,5,"[""202541079616 A""]",AUTOMATIC AIR HUMIDIFIER WITH INTELLIGENT HUMIDITY CONTROL SYSTEM,{},""""""
20250905_36-2025_3_5335aba59c7bffa1.pdf,2347,25,applicationPublication,1,0,0,5,"[""202531060666 A""]",FERROELECTRIC NANOFIBER POLING APPARATUS AND METHOD THEREOF,{},""""""
20250912_37-2025_1_49f7820a2ea5a1a2.pdf,670,25,applicationPublication,1,0,0,5,"[""202511004967 A""]",S-ADENOSYL DERIVATIVES AN INHIBITORS OF NON-STRUCTURAL PROTEINS OF JAPANESE ENCEPHALITIS VIRUS (JEV) AND ITS METHOD OF PREPARATION,{},""""""
20250912_37-2025_2_b477aa1b595e22a9.pdf,965,25,applicationPublication,1,0,0,5,"[""202411012631 A""]",MACHINE LEARNING FOR IMPROVING ACCURACY OF BRAIN-COMPUTER INTERFACE SYSTEM,{},""""""
20250912_37-2025_3_0223e0705576bc10.pdf,80,25,frontMatter,0,0,0,0,[],"""""",{},""""""
20250919_38-2025_1_fe85d29fbf82a7c8.pdf,1177,25,applicationPublication,1,0,0,2,"[""202411083709 A""]",AN AUTOMATIC COOKING SYSTEM,{},""""""
20250919_38-2025_2_32ea915c7892eb90.pdf,1468,25,applicationPublication,1,0,0,5,"[""202411014601 A""]",CAM BASED MECHANISM FOR RELUCTANCE VARIATION IN MAGNETIC TRIP UNIT OF AN MCCB,{},""""""
20250919_38-2025_3_391aae6e2065cf31.pdf,104,25,frontMatter,0,0,0,0,[],"""""",{},""""""
20250926_39-2025_1_4f2ce2ff219f4d8a.pdf,855,25,applicationPublication,1,0,0,2,"[""202511050107 A""]","SPECTROPHOTOMETRIC ANALYSIS DEVICE, METHOD FOR PERFORMING SPECTROPHOTOMETRIC ANALYSIS, AND SYSTEM AND METHODFOR DISEASE PREDICTION",{},""""""
20250926_39-2025_2_1f2728e4b848b043.pdf,1295,25,applicationPublication,1,0,0,5,"[""202411017502 A""]",CHEMICAL REACTION HOLDING APPARATUS,{},""""""
20250926_39-2025_3_c58adae790337eb4.pdf,151,25,frontMatter,0,0,0,0,[],"""""",{},""""""
20251003_40-2025_1_d428ecee6c61bc46.pdf,762,25,applicationPublication,1,0,0,5,"[""202511084742 A""]",PROCESS FOR FABRICATION AN ELECTROLUMINESCENCE BASED HYBRID MULTILAYER HETEROSTRUCTURE FOR LIGHT EMITTING DEVICE APPLICATIONS,{},""""""
20251003_40-2025_2_672d6b4b516cab75.pdf,1600,25,applicationPublication,1,0,0,4,"[""202111027490 A""]","Vardaan comprehensive disaster management solution for responders, citizen and victims",{},""""""
20251003_40-2025_3_8b984b102bbfd5de.pdf,122,25,frontMatter,0,0,0,0,[],"""""",{},""""""
20251010_41-2025_1_495e039847b5adf9.pdf,592,25,applicationPublication,1,0,0,5,"[""202411058380 A""]",NEUROPROTECTIVE COMPOSITION,{},""""""
20251010_41-2025_2_fb66c4e6b97edaad.pdf,1003,25,applicationPublication,1,0,0,5,"[""202411019765 A""]",AUTOMATED VEHICLE UPLIFTING DEVICE,{},""""""
20251010_41-2025_3_e9861ecc1dc60319.pdf,116,25,frontMatter,0,0,0,0,[],"""""",{},""""""
20251017_42-2025_1_8f0d660e0931c767.pdf,1197,25,applicationPublication,1,0,0,5,"[""202511037387 A""]",A POLYMERIC MICELLES-BASED NANOFORMULATION AND A METHOD OF SYNTHESIS THEREOF,{},""""""
20251017_42-2025_2_8e6643f9e8a48c73.pdf,1438,25,applicationPublication,1,0,0,5,"[""202411020828 A""]",ADJUSTABLE BENCH VICE HOLDING DEVICE,{},""""""
20251017_42-2025_3_b917535f931ede44.pdf,183,25,frontMatter,0,0,0,0,[],"""""",{},""""""
20251024_43-2025_1_375af929e1a3e4a6.pdf,796,25,applicationPublication,1,0,0,4,"[""202511089834 A""]",HERBAL TRANSDERMAL DELIVERY SYSTEM,{},""""""
20251024_43-2025_2_e57c9a5fc1e4383f.pdf,778,25,applicationPublication,1,0,0,5,"[""202411022356 A""]",AUTOMATED LOCKING STAND FORBICYCLES,{},""""""
20251024_43-2025_3_3e6a31f23bda836c.pdf,120,25,frontMatter,0,0,0,0,[],"""""",{},""""""
20251031_44-2025_1_8a30da052f7d837d.pdf,1159,25,applicationPublication,1,0,0,4,"[""202511091261 A""]",Security System for CloudComputing Infrastructure Using Deep Learning,{},""""""
20251031_44-2025_2_e3a6ae2f879b2a86.pdf,1150,25,applicationPublication,1,0,0,5,"[""202411023135 A""]",AUTOMATED LUGGAGE RELOCATING DEVICE FOR STAIRCASE,{},""""""
20251031_44-2025_3_ca350887ba8a8f78.pdf,116,25,weeklyFer,0,0,0,0,[],"""""",{},""""""
20251107_45-2025_1_11c83a49f177433f.pdf,472,25,applicationPublication,1,0,0,5,"[""202511074887A""]",SYSTEM AND METHOD FOR AI-BASED AUTOMATED MARKETING CONTENT GENERATION AND CROSS-PLATFORM PUBLISHING,{},""""""
20251107_45-2025_2_2dfa8b3819465d6d.pdf,630,25,applicationPublication,1,0,0,5,"[""202411024895 A""]",PORTABLEEGGS MANAGEMENT DEVICE,{},""""""
20251107_45-2025_3_7882ee733ddd51aa.pdf,211,25,frontMatter,0,0,0,0,[],"""""",{},""""""
20251114_46-2025_1_00d3b9353c1ea1f7.pdf,1205,25,applicationPublication,1,0,0,5,"[""202511091282 A""]",A Machine Learning Based Framework for Enhancing Security in Cloud Computing Environments,{},""""""
20251114_46-2025_2_fdcf5e766c0a8156.pdf,609,25,applicationPublication,1,0,0,5,"[""202411025496 A""]",AUTOMATED WOODEN-LOG CARVING DEVICE,{},""""""
20251114_46-2025_3_73e59ec55885cb18.pdf,215,25,frontMatter,0,0,0,0,[],"""""",{},""""""
20251121_47-2025_1_1d732ce6a7624c09.pdf,755,25,applicationPublication,1,0,0,4,"[""202511079674 A""]",A METHOD FOR EVALUATION OF POLYHERBAL PREPARATION FOR SCREENING OF UROLITHIASIS AND HYPERTENSION DISEASE,{},""""""
20251121_47-2025_2_36cbb0205ef914dc.pdf,157,25,frontMatter,0,0,0,0,[],"""""",{},""""""
20251128_48-2025_1_b46ce23088ec9e71.pdf,487,25,applicationPublication,1,0,0,5,"[""202511089870 A""]",SMART HOME AUTOMATION SYSTEM,{},""""""
20251128_48-2025_2_10750dca6bbcf56a.pdf,2710,25,applicationPublication,1,0,0,4,"[""202441086998 A""]",MICROPOROUS HYDROPHOBIC REDUCED GRAPHENE OXIDE MEMBRANE WITH THERMOPLASMONIC NANOPARTICLES,{},""""""
20251128_48-2025_3_0c3f2045ac178a66.pdf,2329,25,applicationPublication,1,0,0,5,"[""202531011176 A""]",FRUIT JUICE FEEDING DEVICE FOR INFANTS,{},""""""
20251205_49-2025_1_6de4fd8d212b6dea.pdf,2833,25,applicationPublication,1,0,0,6,"[""202511077011 A""]",ZINC OXIDE NANOFLUID COMPOSITION AND METHOD OF PREPARATION THEREOF FOR USE IN DRILLING FLUID SYSTEMS,{},""""""
20251205_49-2025_2_1eb4ed8e66ad76ec.pdf,1422,25,applicationPublication,1,0,0,4,"[""202411038808 A""]",AN OPTICALLY TRANSPARENT COATING FORMULATION FOR SURFACES,{},""""""
20251205_49-2025_3_74a87032437cc183.pdf,196,25,frontMatter,0,0,0,0,[],"""""",{},""""""
20251212_50-2025_1_22ce0652a82bf6ce.pdf,1653,25,applicationPublication,1,0,0,5,"[""202511077932 A""]",Gain-Phase Margin (GPM)-Based Modified Internal Model Controller (MIMC) for Robust Control of DC-DC Converters,{},""""""
20251212_50-2025_2_ed63ef462f23de27.pdf,1155,25,applicationPublication,1,0,0,4,"[""202517082210 A""]","VIDEO DECODER AND ENCODER USING A SPECIAL NEIGHBORHOOD SIGNAL, VIDEO DECODER AND ENCODER APPLYING A POST-PROCESSING ONLY TO CERTAIN INTER-PREDICTED BLOCKS, PICTURE-PROCESSING TOOL AND METHODS",{},""""""
20251212_50-2025_3_dfa20e6cf00c2960.pdf,202,25,frontMatter,0,0,0,0,[],"""""",{},""""""
20251219_51-2025_1_056e4fecde947f4f.pdf,1802,25,applicationPublication,1,0,0,5,"[""202511105846 A""]",CONTAINER LID OPENING ASSISTIVE DEVICE,{},""""""
20251219_51-2025_2_a2f521af174cda04.pdf,1433,25,applicationPublication,1,0,0,5,"[""202411042352 A""]",5G CORE NETWORK SUPPORT FOR NON-TERRESTRIAL NETWORK CELLS,{},""""""
20251219_51-2025_3_35baddc6d34da5b5.pdf,204,25,frontMatter,0,0,0,0,[],"""""",{},""""""
20251226_52-2025_1_4bd6e33fdee16014.pdf,1859,25,applicationPublication,1,0,0,5,"[""202511098245 A""]","INTELLIGENT SANITATION MANAGEMENT SYSTEM WITH BLOCKAGE PREVENTION, AUTOMATED HYGIENE CONTROL, AND PREDICTIVE MAINTENANCE",{},""""""
20251226_52-2025_2_14c217e2f3c92a14.pdf,1816,25,applicationPublication,1,0,0,5,"[""202411045965 A""]",A REAL-TIME PLANT GROWTH MONITORING SYSTEM USING HIGH-RESOLUTION IMAGING AND DEEP LEARNING,{},""""""
20251226_52-2025_3_0ba9813a716e92eb.pdf,178,25,frontMatter,0,0,0,0,[],"""""",{},""""""
20260102_01-2026_1_d3a51fafd14f806b.pdf,989,25,applicationPublication,1,0,0,4,"[""202511086680 A""]",A SYSTEM AND METHODFOR FEDERATED EDGE AI-DRIVEN CROSS-LABORATORY AUTOMOTIVE TESTING AND ANOMALY ORCHESTRATION,{},""""""
20260102_01-2026_2_389a4db3d194bd8f.pdf,1010,25,applicationPublication,1,0,0,5,"[""202541122108 A""]",GESTURE-BASED ASSISTIVE COMMUNICATION SYSTEM WITH EMAIL NOTIFICATION,{},""""""
20260102_01-2026_3_656ee806c2cc262b.pdf,1000,25,applicationPublication,1,0,0,4,"[""202541125718 A""]",Smart construction worker safety vest,{},""""""
20260109_02-2026_1_fe756a11db1fc345.pdf,1543,25,applicationPublication,1,0,0,5,"[""202511113218 A""]",Biodegradable Sanitary Napkin Comprising Polyhydroxybutyrate(PHB) and Cellulose Extracted from Microbial and Agricultural Sources for Sustainable Menstrual Waste Management,{},""""""
20260109_02-2026_2_af5850fc71184841.pdf,742,25,applicationPublication,1,0,0,5,"[""202411051130 A""]",EqV-Volt: AN EQUITY-AWAREVAR-SUPPORTED VOLTAGE-BASED RESIDENTIAL ELECTRIC VEHICLE CHARGING CONTROL,{},""""""
20260109_02-2026_3_6ec912e2dd5c69d0.pdf,221,25,frontMatter,0,0,0,0,[],"""""",{},""""""
20260116_03-2026_1_8f36d1b732aefdf8.pdf,1079,25,applicationPublication,1,0,0,5,"[""202511118283 A""]",A System and Method for a Battery Operated Dual-Function Wheelchair with Modular Drive Configurations and Adjustable Ergonomic Seating,{},""""""
20260116_03-2026_2_ab5d8d2140810c1d.pdf,829,25,applicationPublication,1,0,0,5,"[""202411052822 A""]",SYSTEM AND METHOD FOR EMISSION CONTROL IN SPENT WASH BOILERS,{},""""""
20260116_03-2026_3_3598ed62b5c812b8.pdf,230,25,frontMatter,0,0,0,0,[],"""""",{},""""""
20260123_04-2026_1_cbd304d8c368f11d.pdf,1082,25,applicationPublication,1,0,0,5,"[""202511093771 A""]",A MULTI-BACTERIAL CONSORTIUM FOR ENHANCING PLANT GROWTH PROMOTION IN MIXED HEAVY METAL STRESSED SOIL,{},""""""
20260123_04-2026_2_7f1c9d8dcef96388.pdf,366,25,applicationPublication,1,0,0,5,"[""202617001541 A""]",DEVICE FOR DISPENSING A FLUID PRODUCT,{},""""""
20260123_04-2026_3_2a1c407c80208fe8.pdf,202,25,frontMatter,0,0,0,0,[],"""""",{},""""""
20260130_05-2026_1_4c22a1956103a5b2.pdf,1541,25,applicationPublication,1,0,0,7,"[""202511048239 A""]",A SYSTEM AND METHOD FOR COMPUTING NEWEST AMPERE-HOUR TO PREDICT STATE OF HEALTH OF A BATTERY PACK,{},""""""
20260130_05-2026_2_190fd9dba56266e8.pdf,971,25,applicationPublication,1,0,0,5,"[""202411054494 A""]",INSULATED ARCTIC TENT,{},""""""
20260130_05-2026_3_50905abfca528033.pdf,218,25,frontMatter,0,0,0,0,[],"""""",{},""""""
20260206_06-2026_1_3efd35de22d67bdd.pdf,1254,25,applicationPublication,1,0,0,3,"[""202511131214 A""]",Block Chain-Based Quality Assurance & Audit Trail System,{},""""""
20260206_06-2026_2_40f5bf5da9973bb4.pdf,839,25,applicationPublication,1,0,0,4,"[""202411056628 A""]",A COMPOSITION COMPRISING CHITOOLIGOSACCHARIDES,{},""""""
20260206_06-2026_3_95fda646d5a650a2.pdf,193,25,frontMatter,0,0,0,0,[],"""""",{},""""""
20260213_07-2026_1_c1771dda5320bbcf.pdf,1709,25,applicationPublication,1,0,0,4,"[""202611000216 A""]",SYSTEM AND METHOD FOR PROVIDING PERSONALIZED FITNESS AND DIETARY GUIDANCE,{},""""""
20260213_07-2026_2_527c39c711d30e62.pdf,1009,25,applicationPublication,1,0,0,5,"[""202411058051 A""]",FOOD ITEM COOKING ASSISTIVE DEVICE,{},""""""
20260213_07-2026_3_913fb42df99ed133.pdf,211,25,frontMatter,0,0,0,0,[],"""""",{},""""""
20260220_08-2026_1_2301228dd48ea339.pdf,1673,25,applicationPublication,1,0,0,5,"[""202411070187 A""]",SYSTEM AND METHOD FOR AI-ENABLED EDUCATIONAL CONTENT DELIVERY USING QR CODE INTEGRATION,{},""""""
20260220_08-2026_2_740d24d453e09ad6.pdf,849,25,applicationPublication,1,0,0,5,"[""202411060090 A""]",ADJUSTABLE HYDRAULIC PUNCHING DEVICE,{},""""""
20260220_08-2026_3_ce4fde858285c917.pdf,231,25,frontMatter,0,0,0,0,[],"""""",{},""""""
20260227_09-2026_1_7e484491c4b76393.pdf,945,25,applicationPublication,1,0,0,5,"[""202611005553 A""]",A SOIL MOISTURE RESPONSIVE FERTILIZER DISPENSING SYSTEM FOR PRECISION AGRICULTURE,{},""""""
20260227_09-2026_2_529090ce3562f7c9.pdf,784,25,applicationPublication,1,0,0,5,"[""202514070490 A""]",COMMUNICATION APPARATUS AND CONTROL METHOD THEREOF,{},""""""
20260227_09-2026_3_f981ca63baf98e0b.pdf,251,25,frontMatter,0,0,0,0,[],"""""",{},""""""
20260306_10-2026_1_16c48a04c2f33b44.pdf,1481,25,applicationPublication,1,0,0,5,"[""202411091174 A""]",PERSONAL RAPID TRANSIT (PRT) SYSTEM-TRACK GUIDEWAY DESIGN,{},""""""
20260306_10-2026_2_e3b56b5faff029ba.pdf,1182,25,applicationPublication,1,0,0,7,"[""202411064336 A""]",ADAPTABLE PASSENGER SAFEGUARDING SYSTEM FOR FOUR-WHEELER VEHICLES,{},""""""
20260306_10-2026_3_376afded185e2586.pdf,299,25,frontMatter,0,0,0,0,[],"""""",{},""""""
20260313_11-2026_1_97451d81c5f3d716.pdf,1050,25,applicationPublication,1,0,0,3,"[""202511113152 A""]",IMPROVED ELECTRICAL WIRE / CABLE WITH ANTI-COUNTERFEITING AND / OR SECURITY FEATURES,{},""""""
20260313_11-2026_2_73ba9b2f4318a536.pdf,602,25,applicationPublication,1,0,0,2,"[""202514074516 A""]",OPTICAL IMAGING LENS ASSEMBLY,{},""""""
20260313_11-2026_3_be7ab75b3b242796.pdf,132,25,frontMatter,0,0,0,0,[],"""""",{},""""""
20260320_12-2026_1_e9f4a4bee90fa857.pdf,1666,25,applicationPublication,1,0,0,4,"[""202611005705 A""]",AN ADAPTIVE SELF-SUPERVISED LEARNING-BASED SYSTEM FOR EARLY-STAGE ALZHEIMER'S DISEASE DETECTION,{},""""""
20260320_12-2026_2_049d911ff08d5796.pdf,914,25,applicationPublication,1,0,0,5,"[""202411067163 A""]",MULTI-PASS CONCENTRIC CYLINDRICAL MEMBRANE DISTILLATION MODULE AND APPLICATION THEREOF,{},""""""
20260320_12-2026_3_9a2c615a7ebc2ed8.pdf,345,25,frontMatter,0,0,0,0,[],"""""",{},""""""
20260327_13-2026_1_49614aa197e51504.pdf,1780,25,applicationPublication,1,0,0,7,"[""202511122440 A""]",TWISTED MULTI-METAL WIRE FEEDSTOCK FOR WIRE ARC ADDITIVE MANUFACTURING,{},""""""
20260327_13-2026_2_4981db3e6690c8dc.pdf,876,25,applicationPublication,1,0,0,5,"[""202517118592 A""]",INSOLUBILIZING MATERIAL FOR SPECIFIC HARMFUL SUBSTANCE (INCLUDING HEAVY METAL),{},""""""
20260327_13-2026_3_155d2781e06b42de.pdf,357,25,frontMatter,0,0,0,0,[],"""""",{},""""""
20260403_14-2026_1_33c3538a162365c6.pdf,864,25,applicationPublication,1,0,0,6,"[""202611005361 A""]",NATURAL ANTIBACTERIAL HERBALROLLER PRINTING PROCESS FOR PRODUCING AN ANTIBACTERIAL TEXTILE FABRIC,{},""""""
20260403_14-2026_2_27363e34cdb56e23.pdf,537,25,applicationPublication,1,0,0,5,"[""202617029458 A""]",DENTAL CARE PRODUCTS COMPRISING STANNOUS FLUORIDE,{},""""""
20260403_14-2026_3_6665eeaaf9071ade.pdf,350,25,frontMatter,0,0,0,0,[],"""""",{},""""""
20260410_15-2026_1_a0ec760dd190a983.pdf,1601,25,applicationPublication,1,0,0,3,"[""202611018581 A""]",A Method and Consumable Indicator Strip for Threshold-Based UV-Induced Chromatic Detection of Surface Contamination,{},""""""
20260410_15-2026_2_8fff713630950899.pdf,687,25,applicationPublication,1,0,0,3,"[""202411071004 A""]",CUSTOMIZED FOOD CONTAINER MANUFACTURING DEVICE,{},""""""
20260410_15-2026_3_2f1c5ea1eed2064a.pdf,208,25,frontMatter,0,0,0,0,[],"""""",{},""""""
20260417_16-2026_1_85734ba620e15155.pdf,1352,25,applicationPublication,1,0,0,4,"[""202511023346 A""]",Innovative Handloom Textiles from Fusion of Roxburghii Pine Needle and Post-Harvest Rice Culm extracted Bio-Fibers.,{},""""""
20260417_16-2026_2_4f5ccfcba08e9129.pdf,796,25,applicationPublication,1,0,0,2,"[""202411074821 A""]",A METHOD FOR ASSEMBLY OF A ZIRCONIA AMPEROMETRIC OXYGEN SENSOR,{},""""""
20260417_16-2026_3_63f896f9260748fb.pdf,271,25,frontMatter,0,0,0,0,[],"""""",{},""""""
20260424_17-2026_1_a9685be4fcc48a73.pdf,1733,25,applicationPublication,1,0,0,8,"[""202611012914 A""]","MULTIFUNCTIONAL CBZg-80 CATALYST FOR CO2 REDUCTION, OXIDATION AND DYE DEGRADATION",{},""""""
20260424_17-2026_2_9932d2cca7644977.pdf,1137,25,applicationPublication,1,0,0,4,"[""202617016930 A""]","MOTOR FOR A BLOOD PUMP, MOTOR ASSEMBLY AND BLOOD PUMP",{},""""""
20260424_17-2026_3_40fb06d890db5778.pdf,292,25,frontMatter,0,0,0,0,[],"""""",{},""""""
20260501_18-2026_1_8ac63ef7ba9c3325.pdf,1772,25,applicationPublication,1,0,0,5,"[""202611022613 A""]",RESPIRATORY MASK FOR AIRBORNE DISEASE MONITORING AND HEALTH RISK PREDICTION,{},""""""
20260501_18-2026_2_f2e491897d917e4b.pdf,980,25,applicationPublication,1,0,0,3,"[""202617009779 A""]",METHOD AND SYSTEM FOR MANUFACTURING CONTAINERS BASED ON SPIRAL TUBES,{},""""""
20260501_18-2026_3_0acc4cbdf0abcc5d.pdf,313,25,frontMatter,0,0,0,0,[],"""""",{},""""""
20260508_19-2026_1_260e2af33eb3ed9a.pdf,1638,25,applicationPublication,1,0,0,3,"[""202611028429 A""]",AI-BASED DIAGNOSTIC PLATFORM FOR MONITORING AND TREATING CRYING SYNDROMES,{},""""""
20260508_19-2026_2_b43a180948a38e36.pdf,555,25,applicationPublication,1,0,0,4,"[""202411077816 A""]",A BRIDGE MEMBER OF A VEHICLE,{},""""""
20260508_19-2026_3_d6a1dab826268ba3.pdf,346,25,frontMatter,0,0,0,0,[],"""""",{},""""""
202605151.pdf,2102,25,applicationPublication,1,0,0,3,"[""202611004876 A""]",SustainableAlkali-Activated Construction Material Using Linz-Donawitz Slag,{},""""""
202605152.pdf,1153,25,applicationPublication,1,0,0,7,"[""202411081416 A""]",NOVEL PYRAZOLOPYRIMIDINE DERIVATIVES WITH POTENT ANTICANCER ACTIVITY,{},""""""
202605153.pdf,403,25,frontMatter,0,0,0,0,[],"""""",{},""""""
20260515_20-2026_1_5cd470a15a36c44f.pdf,2102,25,applicationPublication,1,0,0,3,"[""202611004876 A""]",SustainableAlkali-Activated Construction Material Using Linz-Donawitz Slag,{},""""""
20260515_20-2026_2_0a3f6acbadca9382.pdf,1153,25,applicationPublication,1,0,0,7,"[""202411081416 A""]",NOVEL PYRAZOLOPYRIMIDINE DERIVATIVES WITH POTENT ANTICANCER ACTIVITY,{},""""""
20260515_20-2026_3_f6969fd6467281bf.pdf,403,25,frontMatter,0,0,0,0,[],"""""",{},""""""